frame_id,label,session
7,safe_drive,s1
8,safe_drive,s1
9,safe_drive,s1
10,safe_drive,s1
11,safe_drive,s1
12,safe_drive,s1
13,safe_drive,s1
14,safe_drive,s1
15,safe_drive,s1
16,safe_drive,s1
17,safe_drive,s1
18,safe_drive,s1
19,safe_drive,s1
20,safe_drive,s1
21,safe_drive,s1
22,safe_drive,s1
23,safe_drive,s1
24,safe_drive,s1
25,safe_drive,s1
26,safe_drive,s1
27,safe_drive,s1
28,safe_drive,s1
29,safe_drive,s1
30,safe_drive,s1
31,safe_drive,s1
32,safe_drive,s1
33,safe_drive,s1
34,safe_drive,s1
35,safe_drive,s1
36,safe_drive,s1
37,safe_drive,s1
38,safe_drive,s1
39,safe_drive,s1
40,safe_drive,s1
41,safe_drive,s1
42,safe_drive,s1
43,safe_drive,s1
44,safe_drive,s1
45,safe_drive,s1
46,safe_drive,s1
47,safe_drive,s1
48,safe_drive,s1
49,safe_drive,s1
50,safe_drive,s1
51,safe_drive,s1
52,safe_drive,s1
53,safe_drive,s1
54,safe_drive,s1
55,safe_drive,s1
56,safe_drive,s1
57,safe_drive,s1
58,safe_drive,s1
59,safe_drive,s1
60,safe_drive,s1
61,safe_drive,s1
62,safe_drive,s1
63,safe_drive,s1
64,safe_drive,s1
65,safe_drive,s1
66,safe_drive,s1
67,safe_drive,s1
68,safe_drive,s1
69,safe_drive,s1
70,safe_drive,s1
71,safe_drive,s1
72,safe_drive,s1
73,safe_drive,s1
74,safe_drive,s1
75,safe_drive,s1
76,safe_drive,s1
77,safe_drive,s1
78,safe_drive,s1
79,safe_drive,s1
80,safe_drive,s1
81,safe_drive,s1
82,safe_drive,s1
83,safe_drive,s1
84,safe_drive,s1
85,safe_drive,s1
86,safe_drive,s1
87,safe_drive,s1
88,safe_drive,s1
89,safe_drive,s1
90,safe_drive,s1
91,safe_drive,s1
92,safe_drive,s1
93,safe_drive,s1
94,safe_drive,s1
95,safe_drive,s1
96,safe_drive,s1
97,safe_drive,s1
98,safe_drive,s1
99,safe_drive,s1
100,safe_drive,s1
101,safe_drive,s1
102,safe_drive,s1
103,safe_drive,s1
104,safe_drive,s1
105,safe_drive,s1
106,safe_drive,s1
107,safe_drive,s1
108,safe_drive,s1
109,safe_drive,s1
110,safe_drive,s1
111,safe_drive,s1
112,safe_drive,s1
113,safe_drive,s1
114,safe_drive,s1
115,safe_drive,s1
116,safe_drive,s1
117,safe_drive,s1
118,safe_drive,s1
119,safe_drive,s1
120,safe_drive,s1
121,safe_drive,s1
122,safe_drive,s1
123,safe_drive,s1
124,safe_drive,s1
125,safe_drive,s1
126,safe_drive,s1
127,safe_drive,s1
128,safe_drive,s1
129,safe_drive,s1
130,safe_drive,s1
131,safe_drive,s1
132,safe_drive,s1
133,safe_drive,s1
134,safe_drive,s1
135,safe_drive,s1
136,safe_drive,s1
137,safe_drive,s1
138,safe_drive,s1
139,safe_drive,s1
140,safe_drive,s1
141,safe_drive,s1
142,safe_drive,s1
143,safe_drive,s1
144,safe_drive,s1
145,safe_drive,s1
146,safe_drive,s1
147,safe_drive,s1
148,safe_drive,s1
149,safe_drive,s1
150,safe_drive,s1
151,safe_drive,s1
152,safe_drive,s1
153,safe_drive,s1
154,safe_drive,s1
155,safe_drive,s1
156,safe_drive,s1
157,safe_drive,s1
158,safe_drive,s1
159,safe_drive,s1
160,safe_drive,s1
161,safe_drive,s1
162,safe_drive,s1
163,safe_drive,s1
164,safe_drive,s1
165,safe_drive,s1
166,safe_drive,s1
167,safe_drive,s1
168,safe_drive,s1
169,safe_drive,s1
170,safe_drive,s1
171,safe_drive,s1
172,safe_drive,s1
173,safe_drive,s1
174,safe_drive,s1
175,safe_drive,s1
176,safe_drive,s1
177,safe_drive,s1
178,safe_drive,s1
179,safe_drive,s1
180,safe_drive,s1
181,safe_drive,s1
182,safe_drive,s1
183,safe_drive,s1
184,safe_drive,s1
185,safe_drive,s1
186,safe_drive,s1
187,safe_drive,s1
188,safe_drive,s1
189,safe_drive,s1
190,safe_drive,s1
191,safe_drive,s1
192,safe_drive,s1
193,safe_drive,s1
194,safe_drive,s1
195,safe_drive,s1
196,safe_drive,s1
197,safe_drive,s1
198,safe_drive,s1
199,safe_drive,s1
200,safe_drive,s1
201,safe_drive,s1
202,safe_drive,s1
203,safe_drive,s1
204,safe_drive,s1
205,safe_drive,s1
206,safe_drive,s1
207,safe_drive,s1
208,safe_drive,s1
209,safe_drive,s1
210,safe_drive,s1
211,safe_drive,s1
212,safe_drive,s1
213,safe_drive,s1
214,safe_drive,s1
215,safe_drive,s1
216,safe_drive,s1
217,safe_drive,s1
218,safe_drive,s1
219,safe_drive,s1
220,safe_drive,s1
221,safe_drive,s1
222,safe_drive,s1
223,safe_drive,s1
224,safe_drive,s1
225,safe_drive,s1
226,safe_drive,s1
227,safe_drive,s1
228,safe_drive,s1
229,safe_drive,s1
230,safe_drive,s1
231,safe_drive,s1
232,safe_drive,s1
233,safe_drive,s1
234,safe_drive,s1
235,safe_drive,s1
236,safe_drive,s1
237,safe_drive,s1
238,safe_drive,s1
239,safe_drive,s1
240,safe_drive,s1
241,safe_drive,s1
242,safe_drive,s1
243,safe_drive,s1
244,safe_drive,s1
245,safe_drive,s1
246,safe_drive,s1
247,safe_drive,s1
248,safe_drive,s1
249,safe_drive,s1
250,safe_drive,s1
251,safe_drive,s1
252,safe_drive,s1
253,safe_drive,s1
254,safe_drive,s1
255,safe_drive,s1
256,safe_drive,s1
257,safe_drive,s1
258,safe_drive,s1
259,safe_drive,s1
260,safe_drive,s1
261,safe_drive,s1
262,safe_drive,s1
263,safe_drive,s1
264,safe_drive,s1
265,safe_drive,s1
266,safe_drive,s1
267,safe_drive,s1
268,safe_drive,s1
269,safe_drive,s1
270,safe_drive,s1
271,safe_drive,s1
272,safe_drive,s1
273,safe_drive,s1
274,safe_drive,s1
275,safe_drive,s1
276,safe_drive,s1
277,safe_drive,s1
278,safe_drive,s1
279,safe_drive,s1
280,safe_drive,s1
281,safe_drive,s1
282,safe_drive,s1
283,safe_drive,s1
284,safe_drive,s1
285,safe_drive,s1
286,safe_drive,s1
287,safe_drive,s1
288,safe_drive,s1
289,safe_drive,s1
290,safe_drive,s1
291,safe_drive,s1
292,safe_drive,s1
293,safe_drive,s1
294,safe_drive,s1
295,safe_drive,s1
296,safe_drive,s1
297,safe_drive,s1
298,safe_drive,s1
299,safe_drive,s1
300,safe_drive,s1
301,safe_drive,s1
302,safe_drive,s1
303,safe_drive,s1
304,safe_drive,s1
305,safe_drive,s1
306,safe_drive,s1
307,safe_drive,s1
308,safe_drive,s1
309,safe_drive,s1
310,safe_drive,s1
311,safe_drive,s1
312,safe_drive,s1
313,safe_drive,s1
314,safe_drive,s1
315,safe_drive,s1
316,safe_drive,s1
317,safe_drive,s1
318,safe_drive,s1
319,safe_drive,s1
320,safe_drive,s1
321,safe_drive,s1
322,safe_drive,s1
323,safe_drive,s1
324,safe_drive,s1
325,safe_drive,s1
326,safe_drive,s1
327,safe_drive,s1
328,safe_drive,s1
329,safe_drive,s1
330,safe_drive,s1
331,safe_drive,s1
332,safe_drive,s1
333,safe_drive,s1
334,safe_drive,s1
335,safe_drive,s1
336,safe_drive,s1
337,safe_drive,s1
338,safe_drive,s1
339,safe_drive,s1
340,safe_drive,s1
341,safe_drive,s1
342,safe_drive,s1
343,safe_drive,s1
344,safe_drive,s1
345,safe_drive,s1
346,safe_drive,s1
347,safe_drive,s1
348,safe_drive,s1
349,safe_drive,s1
350,safe_drive,s1
351,safe_drive,s1
352,safe_drive,s1
353,safe_drive,s1
354,safe_drive,s1
355,safe_drive,s1
356,safe_drive,s1
357,safe_drive,s1
358,safe_drive,s1
359,safe_drive,s1
360,safe_drive,s1
361,safe_drive,s1
362,safe_drive,s1
363,safe_drive,s1
364,safe_drive,s1
365,safe_drive,s1
366,safe_drive,s1
367,safe_drive,s1
368,safe_drive,s1
369,safe_drive,s1
370,safe_drive,s1
371,safe_drive,s1
372,safe_drive,s1
373,safe_drive,s1
374,safe_drive,s1
375,safe_drive,s1
376,safe_drive,s1
377,safe_drive,s1
378,safe_drive,s1
379,safe_drive,s1
380,safe_drive,s1
381,safe_drive,s1
382,safe_drive,s1
383,safe_drive,s1
384,safe_drive,s1
385,safe_drive,s1
386,safe_drive,s1
387,safe_drive,s1
388,safe_drive,s1
389,safe_drive,s1
390,safe_drive,s1
391,safe_drive,s1
392,safe_drive,s1
393,safe_drive,s1
394,safe_drive,s1
395,safe_drive,s1
396,safe_drive,s1
397,safe_drive,s1
398,safe_drive,s1
399,safe_drive,s1
400,safe_drive,s1
401,safe_drive,s1
402,safe_drive,s1
403,safe_drive,s1
404,safe_drive,s1
405,safe_drive,s1
406,safe_drive,s1
407,safe_drive,s1
408,safe_drive,s1
409,safe_drive,s1
410,safe_drive,s1
411,safe_drive,s1
412,safe_drive,s1
413,safe_drive,s1
414,safe_drive,s1
415,safe_drive,s1
416,safe_drive,s1
417,safe_drive,s1
418,safe_drive,s1
419,safe_drive,s1
420,safe_drive,s1
421,safe_drive,s1
422,safe_drive,s1
423,safe_drive,s1
424,safe_drive,s1
425,safe_drive,s1
426,safe_drive,s1
427,safe_drive,s1
428,safe_drive,s1
429,safe_drive,s1
430,safe_drive,s1
431,safe_drive,s1
432,safe_drive,s1
433,safe_drive,s1
434,safe_drive,s1
435,safe_drive,s1
436,safe_drive,s1
437,safe_drive,s1
438,safe_drive,s1
439,safe_drive,s1
440,safe_drive,s1
441,safe_drive,s1
442,safe_drive,s1
443,safe_drive,s1
444,safe_drive,s1
445,safe_drive,s1
446,safe_drive,s1
447,safe_drive,s1
448,safe_drive,s1
449,safe_drive,s1
450,safe_drive,s1
451,safe_drive,s1
452,safe_drive,s1
453,safe_drive,s1
454,safe_drive,s1
455,safe_drive,s1
456,safe_drive,s1
457,safe_drive,s1
458,safe_drive,s1
459,safe_drive,s1
460,safe_drive,s1
461,safe_drive,s1
462,safe_drive,s1
463,safe_drive,s1
464,safe_drive,s1
465,safe_drive,s1
466,safe_drive,s1
467,safe_drive,s1
468,safe_drive,s1
469,safe_drive,s1
470,safe_drive,s1
471,safe_drive,s1
472,safe_drive,s1
473,safe_drive,s1
474,safe_drive,s1
475,safe_drive,s1
476,safe_drive,s1
477,safe_drive,s1
478,safe_drive,s1
479,safe_drive,s1
480,safe_drive,s1
481,safe_drive,s1
482,safe_drive,s1
483,safe_drive,s1
484,safe_drive,s1
485,safe_drive,s1
486,safe_drive,s1
487,safe_drive,s1
488,safe_drive,s1
489,safe_drive,s1
490,safe_drive,s1
491,safe_drive,s1
492,safe_drive,s1
493,safe_drive,s1
494,safe_drive,s1
495,safe_drive,s1
496,safe_drive,s1
497,safe_drive,s1
498,safe_drive,s1
499,safe_drive,s1
500,safe_drive,s1
501,safe_drive,s1
502,safe_drive,s1
503,safe_drive,s1
504,safe_drive,s1
505,safe_drive,s1
506,safe_drive,s1
507,safe_drive,s1
508,safe_drive,s1
509,safe_drive,s1
510,safe_drive,s1
511,safe_drive,s1
512,safe_drive,s1
513,safe_drive,s1
514,safe_drive,s1
515,safe_drive,s1
516,safe_drive,s1
517,safe_drive,s1
518,safe_drive,s1
519,safe_drive,s1
520,safe_drive,s1
521,safe_drive,s1
522,safe_drive,s1
523,safe_drive,s1
524,safe_drive,s1
525,safe_drive,s1
526,safe_drive,s1
527,safe_drive,s1
528,safe_drive,s1
529,safe_drive,s1
530,safe_drive,s1
531,safe_drive,s1
532,safe_drive,s1
533,safe_drive,s1
534,safe_drive,s1
535,safe_drive,s1
536,safe_drive,s1
537,safe_drive,s1
538,safe_drive,s1
539,safe_drive,s1
540,safe_drive,s1
541,safe_drive,s1
542,safe_drive,s1
940,safe_drive,s1
941,safe_drive,s1
942,safe_drive,s1
943,safe_drive,s1
944,safe_drive,s1
945,safe_drive,s1
946,safe_drive,s1
947,safe_drive,s1
948,safe_drive,s1
949,safe_drive,s1
950,safe_drive,s1
951,safe_drive,s1
952,safe_drive,s1
953,safe_drive,s1
954,safe_drive,s1
955,safe_drive,s1
956,safe_drive,s1
957,safe_drive,s1
958,safe_drive,s1
959,safe_drive,s1
960,safe_drive,s1
961,safe_drive,s1
962,safe_drive,s1
963,safe_drive,s1
964,safe_drive,s1
965,safe_drive,s1
966,safe_drive,s1
967,safe_drive,s1
968,safe_drive,s1
969,safe_drive,s1
970,safe_drive,s1
971,safe_drive,s1
972,safe_drive,s1
973,safe_drive,s1
974,safe_drive,s1
975,safe_drive,s1
976,safe_drive,s1
977,safe_drive,s1
978,safe_drive,s1
979,safe_drive,s1
980,safe_drive,s1
981,safe_drive,s1
982,safe_drive,s1
983,safe_drive,s1
984,safe_drive,s1
985,safe_drive,s1
986,safe_drive,s1
987,safe_drive,s1
988,safe_drive,s1
989,safe_drive,s1
990,safe_drive,s1
991,safe_drive,s1
992,safe_drive,s1
993,safe_drive,s1
994,safe_drive,s1
995,safe_drive,s1
996,safe_drive,s1
997,safe_drive,s1
998,safe_drive,s1
999,safe_drive,s1
1000,safe_drive,s1
1001,safe_drive,s1
1002,safe_drive,s1
1003,safe_drive,s1
1004,safe_drive,s1
1005,safe_drive,s1
1006,safe_drive,s1
1007,safe_drive,s1
1008,safe_drive,s1
1009,safe_drive,s1
1010,safe_drive,s1
1011,safe_drive,s1
1012,safe_drive,s1
1013,safe_drive,s1
1014,safe_drive,s1
1015,safe_drive,s1
1016,safe_drive,s1
1017,safe_drive,s1
1018,safe_drive,s1
1019,safe_drive,s1
1020,safe_drive,s1
1021,safe_drive,s1
1022,safe_drive,s1
1023,safe_drive,s1
1024,safe_drive,s1
1025,safe_drive,s1
1026,safe_drive,s1
1027,safe_drive,s1
1028,safe_drive,s1
1029,safe_drive,s1
1030,safe_drive,s1
1031,safe_drive,s1
1032,safe_drive,s1
1033,safe_drive,s1
1034,safe_drive,s1
1035,safe_drive,s1
1036,safe_drive,s1
1037,safe_drive,s1
1038,safe_drive,s1
1039,safe_drive,s1
1040,safe_drive,s1
1041,safe_drive,s1
1042,safe_drive,s1
1043,safe_drive,s1
1044,safe_drive,s1
1045,safe_drive,s1
1046,safe_drive,s1
1047,safe_drive,s1
1048,safe_drive,s1
1049,safe_drive,s1
1050,safe_drive,s1
1051,safe_drive,s1
1052,safe_drive,s1
1053,safe_drive,s1
1054,safe_drive,s1
1055,safe_drive,s1
1056,safe_drive,s1
1057,safe_drive,s1
1058,safe_drive,s1
1059,safe_drive,s1
1060,safe_drive,s1
1061,safe_drive,s1
1062,safe_drive,s1
1063,safe_drive,s1
1064,safe_drive,s1
1065,safe_drive,s1
1066,safe_drive,s1
1067,safe_drive,s1
1068,safe_drive,s1
1069,safe_drive,s1
1070,safe_drive,s1
1071,safe_drive,s1
1072,safe_drive,s1
1073,safe_drive,s1
1074,safe_drive,s1
1075,safe_drive,s1
1076,safe_drive,s1
1077,safe_drive,s1
1078,safe_drive,s1
1079,safe_drive,s1
1080,safe_drive,s1
1081,safe_drive,s1
1082,safe_drive,s1
1083,safe_drive,s1
1084,safe_drive,s1
1085,safe_drive,s1
1086,safe_drive,s1
1087,safe_drive,s1
1088,safe_drive,s1
1089,safe_drive,s1
1090,safe_drive,s1
1091,safe_drive,s1
1092,safe_drive,s1
1093,safe_drive,s1
1094,safe_drive,s1
1095,safe_drive,s1
1096,safe_drive,s1
1097,safe_drive,s1
1098,safe_drive,s1
1099,safe_drive,s1
1100,safe_drive,s1
1101,safe_drive,s1
1102,safe_drive,s1
1103,safe_drive,s1
1104,safe_drive,s1
1105,safe_drive,s1
1106,safe_drive,s1
1107,safe_drive,s1
1108,safe_drive,s1
1109,safe_drive,s1
1110,safe_drive,s1
1111,safe_drive,s1
1112,safe_drive,s1
1113,safe_drive,s1
1114,safe_drive,s1
1115,safe_drive,s1
1116,safe_drive,s1
1117,safe_drive,s1
1118,safe_drive,s1
1119,safe_drive,s1
1120,safe_drive,s1
1121,safe_drive,s1
1122,safe_drive,s1
1123,safe_drive,s1
1124,safe_drive,s1
1125,safe_drive,s1
1126,safe_drive,s1
1127,safe_drive,s1
1128,safe_drive,s1
1129,safe_drive,s1
1130,safe_drive,s1
1131,safe_drive,s1
1132,safe_drive,s1
1133,safe_drive,s1
1134,safe_drive,s1
1135,safe_drive,s1
1136,safe_drive,s1
1137,safe_drive,s1
1138,safe_drive,s1
1139,safe_drive,s1
1140,safe_drive,s1
1141,safe_drive,s1
1142,safe_drive,s1
1143,safe_drive,s1
1144,safe_drive,s1
1145,safe_drive,s1
1146,safe_drive,s1
1147,safe_drive,s1
1148,safe_drive,s1
1149,safe_drive,s1
1150,safe_drive,s1
1151,safe_drive,s1
1152,safe_drive,s1
1153,safe_drive,s1
1154,safe_drive,s1
1155,safe_drive,s1
1156,safe_drive,s1
1157,safe_drive,s1
1158,safe_drive,s1
1159,safe_drive,s1
1160,safe_drive,s1
1161,safe_drive,s1
1162,safe_drive,s1
1163,safe_drive,s1
1164,safe_drive,s1
1165,safe_drive,s1
1166,safe_drive,s1
1167,safe_drive,s1
1168,safe_drive,s1
1169,safe_drive,s1
1170,safe_drive,s1
1171,safe_drive,s1
1172,safe_drive,s1
1173,safe_drive,s1
1174,safe_drive,s1
1175,safe_drive,s1
1176,safe_drive,s1
1177,safe_drive,s1
1178,safe_drive,s1
1179,safe_drive,s1
1180,safe_drive,s1
1181,safe_drive,s1
1182,safe_drive,s1
1183,safe_drive,s1
1184,safe_drive,s1
1185,safe_drive,s1
1186,safe_drive,s1
1187,safe_drive,s1
1188,safe_drive,s1
1189,safe_drive,s1
1190,safe_drive,s1
1191,safe_drive,s1
1192,safe_drive,s1
1193,safe_drive,s1
1194,safe_drive,s1
1195,safe_drive,s1
1196,safe_drive,s1
1197,safe_drive,s1
1198,safe_drive,s1
1199,safe_drive,s1
1200,safe_drive,s1
1201,safe_drive,s1
1202,safe_drive,s1
1203,safe_drive,s1
1204,safe_drive,s1
1205,safe_drive,s1
1206,safe_drive,s1
1207,safe_drive,s1
1208,safe_drive,s1
1209,safe_drive,s1
1210,safe_drive,s1
1211,safe_drive,s1
1212,safe_drive,s1
1213,safe_drive,s1
1214,safe_drive,s1
1215,safe_drive,s1
1216,safe_drive,s1
1217,safe_drive,s1
1218,safe_drive,s1
1219,safe_drive,s1
1220,safe_drive,s1
1221,safe_drive,s1
1222,safe_drive,s1
1223,safe_drive,s1
1224,safe_drive,s1
1225,safe_drive,s1
1226,safe_drive,s1
1227,safe_drive,s1
1228,safe_drive,s1
1229,safe_drive,s1
1230,safe_drive,s1
1231,safe_drive,s1
1232,safe_drive,s1
1233,safe_drive,s1
1234,safe_drive,s1
1235,safe_drive,s1
1236,safe_drive,s1
1237,safe_drive,s1
1238,safe_drive,s1
1239,safe_drive,s1
1240,safe_drive,s1
1241,safe_drive,s1
1242,safe_drive,s1
1243,safe_drive,s1
1244,safe_drive,s1
1245,safe_drive,s1
1246,safe_drive,s1
1247,safe_drive,s1
1248,safe_drive,s1
1249,safe_drive,s1
1250,safe_drive,s1
1251,safe_drive,s1
1252,safe_drive,s1
1253,safe_drive,s1
1254,safe_drive,s1
1255,safe_drive,s1
1256,safe_drive,s1
1257,safe_drive,s1
1258,safe_drive,s1
1259,safe_drive,s1
1260,safe_drive,s1
1261,safe_drive,s1
1262,safe_drive,s1
1263,safe_drive,s1
1264,safe_drive,s1
1265,safe_drive,s1
1266,safe_drive,s1
1267,safe_drive,s1
1268,safe_drive,s1
1269,safe_drive,s1
1270,safe_drive,s1
1271,safe_drive,s1
1272,safe_drive,s1
1273,safe_drive,s1
1274,safe_drive,s1
1275,safe_drive,s1
1276,safe_drive,s1
1277,safe_drive,s1
1278,safe_drive,s1
1279,safe_drive,s1
1280,safe_drive,s1
1281,safe_drive,s1
1282,safe_drive,s1
1283,safe_drive,s1
1284,safe_drive,s1
1285,safe_drive,s1
1286,safe_drive,s1
1287,safe_drive,s1
1288,safe_drive,s1
1289,safe_drive,s1
1290,safe_drive,s1
1291,safe_drive,s1
1292,safe_drive,s1
1293,safe_drive,s1
1294,reach_side,s1
1295,reach_side,s1
1296,reach_side,s1
1297,reach_side,s1
1298,reach_side,s1
1299,reach_side,s1
1300,reach_side,s1
1301,reach_side,s1
1302,reach_side,s1
1303,reach_side,s1
1304,reach_side,s1
1305,reach_side,s1
1306,reach_side,s1
1307,reach_side,s1
1308,reach_side,s1
1309,reach_side,s1
1310,reach_side,s1
1311,reach_side,s1
1312,reach_side,s1
1313,reach_side,s1
1314,reach_side,s1
1315,reach_side,s1
1316,reach_side,s1
1317,reach_side,s1
1318,reach_side,s1
1319,reach_side,s1
1320,reach_side,s1
1321,reach_side,s1
1322,reach_side,s1
1323,reach_side,s1
1324,reach_side,s1
1325,reach_side,s1
1326,reach_side,s1
1327,reach_side,s1
1328,reach_side,s1
1329,reach_side,s1
1330,reach_side,s1
1331,reach_side,s1
1332,reach_side,s1
1333,reach_side,s1
1334,reach_side,s1
1335,reach_side,s1
1336,reach_side,s1
1337,reach_side,s1
1338,reach_side,s1
1339,reach_side,s1
1340,reach_side,s1
1341,reach_side,s1
1342,reach_side,s1
1343,reach_side,s1
1344,reach_side,s1
1448,drinking,s1
1449,drinking,s1
1450,drinking,s1
1451,drinking,s1
1452,drinking,s1
1453,drinking,s1
1454,drinking,s1
1455,drinking,s1
1456,drinking,s1
1457,drinking,s1
1458,drinking,s1
1459,drinking,s1
1460,drinking,s1
1461,drinking,s1
1462,drinking,s1
1463,drinking,s1
1464,drinking,s1
1465,drinking,s1
1466,drinking,s1
1467,drinking,s1
1468,drinking,s1
1469,drinking,s1
1470,drinking,s1
1471,drinking,s1
1472,drinking,s1
1473,drinking,s1
1474,drinking,s1
1475,drinking,s1
1476,drinking,s1
1477,drinking,s1
1478,drinking,s1
1479,drinking,s1
1480,drinking,s1
1481,drinking,s1
1482,drinking,s1
1483,drinking,s1
1484,drinking,s1
1485,drinking,s1
1486,drinking,s1
1487,drinking,s1
1488,drinking,s1
1489,drinking,s1
1490,drinking,s1
1491,drinking,s1
1492,drinking,s1
1493,drinking,s1
1494,drinking,s1
1495,drinking,s1
1496,drinking,s1
1497,drinking,s1
1498,drinking,s1
1499,drinking,s1
1500,drinking,s1
1501,drinking,s1
1502,drinking,s1
1503,drinking,s1
1504,drinking,s1
1505,drinking,s1
1506,drinking,s1
1507,drinking,s1
1508,drinking,s1
1509,drinking,s1
1510,drinking,s1
1511,drinking,s1
1512,drinking,s1
1513,drinking,s1
1514,drinking,s1
1515,drinking,s1
1516,drinking,s1
1517,drinking,s1
1518,drinking,s1
1519,drinking,s1
1520,drinking,s1
1521,drinking,s1
1522,drinking,s1
1523,drinking,s1
1524,drinking,s1
1525,drinking,s1
1526,drinking,s1
1527,drinking,s1
1528,drinking,s1
1529,drinking,s1
1530,drinking,s1
1531,drinking,s1
1532,drinking,s1
1533,drinking,s1
1534,drinking,s1
1535,drinking,s1
1536,drinking,s1
1537,drinking,s1
1538,drinking,s1
1539,drinking,s1
1540,drinking,s1
1541,drinking,s1
1542,drinking,s1
1543,drinking,s1
1544,drinking,s1
1545,drinking,s1
1546,drinking,s1
1547,drinking,s1
1548,drinking,s1
1549,drinking,s1
1550,drinking,s1
1551,drinking,s1
1552,drinking,s1
1553,drinking,s1
1554,drinking,s1
1555,drinking,s1
1556,drinking,s1
1557,drinking,s1
1558,drinking,s1
1559,drinking,s1
1560,drinking,s1
1561,drinking,s1
1562,drinking,s1
1563,drinking,s1
1564,drinking,s1
1565,drinking,s1
1566,drinking,s1
1567,drinking,s1
1568,drinking,s1
1569,drinking,s1
1570,drinking,s1
1571,drinking,s1
1572,drinking,s1
1573,drinking,s1
1574,drinking,s1
1575,drinking,s1
1576,drinking,s1
1577,drinking,s1
1578,drinking,s1
1579,drinking,s1
1580,drinking,s1
1581,drinking,s1
1582,drinking,s1
1583,drinking,s1
1584,drinking,s1
1585,drinking,s1
1586,drinking,s1
1587,drinking,s1
1588,drinking,s1
1589,drinking,s1
1590,drinking,s1
1591,drinking,s1
1592,drinking,s1
1593,drinking,s1
1594,drinking,s1
1595,drinking,s1
1596,drinking,s1
1597,drinking,s1
1598,drinking,s1
1599,drinking,s1
1600,drinking,s1
1601,drinking,s1
1602,drinking,s1
1603,drinking,s1
1604,drinking,s1
1605,drinking,s1
1606,drinking,s1
1607,drinking,s1
1608,drinking,s1
1609,drinking,s1
1610,drinking,s1
1611,drinking,s1
1612,drinking,s1
1613,drinking,s1
1614,drinking,s1
1615,drinking,s1
1616,drinking,s1
1617,drinking,s1
1618,drinking,s1
1619,drinking,s1
1620,drinking,s1
1621,drinking,s1
1622,drinking,s1
1623,drinking,s1
1624,drinking,s1
1625,drinking,s1
1626,drinking,s1
1627,drinking,s1
1628,drinking,s1
1629,drinking,s1
1630,drinking,s1
1631,drinking,s1
1632,drinking,s1
1633,drinking,s1
1634,drinking,s1
1635,drinking,s1
1636,drinking,s1
1637,drinking,s1
1638,drinking,s1
1639,drinking,s1
1640,drinking,s1
1641,drinking,s1
1642,drinking,s1
1643,drinking,s1
1644,drinking,s1
1645,drinking,s1
1646,drinking,s1
1647,drinking,s1
1648,drinking,s1
1649,drinking,s1
1650,reach_side,s1
1651,reach_side,s1
1652,reach_side,s1
1653,reach_side,s1
1654,reach_side,s1
1655,reach_side,s1
1656,reach_side,s1
1657,reach_side,s1
1658,reach_side,s1
1659,reach_side,s1
1660,reach_side,s1
1661,reach_side,s1
1662,reach_side,s1
1663,reach_side,s1
1664,reach_side,s1
1665,reach_side,s1
1666,reach_side,s1
1667,reach_side,s1
1668,reach_side,s1
1669,reach_side,s1
1670,reach_side,s1
1671,reach_side,s1
1672,reach_side,s1
1673,reach_side,s1
1674,reach_side,s1
1675,reach_side,s1
1676,reach_side,s1
1677,reach_side,s1
1678,reach_side,s1
1679,reach_side,s1
1680,reach_side,s1
1681,reach_side,s1
1682,reach_side,s1
1683,reach_side,s1
1684,reach_side,s1
1685,reach_side,s1
1686,reach_side,s1
1687,reach_side,s1
1688,reach_side,s1
1689,reach_side,s1
1690,reach_side,s1
1691,reach_side,s1
1692,reach_side,s1
1693,reach_side,s1
1694,reach_side,s1
1695,reach_side,s1
1696,reach_side,s1
1697,reach_side,s1
1698,reach_side,s1
1699,reach_side,s1
1700,reach_side,s1
1701,reach_side,s1
1702,reach_side,s1
1703,reach_side,s1
1704,reach_side,s1
1705,reach_side,s1
1706,reach_side,s1
1707,reach_side,s1
1708,reach_side,s1
1709,reach_side,s1
1710,reach_side,s1
1711,reach_side,s1
1712,safe_drive,s1
1713,safe_drive,s1
1714,safe_drive,s1
1715,safe_drive,s1
1716,safe_drive,s1
1717,safe_drive,s1
1718,safe_drive,s1
1719,safe_drive,s1
1720,safe_drive,s1
1721,safe_drive,s1
1722,safe_drive,s1
1723,safe_drive,s1
1724,safe_drive,s1
1725,safe_drive,s1
1726,safe_drive,s1
1727,safe_drive,s1
1728,safe_drive,s1
1729,safe_drive,s1
1730,safe_drive,s1
1731,safe_drive,s1
1732,safe_drive,s1
1733,safe_drive,s1
1734,safe_drive,s1
1735,safe_drive,s1
1736,safe_drive,s1
1737,safe_drive,s1
1738,safe_drive,s1
1739,safe_drive,s1
1740,safe_drive,s1
1741,safe_drive,s1
1742,safe_drive,s1
1743,safe_drive,s1
1744,safe_drive,s1
1745,safe_drive,s1
1746,safe_drive,s1
1747,safe_drive,s1
1748,safe_drive,s1
1749,safe_drive,s1
1750,safe_drive,s1
1751,safe_drive,s1
1752,safe_drive,s1
1753,safe_drive,s1
1754,safe_drive,s1
1755,safe_drive,s1
1756,safe_drive,s1
1757,safe_drive,s1
1758,safe_drive,s1
1759,safe_drive,s1
1760,safe_drive,s1
1761,safe_drive,s1
1762,safe_drive,s1
1763,safe_drive,s1
1764,safe_drive,s1
1765,safe_drive,s1
1766,safe_drive,s1
1767,safe_drive,s1
1768,safe_drive,s1
1769,safe_drive,s1
1770,safe_drive,s1
1771,safe_drive,s1
1772,safe_drive,s1
1773,safe_drive,s1
1774,safe_drive,s1
1775,safe_drive,s1
1776,safe_drive,s1
1777,safe_drive,s1
1778,safe_drive,s1
1779,safe_drive,s1
1780,safe_drive,s1
1781,safe_drive,s1
1782,safe_drive,s1
1783,safe_drive,s1
1784,safe_drive,s1
1785,safe_drive,s1
1786,safe_drive,s1
1787,safe_drive,s1
1788,safe_drive,s1
1789,safe_drive,s1
1790,safe_drive,s1
1791,safe_drive,s1
1792,safe_drive,s1
1793,safe_drive,s1
1794,safe_drive,s1
1795,safe_drive,s1
1796,safe_drive,s1
1797,safe_drive,s1
1798,safe_drive,s1
1799,safe_drive,s1
1800,safe_drive,s1
1801,safe_drive,s1
1802,safe_drive,s1
1803,safe_drive,s1
1804,safe_drive,s1
1805,safe_drive,s1
1806,safe_drive,s1
1807,safe_drive,s1
1808,safe_drive,s1
1809,safe_drive,s1
1810,safe_drive,s1
1811,safe_drive,s1
1812,safe_drive,s1
1813,safe_drive,s1
1814,safe_drive,s1
1815,safe_drive,s1
1816,safe_drive,s1
1817,safe_drive,s1
1818,safe_drive,s1
1819,safe_drive,s1
1820,safe_drive,s1
1821,safe_drive,s1
1822,safe_drive,s1
1823,safe_drive,s1
1824,safe_drive,s1
1825,safe_drive,s1
1826,safe_drive,s1
1827,safe_drive,s1
1828,safe_drive,s1
1829,safe_drive,s1
1830,safe_drive,s1
1831,safe_drive,s1
1832,safe_drive,s1
1833,safe_drive,s1
1834,safe_drive,s1
1835,safe_drive,s1
1836,safe_drive,s1
1837,safe_drive,s1
1838,safe_drive,s1
1839,safe_drive,s1
1840,safe_drive,s1
1841,safe_drive,s1
1842,safe_drive,s1
1843,safe_drive,s1
1844,safe_drive,s1
1845,safe_drive,s1
1846,safe_drive,s1
1847,safe_drive,s1
1848,safe_drive,s1
1849,safe_drive,s1
1850,safe_drive,s1
1851,safe_drive,s1
1852,safe_drive,s1
1853,safe_drive,s1
1854,safe_drive,s1
1855,safe_drive,s1
1856,safe_drive,s1
1857,safe_drive,s1
1858,safe_drive,s1
1859,safe_drive,s1
1860,safe_drive,s1
1861,safe_drive,s1
1862,safe_drive,s1
1863,safe_drive,s1
1864,safe_drive,s1
1865,safe_drive,s1
1866,safe_drive,s1
1867,safe_drive,s1
1868,safe_drive,s1
1869,safe_drive,s1
1870,safe_drive,s1
1871,safe_drive,s1
1872,safe_drive,s1
1873,safe_drive,s1
1874,safe_drive,s1
1875,safe_drive,s1
1876,safe_drive,s1
1877,safe_drive,s1
1878,safe_drive,s1
1879,safe_drive,s1
1880,safe_drive,s1
1881,safe_drive,s1
1882,safe_drive,s1
1883,safe_drive,s1
1884,safe_drive,s1
1885,safe_drive,s1
1886,safe_drive,s1
1887,safe_drive,s1
1888,safe_drive,s1
1889,safe_drive,s1
1890,safe_drive,s1
1891,safe_drive,s1
1892,safe_drive,s1
1893,safe_drive,s1
1894,safe_drive,s1
1895,safe_drive,s1
1896,safe_drive,s1
1897,safe_drive,s1
1898,safe_drive,s1
1899,safe_drive,s1
1900,safe_drive,s1
1901,safe_drive,s1
1902,safe_drive,s1
1903,safe_drive,s1
1904,safe_drive,s1
1905,safe_drive,s1
1906,safe_drive,s1
1907,safe_drive,s1
1908,safe_drive,s1
1909,safe_drive,s1
1910,safe_drive,s1
1911,safe_drive,s1
1912,safe_drive,s1
1913,safe_drive,s1
1914,safe_drive,s1
1915,safe_drive,s1
1916,safe_drive,s1
1917,safe_drive,s1
1918,safe_drive,s1
1919,safe_drive,s1
1920,safe_drive,s1
1921,safe_drive,s1
1922,safe_drive,s1
1923,safe_drive,s1
1924,safe_drive,s1
1925,safe_drive,s1
1926,safe_drive,s1
1927,safe_drive,s1
1928,safe_drive,s1
1929,safe_drive,s1
1930,safe_drive,s1
1931,safe_drive,s1
1932,safe_drive,s1
1933,safe_drive,s1
1934,safe_drive,s1
1935,safe_drive,s1
1936,safe_drive,s1
1937,safe_drive,s1
1938,safe_drive,s1
1939,safe_drive,s1
1940,safe_drive,s1
1941,safe_drive,s1
1942,safe_drive,s1
1943,safe_drive,s1
1944,safe_drive,s1
1945,safe_drive,s1
1946,safe_drive,s1
1947,safe_drive,s1
1948,safe_drive,s1
1949,safe_drive,s1
1950,safe_drive,s1
1951,safe_drive,s1
1952,safe_drive,s1
1953,safe_drive,s1
1954,safe_drive,s1
1955,safe_drive,s1
1956,safe_drive,s1
1957,safe_drive,s1
1958,safe_drive,s1
1959,safe_drive,s1
1960,safe_drive,s1
1961,safe_drive,s1
1962,safe_drive,s1
1963,safe_drive,s1
1964,safe_drive,s1
1965,safe_drive,s1
1966,safe_drive,s1
1967,safe_drive,s1
1968,safe_drive,s1
1969,safe_drive,s1
1970,safe_drive,s1
1971,safe_drive,s1
1972,safe_drive,s1
1973,safe_drive,s1
1974,safe_drive,s1
1975,safe_drive,s1
1976,safe_drive,s1
1977,safe_drive,s1
1978,safe_drive,s1
1979,safe_drive,s1
1980,safe_drive,s1
1981,safe_drive,s1
1982,safe_drive,s1
1983,safe_drive,s1
1984,safe_drive,s1
1985,safe_drive,s1
1986,safe_drive,s1
1987,safe_drive,s1
1988,safe_drive,s1
1989,safe_drive,s1
1990,safe_drive,s1
1991,safe_drive,s1
1992,safe_drive,s1
1993,safe_drive,s1
1994,safe_drive,s1
1995,safe_drive,s1
1996,safe_drive,s1
1997,safe_drive,s1
1998,safe_drive,s1
1999,safe_drive,s1
2000,safe_drive,s1
2001,safe_drive,s1
2002,safe_drive,s1
2003,safe_drive,s1
2004,safe_drive,s1
2005,safe_drive,s1
2006,safe_drive,s1
2007,safe_drive,s1
2008,safe_drive,s1
2009,safe_drive,s1
2010,safe_drive,s1
2011,safe_drive,s1
2012,safe_drive,s1
2013,safe_drive,s1
2014,safe_drive,s1
2015,safe_drive,s1
2016,safe_drive,s1
2017,safe_drive,s1
2018,safe_drive,s1
2019,safe_drive,s1
2020,safe_drive,s1
2021,safe_drive,s1
2022,safe_drive,s1
2023,safe_drive,s1
2024,safe_drive,s1
2025,safe_drive,s1
2026,safe_drive,s1
2027,safe_drive,s1
2028,safe_drive,s1
2029,safe_drive,s1
2030,safe_drive,s1
2031,safe_drive,s1
2032,safe_drive,s1
2033,safe_drive,s1
2034,safe_drive,s1
2035,safe_drive,s1
2036,safe_drive,s1
2037,safe_drive,s1
2038,safe_drive,s1
2039,safe_drive,s1
2040,safe_drive,s1
2041,safe_drive,s1
2042,safe_drive,s1
2043,safe_drive,s1
2044,safe_drive,s1
2045,safe_drive,s1
2046,safe_drive,s1
2047,safe_drive,s1
2048,safe_drive,s1
2049,safe_drive,s1
2050,safe_drive,s1
2051,safe_drive,s1
2072,safe_drive,s1
2073,safe_drive,s1
2074,safe_drive,s1
2075,safe_drive,s1
2076,safe_drive,s1
2077,safe_drive,s1
2078,safe_drive,s1
2079,safe_drive,s1
2080,safe_drive,s1
2081,safe_drive,s1
2082,safe_drive,s1
2083,safe_drive,s1
2084,safe_drive,s1
2085,safe_drive,s1
2086,safe_drive,s1
2087,safe_drive,s1
2088,safe_drive,s1
2089,safe_drive,s1
2090,safe_drive,s1
2091,safe_drive,s1
2092,safe_drive,s1
2113,safe_drive,s1
2114,safe_drive,s1
2115,safe_drive,s1
2116,safe_drive,s1
2117,safe_drive,s1
2118,safe_drive,s1
2119,safe_drive,s1
2120,safe_drive,s1
2121,safe_drive,s1
2122,safe_drive,s1
2142,safe_drive,s1
2143,safe_drive,s1
2144,safe_drive,s1
2145,safe_drive,s1
2146,safe_drive,s1
2147,safe_drive,s1
2148,safe_drive,s1
2149,safe_drive,s1
2150,safe_drive,s1
2151,safe_drive,s1
2152,safe_drive,s1
2153,safe_drive,s1
2154,safe_drive,s1
2155,safe_drive,s1
2156,safe_drive,s1
2157,safe_drive,s1
2158,safe_drive,s1
2159,safe_drive,s1
2160,safe_drive,s1
2161,safe_drive,s1
2162,safe_drive,s1
2163,safe_drive,s1
2164,safe_drive,s1
2165,safe_drive,s1
2166,safe_drive,s1
2167,safe_drive,s1
2168,safe_drive,s1
2169,safe_drive,s1
2170,safe_drive,s1
2171,safe_drive,s1
2172,safe_drive,s1
2173,safe_drive,s1
2174,safe_drive,s1
2175,safe_drive,s1
2176,safe_drive,s1
2177,safe_drive,s1
2178,safe_drive,s1
2179,safe_drive,s1
2180,safe_drive,s1
2181,safe_drive,s1
2182,safe_drive,s1
2183,safe_drive,s1
2184,safe_drive,s1
2185,safe_drive,s1
2186,safe_drive,s1
2187,safe_drive,s1
2188,safe_drive,s1
2189,safe_drive,s1
2190,safe_drive,s1
2191,safe_drive,s1
2192,safe_drive,s1
2193,safe_drive,s1
2194,safe_drive,s1
2195,safe_drive,s1
2196,safe_drive,s1
2197,safe_drive,s1
2198,safe_drive,s1
2199,safe_drive,s1
2200,safe_drive,s1
2201,safe_drive,s1
2202,safe_drive,s1
2203,safe_drive,s1
2204,safe_drive,s1
2205,safe_drive,s1
2235,safe_drive,s1
2236,safe_drive,s1
2237,safe_drive,s1
2238,safe_drive,s1
2239,safe_drive,s1
2240,safe_drive,s1
2241,safe_drive,s1
2242,safe_drive,s1
2243,safe_drive,s1
2244,safe_drive,s1
2263,safe_drive,s1
2264,safe_drive,s1
2265,safe_drive,s1
2266,safe_drive,s1
2267,safe_drive,s1
2268,safe_drive,s1
2269,safe_drive,s1
2270,safe_drive,s1
2271,safe_drive,s1
2272,safe_drive,s1
2273,safe_drive,s1
2274,safe_drive,s1
2275,safe_drive,s1
2276,safe_drive,s1
2277,safe_drive,s1
2278,safe_drive,s1
2279,safe_drive,s1
2280,safe_drive,s1
2281,safe_drive,s1
2282,safe_drive,s1
2283,safe_drive,s1
2284,safe_drive,s1
2285,safe_drive,s1
2286,safe_drive,s1
2287,safe_drive,s1
2288,safe_drive,s1
2289,safe_drive,s1
2290,safe_drive,s1
2291,safe_drive,s1
2292,safe_drive,s1
2293,safe_drive,s1
2294,safe_drive,s1
2295,safe_drive,s1
2296,safe_drive,s1
2297,safe_drive,s1
2298,safe_drive,s1
2299,safe_drive,s1
2300,safe_drive,s1
2301,safe_drive,s1
2302,safe_drive,s1
2303,safe_drive,s1
2304,safe_drive,s1
2305,safe_drive,s1
2306,safe_drive,s1
2307,safe_drive,s1
2308,safe_drive,s1
2309,safe_drive,s1
2310,safe_drive,s1
2311,safe_drive,s1
2312,safe_drive,s1
2313,safe_drive,s1
2314,safe_drive,s1
2315,safe_drive,s1
2316,safe_drive,s1
2317,safe_drive,s1
2318,safe_drive,s1
2319,safe_drive,s1
2320,safe_drive,s1
2321,safe_drive,s1
2322,safe_drive,s1
2323,safe_drive,s1
2324,safe_drive,s1
2325,safe_drive,s1
2326,safe_drive,s1
2327,safe_drive,s1
2328,safe_drive,s1
2329,safe_drive,s1
2330,safe_drive,s1
2331,safe_drive,s1
2332,safe_drive,s1
2333,safe_drive,s1
2334,safe_drive,s1
2335,safe_drive,s1
2336,safe_drive,s1
2337,safe_drive,s1
2338,safe_drive,s1
2339,safe_drive,s1
2340,safe_drive,s1
2341,safe_drive,s1
2342,safe_drive,s1
2343,safe_drive,s1
2344,safe_drive,s1
2345,safe_drive,s1
2346,safe_drive,s1
2347,safe_drive,s1
2348,safe_drive,s1
2349,safe_drive,s1
2350,safe_drive,s1
2351,safe_drive,s1
2352,safe_drive,s1
2353,safe_drive,s1
2354,safe_drive,s1
2355,safe_drive,s1
2356,safe_drive,s1
2357,safe_drive,s1
2358,safe_drive,s1
2359,safe_drive,s1
2360,safe_drive,s1
2361,safe_drive,s1
2362,safe_drive,s1
2363,safe_drive,s1
2364,safe_drive,s1
2365,safe_drive,s1
2366,safe_drive,s1
2367,safe_drive,s1
2368,safe_drive,s1
2369,safe_drive,s1
2370,safe_drive,s1
2371,safe_drive,s1
2372,safe_drive,s1
2373,safe_drive,s1
2374,safe_drive,s1
2375,safe_drive,s1
2376,safe_drive,s1
2377,safe_drive,s1
2378,safe_drive,s1
2379,safe_drive,s1
2380,safe_drive,s1
2381,safe_drive,s1
2382,safe_drive,s1
2383,safe_drive,s1
2384,safe_drive,s1
2385,safe_drive,s1
2386,safe_drive,s1
2387,safe_drive,s1
2388,safe_drive,s1
2389,safe_drive,s1
2390,safe_drive,s1
2391,safe_drive,s1
2392,safe_drive,s1
2393,safe_drive,s1
2394,safe_drive,s1
2395,safe_drive,s1
2396,safe_drive,s1
2397,safe_drive,s1
2398,safe_drive,s1
2399,safe_drive,s1
2400,safe_drive,s1
2401,safe_drive,s1
2402,safe_drive,s1
2403,safe_drive,s1
2404,safe_drive,s1
2405,safe_drive,s1
2406,safe_drive,s1
2407,safe_drive,s1
2408,safe_drive,s1
2409,safe_drive,s1
2410,safe_drive,s1
2411,safe_drive,s1
2412,safe_drive,s1
2413,safe_drive,s1
2414,safe_drive,s1
2415,safe_drive,s1
2416,safe_drive,s1
2417,safe_drive,s1
2418,safe_drive,s1
2419,safe_drive,s1
2420,safe_drive,s1
2421,safe_drive,s1
2422,safe_drive,s1
2423,safe_drive,s1
2424,safe_drive,s1
2425,safe_drive,s1
2426,safe_drive,s1
2427,safe_drive,s1
2428,safe_drive,s1
2429,safe_drive,s1
2430,safe_drive,s1
2431,safe_drive,s1
2432,safe_drive,s1
2433,safe_drive,s1
2434,safe_drive,s1
2435,safe_drive,s1
2436,safe_drive,s1
2437,safe_drive,s1
2438,safe_drive,s1
2439,safe_drive,s1
2440,safe_drive,s1
2441,safe_drive,s1
2442,safe_drive,s1
2443,safe_drive,s1
2444,safe_drive,s1
2445,safe_drive,s1
2446,safe_drive,s1
2447,safe_drive,s1
2448,safe_drive,s1
2449,safe_drive,s1
2450,safe_drive,s1
2451,safe_drive,s1
2452,safe_drive,s1
2453,safe_drive,s1
2454,safe_drive,s1
2455,safe_drive,s1
2456,safe_drive,s1
2457,safe_drive,s1
2458,safe_drive,s1
2459,safe_drive,s1
2460,safe_drive,s1
2461,safe_drive,s1
2462,safe_drive,s1
2463,safe_drive,s1
2464,safe_drive,s1
2465,safe_drive,s1
2466,safe_drive,s1
2467,safe_drive,s1
2468,safe_drive,s1
2469,safe_drive,s1
2470,safe_drive,s1
2471,safe_drive,s1
2472,safe_drive,s1
2473,safe_drive,s1
2474,safe_drive,s1
2475,safe_drive,s1
2476,safe_drive,s1
2477,safe_drive,s1
2478,safe_drive,s1
2479,safe_drive,s1
2480,safe_drive,s1
2481,safe_drive,s1
2482,safe_drive,s1
2483,safe_drive,s1
2484,safe_drive,s1
2485,safe_drive,s1
2486,safe_drive,s1
2487,safe_drive,s1
2488,safe_drive,s1
2489,safe_drive,s1
2490,safe_drive,s1
2491,safe_drive,s1
2492,safe_drive,s1
2493,safe_drive,s1
2494,safe_drive,s1
2495,safe_drive,s1
2496,safe_drive,s1
2497,safe_drive,s1
2498,safe_drive,s1
2499,safe_drive,s1
2500,safe_drive,s1
2501,safe_drive,s1
2502,safe_drive,s1
2503,safe_drive,s1
2504,safe_drive,s1
2505,safe_drive,s1
2506,safe_drive,s1
2507,safe_drive,s1
2508,safe_drive,s1
2509,safe_drive,s1
2510,safe_drive,s1
2511,safe_drive,s1
2512,safe_drive,s1
2513,safe_drive,s1
2514,safe_drive,s1
2515,safe_drive,s1
2516,safe_drive,s1
2517,safe_drive,s1
2518,safe_drive,s1
2519,safe_drive,s1
2520,safe_drive,s1
2521,safe_drive,s1
2522,safe_drive,s1
2523,safe_drive,s1
2524,safe_drive,s1
2525,safe_drive,s1
2526,safe_drive,s1
2527,safe_drive,s1
2528,safe_drive,s1
2529,safe_drive,s1
2530,safe_drive,s1
2531,safe_drive,s1
2532,safe_drive,s1
2533,safe_drive,s1
2534,safe_drive,s1
2535,safe_drive,s1
2536,safe_drive,s1
2537,safe_drive,s1
2538,safe_drive,s1
2539,safe_drive,s1
2540,safe_drive,s1
2541,safe_drive,s1
2542,safe_drive,s1
2543,safe_drive,s1
2544,safe_drive,s1
2545,safe_drive,s1
2546,safe_drive,s1
2547,safe_drive,s1
2548,safe_drive,s1
2549,safe_drive,s1
2550,safe_drive,s1
2551,safe_drive,s1
2552,safe_drive,s1
2553,safe_drive,s1
2554,safe_drive,s1
2580,safe_drive,s1
2581,safe_drive,s1
2582,safe_drive,s1
2583,safe_drive,s1
2584,safe_drive,s1
2585,safe_drive,s1
2586,safe_drive,s1
2587,safe_drive,s1
2588,safe_drive,s1
2589,safe_drive,s1
2590,safe_drive,s1
2591,safe_drive,s1
2592,safe_drive,s1
2593,safe_drive,s1
2594,safe_drive,s1
2595,safe_drive,s1
2596,safe_drive,s1
2597,safe_drive,s1
2598,safe_drive,s1
2599,safe_drive,s1
2600,safe_drive,s1
2601,safe_drive,s1
2602,safe_drive,s1
2603,safe_drive,s1
2604,safe_drive,s1
2605,safe_drive,s1
2606,safe_drive,s1
2607,safe_drive,s1
2608,safe_drive,s1
2609,safe_drive,s1
2610,safe_drive,s1
2611,safe_drive,s1
2612,safe_drive,s1
2613,safe_drive,s1
2614,safe_drive,s1
2615,safe_drive,s1
2616,safe_drive,s1
2617,safe_drive,s1
2618,safe_drive,s1
2619,safe_drive,s1
2620,safe_drive,s1
2621,safe_drive,s1
2622,safe_drive,s1
2623,safe_drive,s1
2624,safe_drive,s1
2625,safe_drive,s1
2626,safe_drive,s1
2627,safe_drive,s1
2628,safe_drive,s1
2629,safe_drive,s1
2630,safe_drive,s1
2631,safe_drive,s1
2632,safe_drive,s1
2633,safe_drive,s1
2634,safe_drive,s1
2635,safe_drive,s1
2636,safe_drive,s1
2637,safe_drive,s1
2638,safe_drive,s1
2639,safe_drive,s1
2640,safe_drive,s1
2641,safe_drive,s1
2642,safe_drive,s1
2643,safe_drive,s1
2644,safe_drive,s1
2645,safe_drive,s1
2646,safe_drive,s1
2647,safe_drive,s1
2648,safe_drive,s1
2649,safe_drive,s1
2650,safe_drive,s1
2651,safe_drive,s1
2652,safe_drive,s1
2653,safe_drive,s1
2654,safe_drive,s1
2655,safe_drive,s1
2656,safe_drive,s1
2657,safe_drive,s1
2658,safe_drive,s1
2659,safe_drive,s1
2660,safe_drive,s1
2661,safe_drive,s1
2662,safe_drive,s1
2663,safe_drive,s1
2664,safe_drive,s1
2665,safe_drive,s1
2666,safe_drive,s1
2667,safe_drive,s1
2668,safe_drive,s1
2669,safe_drive,s1
2670,safe_drive,s1
2671,safe_drive,s1
2672,safe_drive,s1
2673,safe_drive,s1
2674,safe_drive,s1
2675,safe_drive,s1
2676,safe_drive,s1
2677,safe_drive,s1
2678,safe_drive,s1
2679,safe_drive,s1
2680,safe_drive,s1
2681,safe_drive,s1
2682,safe_drive,s1
2683,safe_drive,s1
2684,safe_drive,s1
2685,safe_drive,s1
2686,safe_drive,s1
2687,safe_drive,s1
2688,safe_drive,s1
2689,safe_drive,s1
2690,safe_drive,s1
2691,safe_drive,s1
2692,safe_drive,s1
2693,safe_drive,s1
2694,safe_drive,s1
2695,safe_drive,s1
2696,safe_drive,s1
2697,safe_drive,s1
2698,safe_drive,s1
2699,safe_drive,s1
2700,safe_drive,s1
2701,safe_drive,s1
2702,safe_drive,s1
2703,safe_drive,s1
2704,safe_drive,s1
2705,safe_drive,s1
2706,safe_drive,s1
2707,safe_drive,s1
2708,safe_drive,s1
2709,safe_drive,s1
2710,safe_drive,s1
2711,safe_drive,s1
2712,safe_drive,s1
2713,safe_drive,s1
2714,safe_drive,s1
2715,safe_drive,s1
2716,safe_drive,s1
2717,safe_drive,s1
2718,safe_drive,s1
2719,safe_drive,s1
2720,safe_drive,s1
2721,safe_drive,s1
2722,safe_drive,s1
2723,safe_drive,s1
2724,safe_drive,s1
2725,safe_drive,s1
2726,safe_drive,s1
2727,safe_drive,s1
2728,safe_drive,s1
2729,safe_drive,s1
2730,safe_drive,s1
2731,safe_drive,s1
2732,safe_drive,s1
2733,safe_drive,s1
2734,safe_drive,s1
2735,safe_drive,s1
2736,safe_drive,s1
2737,safe_drive,s1
2738,safe_drive,s1
2739,safe_drive,s1
2740,safe_drive,s1
2741,safe_drive,s1
2742,safe_drive,s1
2743,safe_drive,s1
2744,safe_drive,s1
2745,safe_drive,s1
2746,safe_drive,s1
2747,safe_drive,s1
2748,safe_drive,s1
2749,safe_drive,s1
2750,safe_drive,s1
2751,safe_drive,s1
2752,safe_drive,s1
2753,safe_drive,s1
2754,safe_drive,s1
2755,safe_drive,s1
2756,safe_drive,s1
2757,safe_drive,s1
2758,safe_drive,s1
2759,safe_drive,s1
2760,safe_drive,s1
2761,safe_drive,s1
2762,safe_drive,s1
2763,safe_drive,s1
2764,safe_drive,s1
2765,safe_drive,s1
2766,safe_drive,s1
2767,safe_drive,s1
2768,safe_drive,s1
2769,safe_drive,s1
2770,safe_drive,s1
2771,safe_drive,s1
2772,safe_drive,s1
2773,safe_drive,s1
2774,safe_drive,s1
2775,safe_drive,s1
2776,safe_drive,s1
2777,safe_drive,s1
2778,safe_drive,s1
2779,safe_drive,s1
2780,safe_drive,s1
2781,safe_drive,s1
2782,safe_drive,s1
2783,safe_drive,s1
2784,safe_drive,s1
2785,safe_drive,s1
2786,safe_drive,s1
2787,safe_drive,s1
2788,safe_drive,s1
2789,safe_drive,s1
2790,safe_drive,s1
2791,safe_drive,s1
2792,safe_drive,s1
2793,safe_drive,s1
2794,safe_drive,s1
2795,safe_drive,s1
2796,safe_drive,s1
2797,safe_drive,s1
2798,safe_drive,s1
2799,safe_drive,s1
2800,safe_drive,s1
2801,safe_drive,s1
2802,safe_drive,s1
2803,safe_drive,s1
2804,safe_drive,s1
2805,safe_drive,s1
2806,safe_drive,s1
2807,safe_drive,s1
2808,safe_drive,s1
2809,safe_drive,s1
2810,safe_drive,s1
2811,safe_drive,s1
2812,safe_drive,s1
2813,safe_drive,s1
2814,safe_drive,s1
2815,safe_drive,s1
2816,safe_drive,s1
2817,safe_drive,s1
2818,safe_drive,s1
2819,safe_drive,s1
2820,safe_drive,s1
2821,safe_drive,s1
2822,safe_drive,s1
2823,safe_drive,s1
2824,safe_drive,s1
2825,safe_drive,s1
2826,safe_drive,s1
2827,safe_drive,s1
2828,safe_drive,s1
2829,safe_drive,s1
2830,safe_drive,s1
2831,safe_drive,s1
2832,safe_drive,s1
2833,safe_drive,s1
2834,safe_drive,s1
2835,safe_drive,s1
2836,safe_drive,s1
2837,safe_drive,s1
2838,safe_drive,s1
2839,safe_drive,s1
2840,safe_drive,s1
2841,safe_drive,s1
2842,safe_drive,s1
2843,safe_drive,s1
2844,safe_drive,s1
2845,safe_drive,s1
2846,safe_drive,s1
2847,safe_drive,s1
2848,safe_drive,s1
2849,safe_drive,s1
2850,safe_drive,s1
2851,safe_drive,s1
2852,safe_drive,s1
2853,safe_drive,s1
2854,safe_drive,s1
2855,safe_drive,s1
2856,safe_drive,s1
2857,safe_drive,s1
2858,safe_drive,s1
2859,safe_drive,s1
2860,safe_drive,s1
2861,safe_drive,s1
2862,safe_drive,s1
2863,safe_drive,s1
2864,safe_drive,s1
2865,safe_drive,s1
2866,safe_drive,s1
2867,safe_drive,s1
2868,safe_drive,s1
2869,safe_drive,s1
2870,safe_drive,s1
2871,safe_drive,s1
2872,safe_drive,s1
2873,safe_drive,s1
2874,safe_drive,s1
2875,safe_drive,s1
2876,safe_drive,s1
2877,safe_drive,s1
2878,safe_drive,s1
2879,safe_drive,s1
2880,safe_drive,s1
2881,safe_drive,s1
2882,safe_drive,s1
2883,safe_drive,s1
2884,safe_drive,s1
2885,safe_drive,s1
2886,safe_drive,s1
2887,safe_drive,s1
2888,safe_drive,s1
2889,safe_drive,s1
2890,safe_drive,s1
2891,safe_drive,s1
2892,safe_drive,s1
2893,safe_drive,s1
2894,safe_drive,s1
2895,safe_drive,s1
2896,safe_drive,s1
2897,safe_drive,s1
2898,safe_drive,s1
2899,safe_drive,s1
2900,safe_drive,s1
2901,safe_drive,s1
2902,safe_drive,s1
2903,safe_drive,s1
2904,safe_drive,s1
2905,safe_drive,s1
2906,safe_drive,s1
2907,safe_drive,s1
2908,safe_drive,s1
2909,safe_drive,s1
2910,safe_drive,s1
2911,safe_drive,s1
2912,safe_drive,s1
2913,safe_drive,s1
2914,safe_drive,s1
2915,safe_drive,s1
2916,safe_drive,s1
2917,safe_drive,s1
2918,safe_drive,s1
2919,safe_drive,s1
2920,safe_drive,s1
2921,safe_drive,s1
2922,safe_drive,s1
2923,safe_drive,s1
2924,safe_drive,s1
2925,safe_drive,s1
2926,safe_drive,s1
2927,safe_drive,s1
2928,safe_drive,s1
2929,safe_drive,s1
2930,safe_drive,s1
2931,safe_drive,s1
2932,safe_drive,s1
2933,safe_drive,s1
2934,safe_drive,s1
2935,safe_drive,s1
2936,safe_drive,s1
2937,safe_drive,s1
2938,safe_drive,s1
2939,safe_drive,s1
2940,safe_drive,s1
2941,safe_drive,s1
2942,safe_drive,s1
2943,safe_drive,s1
2944,safe_drive,s1
2945,safe_drive,s1
2946,safe_drive,s1
2947,safe_drive,s1
2948,safe_drive,s1
2949,safe_drive,s1
2950,safe_drive,s1
2951,safe_drive,s1
2952,safe_drive,s1
2953,safe_drive,s1
2954,safe_drive,s1
2955,safe_drive,s1
2956,safe_drive,s1
2957,safe_drive,s1
2958,safe_drive,s1
2959,safe_drive,s1
2960,safe_drive,s1
2961,safe_drive,s1
2962,safe_drive,s1
2963,safe_drive,s1
2964,safe_drive,s1
2965,safe_drive,s1
2966,safe_drive,s1
2967,safe_drive,s1
2968,safe_drive,s1
2969,safe_drive,s1
2970,safe_drive,s1
2971,safe_drive,s1
2972,safe_drive,s1
2973,safe_drive,s1
2974,safe_drive,s1
2975,safe_drive,s1
2976,safe_drive,s1
2977,safe_drive,s1
2978,safe_drive,s1
2979,safe_drive,s1
2980,safe_drive,s1
2981,safe_drive,s1
2982,safe_drive,s1
2983,safe_drive,s1
2984,safe_drive,s1
2985,safe_drive,s1
2986,safe_drive,s1
2987,safe_drive,s1
2988,safe_drive,s1
2989,safe_drive,s1
2990,safe_drive,s1
2991,safe_drive,s1
2992,safe_drive,s1
2993,safe_drive,s1
2994,safe_drive,s1
2995,safe_drive,s1
2996,safe_drive,s1
2997,safe_drive,s1
2998,safe_drive,s1
2999,safe_drive,s1
3000,safe_drive,s1
3001,safe_drive,s1
3002,safe_drive,s1
3003,safe_drive,s1
3004,safe_drive,s1
3005,safe_drive,s1
3006,safe_drive,s1
3007,safe_drive,s1
3008,safe_drive,s1
3009,safe_drive,s1
3010,safe_drive,s1
3011,safe_drive,s1
3012,safe_drive,s1
3013,safe_drive,s1
3014,safe_drive,s1
3015,safe_drive,s1
3016,safe_drive,s1
3017,safe_drive,s1
3018,safe_drive,s1
3019,safe_drive,s1
3020,safe_drive,s1
3021,safe_drive,s1
3022,safe_drive,s1
3023,safe_drive,s1
3024,safe_drive,s1
3025,safe_drive,s1
3026,safe_drive,s1
3027,safe_drive,s1
3028,safe_drive,s1
3029,safe_drive,s1
3030,safe_drive,s1
3031,safe_drive,s1
3032,safe_drive,s1
3033,safe_drive,s1
3034,safe_drive,s1
3035,safe_drive,s1
3036,safe_drive,s1
3037,safe_drive,s1
3038,safe_drive,s1
3039,safe_drive,s1
3040,safe_drive,s1
3041,safe_drive,s1
3042,safe_drive,s1
3043,safe_drive,s1
3044,safe_drive,s1
3045,safe_drive,s1
3046,safe_drive,s1
3047,safe_drive,s1
3048,safe_drive,s1
3049,safe_drive,s1
3050,safe_drive,s1
3051,safe_drive,s1
3052,safe_drive,s1
3053,safe_drive,s1
3054,safe_drive,s1
3055,safe_drive,s1
3056,safe_drive,s1
3057,safe_drive,s1
3058,safe_drive,s1
3059,safe_drive,s1
3060,safe_drive,s1
3061,safe_drive,s1
3062,safe_drive,s1
3063,safe_drive,s1
3064,safe_drive,s1
3065,safe_drive,s1
3066,safe_drive,s1
3067,safe_drive,s1
3068,safe_drive,s1
3069,safe_drive,s1
3070,safe_drive,s1
3071,safe_drive,s1
3072,safe_drive,s1
3073,safe_drive,s1
3074,safe_drive,s1
3075,safe_drive,s1
3076,safe_drive,s1
3077,safe_drive,s1
3078,safe_drive,s1
3079,safe_drive,s1
3080,safe_drive,s1
3081,safe_drive,s1
3082,safe_drive,s1
3083,safe_drive,s1
3084,safe_drive,s1
3085,safe_drive,s1
3086,safe_drive,s1
3087,safe_drive,s1
3088,safe_drive,s1
3089,safe_drive,s1
3090,safe_drive,s1
3091,safe_drive,s1
3092,safe_drive,s1
3093,safe_drive,s1
3094,safe_drive,s1
3095,safe_drive,s1
3096,safe_drive,s1
3097,safe_drive,s1
3098,safe_drive,s1
3099,safe_drive,s1
3100,safe_drive,s1
3101,safe_drive,s1
3102,safe_drive,s1
3103,safe_drive,s1
3104,safe_drive,s1
3105,safe_drive,s1
3106,safe_drive,s1
3107,safe_drive,s1
3108,safe_drive,s1
3109,safe_drive,s1
3110,safe_drive,s1
3111,safe_drive,s1
3112,safe_drive,s1
3113,safe_drive,s1
3114,safe_drive,s1
3115,safe_drive,s1
3116,safe_drive,s1
3117,safe_drive,s1
3118,safe_drive,s1
3119,safe_drive,s1
3120,safe_drive,s1
3121,safe_drive,s1
3122,safe_drive,s1
3123,safe_drive,s1
3124,safe_drive,s1
3125,safe_drive,s1
3126,safe_drive,s1
3127,safe_drive,s1
3128,safe_drive,s1
3129,safe_drive,s1
3130,safe_drive,s1
3131,safe_drive,s1
3132,safe_drive,s1
3133,safe_drive,s1
3134,safe_drive,s1
3135,safe_drive,s1
3136,safe_drive,s1
3137,safe_drive,s1
3138,safe_drive,s1
3139,safe_drive,s1
3140,safe_drive,s1
3141,safe_drive,s1
3142,safe_drive,s1
3143,safe_drive,s1
3144,safe_drive,s1
3145,safe_drive,s1
3146,safe_drive,s1
3147,safe_drive,s1
3148,safe_drive,s1
3149,safe_drive,s1
3150,safe_drive,s1
3151,safe_drive,s1
3152,safe_drive,s1
3153,safe_drive,s1
3154,safe_drive,s1
3155,safe_drive,s1
3156,safe_drive,s1
3157,safe_drive,s1
3158,safe_drive,s1
3159,safe_drive,s1
3160,safe_drive,s1
3161,safe_drive,s1
3162,safe_drive,s1
3163,safe_drive,s1
3164,safe_drive,s1
3165,safe_drive,s1
3166,safe_drive,s1
3167,safe_drive,s1
3168,safe_drive,s1
3169,safe_drive,s1
3170,safe_drive,s1
3171,safe_drive,s1
3172,safe_drive,s1
3173,safe_drive,s1
3174,safe_drive,s1
3175,safe_drive,s1
3176,safe_drive,s1
3177,safe_drive,s1
3178,safe_drive,s1
3179,safe_drive,s1
3180,safe_drive,s1
3181,safe_drive,s1
3182,safe_drive,s1
3183,safe_drive,s1
3184,safe_drive,s1
3185,safe_drive,s1
3186,safe_drive,s1
3187,safe_drive,s1
3188,safe_drive,s1
3189,safe_drive,s1
3190,safe_drive,s1
3191,safe_drive,s1
3192,safe_drive,s1
3193,safe_drive,s1
3194,safe_drive,s1
3195,safe_drive,s1
3196,safe_drive,s1
3197,safe_drive,s1
3198,safe_drive,s1
3199,safe_drive,s1
3200,safe_drive,s1
3201,safe_drive,s1
3202,safe_drive,s1
3203,safe_drive,s1
3204,safe_drive,s1
3205,safe_drive,s1
3206,safe_drive,s1
3207,safe_drive,s1
3208,safe_drive,s1
3209,safe_drive,s1
3210,safe_drive,s1
3211,safe_drive,s1
3212,safe_drive,s1
3213,safe_drive,s1
3214,safe_drive,s1
3215,safe_drive,s1
3216,safe_drive,s1
3217,safe_drive,s1
3218,safe_drive,s1
3219,safe_drive,s1
3220,safe_drive,s1
3221,safe_drive,s1
3222,safe_drive,s1
3223,safe_drive,s1
3224,safe_drive,s1
3225,safe_drive,s1
3226,safe_drive,s1
3227,safe_drive,s1
3228,safe_drive,s1
3229,safe_drive,s1
3230,safe_drive,s1
3231,safe_drive,s1
3232,safe_drive,s1
3233,safe_drive,s1
3234,safe_drive,s1
3235,safe_drive,s1
3236,safe_drive,s1
3237,safe_drive,s1
3238,safe_drive,s1
3239,safe_drive,s1
3240,safe_drive,s1
3241,safe_drive,s1
3242,safe_drive,s1
3243,safe_drive,s1
3244,safe_drive,s1
3245,safe_drive,s1
3246,safe_drive,s1
3247,safe_drive,s1
3248,safe_drive,s1
3249,safe_drive,s1
3250,safe_drive,s1
3251,safe_drive,s1
3252,safe_drive,s1
3253,safe_drive,s1
3254,safe_drive,s1
3255,safe_drive,s1
3256,safe_drive,s1
3257,safe_drive,s1
3258,safe_drive,s1
3259,safe_drive,s1
3260,safe_drive,s1
3261,safe_drive,s1
3262,safe_drive,s1
3263,safe_drive,s1
3264,safe_drive,s1
3265,safe_drive,s1
3266,safe_drive,s1
3267,safe_drive,s1
3268,safe_drive,s1
3269,safe_drive,s1
3270,safe_drive,s1
3271,safe_drive,s1
3272,safe_drive,s1
3273,safe_drive,s1
3274,safe_drive,s1
3275,safe_drive,s1
3276,safe_drive,s1
3277,safe_drive,s1
3278,safe_drive,s1
3279,safe_drive,s1
3280,safe_drive,s1
3281,safe_drive,s1
3282,safe_drive,s1
3283,safe_drive,s1
3284,safe_drive,s1
3285,safe_drive,s1
3286,safe_drive,s1
3287,safe_drive,s1
3288,safe_drive,s1
3289,safe_drive,s1
3290,safe_drive,s1
3291,safe_drive,s1
3292,safe_drive,s1
3293,safe_drive,s1
3294,safe_drive,s1
3295,safe_drive,s1
3296,safe_drive,s1
3297,reach_side,s1
3298,reach_side,s1
3299,reach_side,s1
3300,reach_side,s1
3301,reach_side,s1
3302,reach_side,s1
3303,reach_side,s1
3304,reach_side,s1
3305,reach_side,s1
3306,reach_side,s1
3307,reach_side,s1
3308,reach_side,s1
3309,reach_side,s1
3310,reach_side,s1
3311,reach_side,s1
3312,reach_side,s1
3313,reach_side,s1
3314,reach_side,s1
3315,reach_side,s1
3316,reach_side,s1
3317,reach_side,s1
3318,reach_side,s1
3319,reach_side,s1
3320,reach_side,s1
3321,reach_side,s1
3322,reach_side,s1
3323,reach_side,s1
3324,reach_side,s1
3325,reach_side,s1
3326,reach_side,s1
3327,reach_side,s1
3328,reach_side,s1
3329,reach_side,s1
3330,reach_side,s1
3331,reach_side,s1
3332,reach_side,s1
3333,reach_side,s1
3334,reach_side,s1
3335,reach_side,s1
3336,reach_side,s1
3337,reach_side,s1
3338,reach_side,s1
3339,reach_side,s1
3340,reach_side,s1
3341,reach_side,s1
3342,reach_side,s1
3343,reach_side,s1
3344,reach_side,s1
3345,reach_side,s1
3346,reach_side,s1
3347,reach_side,s1
3348,reach_side,s1
3392,drinking,s1
3393,drinking,s1
3394,drinking,s1
3395,drinking,s1
3396,drinking,s1
3397,drinking,s1
3398,drinking,s1
3399,drinking,s1
3400,drinking,s1
3401,drinking,s1
3402,drinking,s1
3403,drinking,s1
3404,drinking,s1
3405,drinking,s1
3406,drinking,s1
3407,drinking,s1
3408,drinking,s1
3409,drinking,s1
3410,drinking,s1
3411,drinking,s1
3412,drinking,s1
3413,drinking,s1
3414,drinking,s1
3415,drinking,s1
3416,drinking,s1
3417,drinking,s1
3418,drinking,s1
3419,drinking,s1
3420,drinking,s1
3421,drinking,s1
3422,drinking,s1
3423,drinking,s1
3424,drinking,s1
3425,drinking,s1
3426,drinking,s1
3427,drinking,s1
3428,drinking,s1
3429,drinking,s1
3430,drinking,s1
3431,drinking,s1
3432,drinking,s1
3433,drinking,s1
3434,drinking,s1
3435,drinking,s1
3436,drinking,s1
3437,drinking,s1
3438,drinking,s1
3439,drinking,s1
3440,drinking,s1
3441,drinking,s1
3442,drinking,s1
3443,drinking,s1
3444,drinking,s1
3445,drinking,s1
3446,drinking,s1
3447,drinking,s1
3448,drinking,s1
3449,drinking,s1
3450,drinking,s1
3451,drinking,s1
3452,drinking,s1
3453,drinking,s1
3454,drinking,s1
3455,drinking,s1
3456,drinking,s1
3457,drinking,s1
3458,drinking,s1
3459,drinking,s1
3460,drinking,s1
3461,drinking,s1
3462,drinking,s1
3463,drinking,s1
3464,drinking,s1
3465,drinking,s1
3466,drinking,s1
3467,drinking,s1
3468,drinking,s1
3469,drinking,s1
3470,drinking,s1
3471,drinking,s1
3472,drinking,s1
3473,drinking,s1
3474,drinking,s1
3475,drinking,s1
3476,drinking,s1
3477,drinking,s1
3478,drinking,s1
3479,drinking,s1
3480,drinking,s1
3481,drinking,s1
3482,drinking,s1
3483,drinking,s1
3484,drinking,s1
3485,drinking,s1
3486,drinking,s1
3487,drinking,s1
3488,drinking,s1
3489,drinking,s1
3490,drinking,s1
3491,drinking,s1
3492,drinking,s1
3493,drinking,s1
3494,drinking,s1
3495,drinking,s1
3496,drinking,s1
3497,drinking,s1
3498,drinking,s1
3499,drinking,s1
3500,drinking,s1
3501,drinking,s1
3502,drinking,s1
3503,drinking,s1
3504,drinking,s1
3505,drinking,s1
3506,drinking,s1
3507,drinking,s1
3508,drinking,s1
3509,drinking,s1
3510,drinking,s1
3511,drinking,s1
3512,drinking,s1
3513,drinking,s1
3514,drinking,s1
3515,drinking,s1
3516,drinking,s1
3517,drinking,s1
3518,drinking,s1
3519,drinking,s1
3520,drinking,s1
3521,drinking,s1
3522,drinking,s1
3523,drinking,s1
3524,drinking,s1
3525,drinking,s1
3526,drinking,s1
3527,drinking,s1
3528,drinking,s1
3529,drinking,s1
3530,drinking,s1
3531,drinking,s1
3532,drinking,s1
3533,drinking,s1
3534,drinking,s1
3535,drinking,s1
3571,reach_side,s1
3572,reach_side,s1
3573,reach_side,s1
3574,reach_side,s1
3575,reach_side,s1
3576,reach_side,s1
3577,reach_side,s1
3578,reach_side,s1
3579,reach_side,s1
3580,reach_side,s1
3581,reach_side,s1
3582,reach_side,s1
3583,reach_side,s1
3584,reach_side,s1
3585,reach_side,s1
3586,reach_side,s1
3587,reach_side,s1
3588,reach_side,s1
3589,reach_side,s1
3590,reach_side,s1
3591,reach_side,s1
3592,reach_side,s1
3593,reach_side,s1
3594,reach_side,s1
3595,reach_side,s1
3596,reach_side,s1
3597,reach_side,s1
3598,reach_side,s1
3599,reach_side,s1
3600,reach_side,s1
3601,reach_side,s1
3602,reach_side,s1
3603,reach_side,s1
3604,reach_side,s1
3605,reach_side,s1
3606,reach_side,s1
3607,reach_side,s1
3608,reach_side,s1
3609,reach_side,s1
3610,reach_side,s1
3611,reach_side,s1
3612,reach_side,s1
3613,reach_side,s1
3614,reach_side,s1
3615,reach_side,s1
3616,reach_side,s1
3617,reach_side,s1
3618,reach_side,s1
3619,reach_side,s1
3620,reach_side,s1
3621,reach_side,s1
3622,reach_side,s1
3623,reach_side,s1
3624,reach_side,s1
3625,reach_side,s1
3626,reach_side,s1
3627,reach_side,s1
3628,reach_side,s1
3629,reach_side,s1
3630,reach_side,s1
3631,reach_side,s1
3632,safe_drive,s1
3633,safe_drive,s1
3634,safe_drive,s1
3635,safe_drive,s1
3636,safe_drive,s1
3637,safe_drive,s1
3638,safe_drive,s1
3639,safe_drive,s1
3640,safe_drive,s1
3641,safe_drive,s1
3642,safe_drive,s1
3643,safe_drive,s1
3644,safe_drive,s1
3645,safe_drive,s1
3646,safe_drive,s1
3647,safe_drive,s1
3648,safe_drive,s1
3649,safe_drive,s1
3650,safe_drive,s1
3651,safe_drive,s1
3652,safe_drive,s1
3653,safe_drive,s1
3654,safe_drive,s1
3655,safe_drive,s1
3656,safe_drive,s1
3657,safe_drive,s1
3658,safe_drive,s1
3659,safe_drive,s1
3660,safe_drive,s1
3661,safe_drive,s1
3662,safe_drive,s1
3663,safe_drive,s1
3664,safe_drive,s1
3665,safe_drive,s1
3666,safe_drive,s1
3667,safe_drive,s1
3668,safe_drive,s1
3669,safe_drive,s1
3670,safe_drive,s1
3671,safe_drive,s1
3672,safe_drive,s1
3673,safe_drive,s1
3674,safe_drive,s1
3675,safe_drive,s1
3676,safe_drive,s1
3677,safe_drive,s1
3678,safe_drive,s1
3679,safe_drive,s1
3680,safe_drive,s1
3681,safe_drive,s1
3682,safe_drive,s1
3683,safe_drive,s1
3684,safe_drive,s1
3685,safe_drive,s1
3686,safe_drive,s1
3687,safe_drive,s1
3688,safe_drive,s1
3689,safe_drive,s1
3690,safe_drive,s1
3691,safe_drive,s1
3692,safe_drive,s1
3693,safe_drive,s1
3694,safe_drive,s1
3695,safe_drive,s1
3696,safe_drive,s1
3697,safe_drive,s1
3698,safe_drive,s1
3699,safe_drive,s1
3700,safe_drive,s1
3701,safe_drive,s1
3702,safe_drive,s1
3703,safe_drive,s1
3704,safe_drive,s1
3705,safe_drive,s1
3706,safe_drive,s1
3707,safe_drive,s1
3708,safe_drive,s1
3709,safe_drive,s1
3710,safe_drive,s1
3711,safe_drive,s1
3712,safe_drive,s1
3713,safe_drive,s1
3714,safe_drive,s1
3715,safe_drive,s1
3716,safe_drive,s1
3717,safe_drive,s1
3718,safe_drive,s1
3719,safe_drive,s1
3720,safe_drive,s1
3721,safe_drive,s1
3722,safe_drive,s1
3723,safe_drive,s1
3724,safe_drive,s1
3725,safe_drive,s1
3726,safe_drive,s1
3727,safe_drive,s1
3728,safe_drive,s1
3729,safe_drive,s1
3730,safe_drive,s1
3731,safe_drive,s1
3732,safe_drive,s1
3733,safe_drive,s1
3734,safe_drive,s1
3735,safe_drive,s1
3736,safe_drive,s1
3737,safe_drive,s1
3738,safe_drive,s1
3739,safe_drive,s1
3740,safe_drive,s1
3741,safe_drive,s1
3742,safe_drive,s1
3743,safe_drive,s1
3744,safe_drive,s1
3745,safe_drive,s1
3746,safe_drive,s1
3747,safe_drive,s1
3748,safe_drive,s1
3749,safe_drive,s1
3750,safe_drive,s1
3751,safe_drive,s1
3752,safe_drive,s1
3753,safe_drive,s1
3754,safe_drive,s1
3755,safe_drive,s1
3756,safe_drive,s1
3757,safe_drive,s1
3758,safe_drive,s1
3759,safe_drive,s1
3760,safe_drive,s1
3761,safe_drive,s1
3762,safe_drive,s1
3763,safe_drive,s1
3764,safe_drive,s1
3765,safe_drive,s1
3766,safe_drive,s1
3767,safe_drive,s1
3768,safe_drive,s1
3769,safe_drive,s1
3770,safe_drive,s1
3771,safe_drive,s1
3772,safe_drive,s1
3773,safe_drive,s1
3774,safe_drive,s1
3775,safe_drive,s1
3776,safe_drive,s1
3777,safe_drive,s1
3778,safe_drive,s1
3779,safe_drive,s1
3780,safe_drive,s1
3781,safe_drive,s1
3782,safe_drive,s1
3783,safe_drive,s1
3784,safe_drive,s1
3785,safe_drive,s1
3786,safe_drive,s1
3787,safe_drive,s1
3788,safe_drive,s1
3789,safe_drive,s1
3790,safe_drive,s1
3791,safe_drive,s1
3792,safe_drive,s1
3793,safe_drive,s1
3794,safe_drive,s1
3795,safe_drive,s1
3796,safe_drive,s1
3797,safe_drive,s1
3798,safe_drive,s1
3799,safe_drive,s1
3800,safe_drive,s1
3801,safe_drive,s1
3802,safe_drive,s1
3803,safe_drive,s1
3804,safe_drive,s1
3805,safe_drive,s1
3806,safe_drive,s1
3807,safe_drive,s1
3808,safe_drive,s1
3809,safe_drive,s1
3810,safe_drive,s1
3811,safe_drive,s1
3812,safe_drive,s1
3813,safe_drive,s1
3814,safe_drive,s1
3815,safe_drive,s1
3816,safe_drive,s1
3817,safe_drive,s1
3818,safe_drive,s1
3819,safe_drive,s1
3820,safe_drive,s1
3821,safe_drive,s1
3822,safe_drive,s1
3823,safe_drive,s1
3824,safe_drive,s1
3825,safe_drive,s1
3826,safe_drive,s1
3827,safe_drive,s1
3828,safe_drive,s1
3829,safe_drive,s1
3830,safe_drive,s1
3831,safe_drive,s1
3832,safe_drive,s1
3833,safe_drive,s1
3834,safe_drive,s1
3835,safe_drive,s1
3836,safe_drive,s1
3837,safe_drive,s1
3838,safe_drive,s1
3839,safe_drive,s1
3840,safe_drive,s1
3841,safe_drive,s1
3842,safe_drive,s1
3843,safe_drive,s1
3844,safe_drive,s1
3845,safe_drive,s1
3846,safe_drive,s1
3847,safe_drive,s1
3848,safe_drive,s1
3849,safe_drive,s1
3850,safe_drive,s1
3851,safe_drive,s1
3852,safe_drive,s1
3853,safe_drive,s1
3854,safe_drive,s1
3855,safe_drive,s1
3856,safe_drive,s1
3857,safe_drive,s1
3858,safe_drive,s1
3859,safe_drive,s1
3860,safe_drive,s1
3861,safe_drive,s1
3862,safe_drive,s1
3863,safe_drive,s1
3864,safe_drive,s1
3865,safe_drive,s1
3866,safe_drive,s1
3867,safe_drive,s1
3868,safe_drive,s1
3869,safe_drive,s1
3870,safe_drive,s1
3871,safe_drive,s1
3872,safe_drive,s1
3873,safe_drive,s1
3874,safe_drive,s1
3875,safe_drive,s1
3876,safe_drive,s1
3877,safe_drive,s1
3878,safe_drive,s1
3879,safe_drive,s1
3880,safe_drive,s1
3881,safe_drive,s1
3882,safe_drive,s1
3883,safe_drive,s1
3884,safe_drive,s1
3885,safe_drive,s1
3886,safe_drive,s1
3887,safe_drive,s1
3888,safe_drive,s1
3889,safe_drive,s1
3890,safe_drive,s1
3891,safe_drive,s1
3892,safe_drive,s1
3893,safe_drive,s1
3894,safe_drive,s1
3895,safe_drive,s1
3896,safe_drive,s1
3897,safe_drive,s1
3898,safe_drive,s1
3899,safe_drive,s1
3900,safe_drive,s1
3901,safe_drive,s1
3902,safe_drive,s1
3903,safe_drive,s1
3904,safe_drive,s1
3905,safe_drive,s1
3906,safe_drive,s1
3907,safe_drive,s1
3908,safe_drive,s1
3909,safe_drive,s1
3910,safe_drive,s1
3911,safe_drive,s1
3912,safe_drive,s1
3913,safe_drive,s1
3914,safe_drive,s1
3915,safe_drive,s1
3916,safe_drive,s1
3917,safe_drive,s1
3918,safe_drive,s1
3919,safe_drive,s1
3920,safe_drive,s1
3921,safe_drive,s1
3922,safe_drive,s1
3923,safe_drive,s1
3924,safe_drive,s1
3925,safe_drive,s1
3926,safe_drive,s1
3927,safe_drive,s1
3928,safe_drive,s1
3929,safe_drive,s1
3930,safe_drive,s1
3931,safe_drive,s1
3932,safe_drive,s1
3933,safe_drive,s1
3934,safe_drive,s1
3935,safe_drive,s1
3936,safe_drive,s1
3937,safe_drive,s1
3938,safe_drive,s1
3939,safe_drive,s1
3940,safe_drive,s1
3941,safe_drive,s1
3942,safe_drive,s1
3943,safe_drive,s1
3944,safe_drive,s1
3945,safe_drive,s1
3946,safe_drive,s1
3947,safe_drive,s1
3948,safe_drive,s1
3949,safe_drive,s1
3950,safe_drive,s1
3951,safe_drive,s1
3952,safe_drive,s1
3953,safe_drive,s1
3954,safe_drive,s1
3955,safe_drive,s1
3956,safe_drive,s1
3957,safe_drive,s1
3958,safe_drive,s1
3959,safe_drive,s1
3960,safe_drive,s1
3961,safe_drive,s1
3962,safe_drive,s1
3963,safe_drive,s1
3964,safe_drive,s1
3965,safe_drive,s1
3966,safe_drive,s1
3967,safe_drive,s1
3968,safe_drive,s1
3969,safe_drive,s1
3970,safe_drive,s1
3971,safe_drive,s1
3972,safe_drive,s1
3973,safe_drive,s1
3974,safe_drive,s1
3975,safe_drive,s1
3976,safe_drive,s1
3977,safe_drive,s1
3978,safe_drive,s1
3979,safe_drive,s1
3980,safe_drive,s1
3981,safe_drive,s1
3982,safe_drive,s1
3983,safe_drive,s1
3984,safe_drive,s1
3985,safe_drive,s1
3986,safe_drive,s1
3987,safe_drive,s1
3988,safe_drive,s1
3989,safe_drive,s1
3990,safe_drive,s1
3991,safe_drive,s1
3992,safe_drive,s1
3993,safe_drive,s1
3994,safe_drive,s1
3995,safe_drive,s1
3996,safe_drive,s1
3997,safe_drive,s1
3998,safe_drive,s1
3999,safe_drive,s1
4000,safe_drive,s1
4001,safe_drive,s1
4002,safe_drive,s1
4003,safe_drive,s1
4004,safe_drive,s1
4005,safe_drive,s1
4006,safe_drive,s1
4007,safe_drive,s1
4008,safe_drive,s1
4009,safe_drive,s1
4010,safe_drive,s1
4011,safe_drive,s1
4012,safe_drive,s1
4013,safe_drive,s1
4014,safe_drive,s1
4015,safe_drive,s1
4016,safe_drive,s1
4017,safe_drive,s1
4018,safe_drive,s1
4019,safe_drive,s1
4020,safe_drive,s1
4021,safe_drive,s1
4022,safe_drive,s1
4023,safe_drive,s1
4024,safe_drive,s1
4025,safe_drive,s1
4026,safe_drive,s1
4027,safe_drive,s1
4028,safe_drive,s1
4029,safe_drive,s1
4030,safe_drive,s1
4031,safe_drive,s1
4032,safe_drive,s1
4033,safe_drive,s1
4034,safe_drive,s1
4035,safe_drive,s1
4036,safe_drive,s1
4037,safe_drive,s1
4038,safe_drive,s1
4039,safe_drive,s1
4040,safe_drive,s1
4041,safe_drive,s1
4042,safe_drive,s1
4043,safe_drive,s1
4044,safe_drive,s1
4045,safe_drive,s1
4046,safe_drive,s1
4047,safe_drive,s1
4048,safe_drive,s1
4049,safe_drive,s1
4050,safe_drive,s1
4051,safe_drive,s1
4052,safe_drive,s1
4053,safe_drive,s1
4054,safe_drive,s1
4055,safe_drive,s1
4056,safe_drive,s1
4057,safe_drive,s1
4058,safe_drive,s1
4059,safe_drive,s1
4060,safe_drive,s1
4061,safe_drive,s1
4062,safe_drive,s1
4063,safe_drive,s1
4064,safe_drive,s1
4065,safe_drive,s1
4066,safe_drive,s1
4067,safe_drive,s1
4068,safe_drive,s1
4069,safe_drive,s1
4070,safe_drive,s1
4071,safe_drive,s1
4072,safe_drive,s1
4073,safe_drive,s1
4074,safe_drive,s1
4075,safe_drive,s1
4076,safe_drive,s1
4077,safe_drive,s1
4078,safe_drive,s1
4079,safe_drive,s1
4080,safe_drive,s1
4081,safe_drive,s1
4082,safe_drive,s1
4083,safe_drive,s1
4084,safe_drive,s1
4085,safe_drive,s1
4086,safe_drive,s1
4087,safe_drive,s1
4088,safe_drive,s1
4089,safe_drive,s1
4090,safe_drive,s1
4091,safe_drive,s1
4092,safe_drive,s1
4093,safe_drive,s1
4094,safe_drive,s1
4095,safe_drive,s1
4096,safe_drive,s1
4097,safe_drive,s1
4098,safe_drive,s1
4099,safe_drive,s1
4100,safe_drive,s1
4101,safe_drive,s1
4102,safe_drive,s1
4103,safe_drive,s1
4104,safe_drive,s1
4105,safe_drive,s1
4106,safe_drive,s1
4107,safe_drive,s1
4108,safe_drive,s1
4109,safe_drive,s1
4110,safe_drive,s1
4111,safe_drive,s1
4112,safe_drive,s1
4113,safe_drive,s1
4114,safe_drive,s1
4115,safe_drive,s1
4116,safe_drive,s1
4117,safe_drive,s1
4118,safe_drive,s1
4119,safe_drive,s1
4120,safe_drive,s1
4121,safe_drive,s1
4122,safe_drive,s1
4123,safe_drive,s1
4124,safe_drive,s1
4125,safe_drive,s1
4126,safe_drive,s1
4127,safe_drive,s1
4128,safe_drive,s1
4129,safe_drive,s1
4130,safe_drive,s1
4131,safe_drive,s1
4132,safe_drive,s1
4133,safe_drive,s1
4134,safe_drive,s1
4135,safe_drive,s1
4136,safe_drive,s1
4137,safe_drive,s1
4138,safe_drive,s1
4139,safe_drive,s1
4140,safe_drive,s1
4141,safe_drive,s1
4142,safe_drive,s1
4143,safe_drive,s1
4144,safe_drive,s1
4145,safe_drive,s1
4146,safe_drive,s1
4147,safe_drive,s1
4148,safe_drive,s1
4149,safe_drive,s1
4150,safe_drive,s1
4151,safe_drive,s1
4152,safe_drive,s1
4153,safe_drive,s1
4154,safe_drive,s1
4155,safe_drive,s1
4156,safe_drive,s1
4157,safe_drive,s1
4158,safe_drive,s1
4159,safe_drive,s1
4160,safe_drive,s1
4161,safe_drive,s1
4162,safe_drive,s1
4163,safe_drive,s1
4164,safe_drive,s1
4165,safe_drive,s1
4166,safe_drive,s1
4167,safe_drive,s1
4168,safe_drive,s1
4169,safe_drive,s1
4170,safe_drive,s1
4171,safe_drive,s1
4172,safe_drive,s1
4173,safe_drive,s1
4174,safe_drive,s1
4175,safe_drive,s1
4176,safe_drive,s1
4177,safe_drive,s1
4178,safe_drive,s1
4179,safe_drive,s1
4180,safe_drive,s1
4181,safe_drive,s1
4182,safe_drive,s1
4183,safe_drive,s1
4184,safe_drive,s1
4185,safe_drive,s1
4186,safe_drive,s1
4187,safe_drive,s1
4188,safe_drive,s1
4189,safe_drive,s1
4190,safe_drive,s1
4191,safe_drive,s1
4192,safe_drive,s1
4193,safe_drive,s1
4194,safe_drive,s1
4195,safe_drive,s1
4196,safe_drive,s1
4197,safe_drive,s1
4198,safe_drive,s1
4199,safe_drive,s1
4200,safe_drive,s1
4201,safe_drive,s1
4202,safe_drive,s1
4203,safe_drive,s1
4204,safe_drive,s1
4205,safe_drive,s1
4206,safe_drive,s1
4207,safe_drive,s1
4208,safe_drive,s1
4209,safe_drive,s1
4210,safe_drive,s1
4211,safe_drive,s1
4212,safe_drive,s1
4213,safe_drive,s1
4214,safe_drive,s1
4215,safe_drive,s1
4216,safe_drive,s1
4217,safe_drive,s1
4218,safe_drive,s1
4219,safe_drive,s1
4220,safe_drive,s1
4221,safe_drive,s1
4222,safe_drive,s1
4223,safe_drive,s1
4224,safe_drive,s1
4225,safe_drive,s1
4226,safe_drive,s1
4227,safe_drive,s1
4228,safe_drive,s1
4229,safe_drive,s1
4230,safe_drive,s1
4231,safe_drive,s1
4232,safe_drive,s1
4233,safe_drive,s1
4234,safe_drive,s1
4235,safe_drive,s1
4236,safe_drive,s1
4237,safe_drive,s1
4238,safe_drive,s1
4239,safe_drive,s1
4240,safe_drive,s1
4241,safe_drive,s1
4242,safe_drive,s1
4243,safe_drive,s1
4244,safe_drive,s1
4245,safe_drive,s1
4246,safe_drive,s1
4247,safe_drive,s1
4248,safe_drive,s1
4249,safe_drive,s1
4250,safe_drive,s1
4251,safe_drive,s1
4252,safe_drive,s1
4253,safe_drive,s1
4254,safe_drive,s1
4255,safe_drive,s1
4256,safe_drive,s1
4257,safe_drive,s1
4258,safe_drive,s1
4259,safe_drive,s1
4260,safe_drive,s1
4261,safe_drive,s1
4262,safe_drive,s1
4263,safe_drive,s1
4264,safe_drive,s1
4265,safe_drive,s1
4266,safe_drive,s1
4267,safe_drive,s1
4268,safe_drive,s1
4269,safe_drive,s1
4270,safe_drive,s1
4271,safe_drive,s1
4272,safe_drive,s1
4273,safe_drive,s1
4274,safe_drive,s1
4275,safe_drive,s1
4276,safe_drive,s1
4277,safe_drive,s1
4278,safe_drive,s1
4279,safe_drive,s1
4280,safe_drive,s1
4281,safe_drive,s1
4282,safe_drive,s1
4283,safe_drive,s1
4284,safe_drive,s1
4285,safe_drive,s1
4286,safe_drive,s1
4287,safe_drive,s1
4288,safe_drive,s1
4289,safe_drive,s1
4290,safe_drive,s1
4291,safe_drive,s1
4292,safe_drive,s1
4293,safe_drive,s1
4294,safe_drive,s1
4295,safe_drive,s1
4296,safe_drive,s1
4297,safe_drive,s1
4298,safe_drive,s1
4299,safe_drive,s1
4300,safe_drive,s1
4301,safe_drive,s1
4302,safe_drive,s1
4303,safe_drive,s1
4304,safe_drive,s1
4305,safe_drive,s1
4306,safe_drive,s1
4307,safe_drive,s1
4308,safe_drive,s1
4309,safe_drive,s1
4310,safe_drive,s1
4311,safe_drive,s1
4312,safe_drive,s1
4313,safe_drive,s1
4314,safe_drive,s1
4315,safe_drive,s1
4316,safe_drive,s1
4317,safe_drive,s1
4318,safe_drive,s1
4319,safe_drive,s1
4320,safe_drive,s1
4321,safe_drive,s1
4322,safe_drive,s1
4323,safe_drive,s1
4324,safe_drive,s1
4325,safe_drive,s1
4326,safe_drive,s1
4327,safe_drive,s1
4328,safe_drive,s1
4329,safe_drive,s1
4330,safe_drive,s1
4331,safe_drive,s1
4332,safe_drive,s1
4333,safe_drive,s1
4334,safe_drive,s1
4335,safe_drive,s1
4336,safe_drive,s1
4337,safe_drive,s1
4338,safe_drive,s1
4339,safe_drive,s1
4340,safe_drive,s1
4341,safe_drive,s1
4342,safe_drive,s1
4343,safe_drive,s1
4344,safe_drive,s1
4345,safe_drive,s1
4346,safe_drive,s1
4347,safe_drive,s1
4348,safe_drive,s1
4349,safe_drive,s1
4350,safe_drive,s1
4351,safe_drive,s1
4352,safe_drive,s1
4353,safe_drive,s1
4354,safe_drive,s1
4355,safe_drive,s1
4356,safe_drive,s1
4357,safe_drive,s1
4358,safe_drive,s1
4359,safe_drive,s1
4360,safe_drive,s1
4361,safe_drive,s1
4362,safe_drive,s1
4363,safe_drive,s1
4364,safe_drive,s1
4365,safe_drive,s1
4366,safe_drive,s1
4367,safe_drive,s1
4368,safe_drive,s1
4369,safe_drive,s1
4370,safe_drive,s1
4371,safe_drive,s1
4372,safe_drive,s1
4373,safe_drive,s1
4374,safe_drive,s1
4375,safe_drive,s1
4376,safe_drive,s1
4377,safe_drive,s1
4378,safe_drive,s1
4379,safe_drive,s1
4380,safe_drive,s1
4381,safe_drive,s1
4382,safe_drive,s1
4383,safe_drive,s1
4384,safe_drive,s1
4385,safe_drive,s1
4386,safe_drive,s1
4387,safe_drive,s1
4388,safe_drive,s1
4389,safe_drive,s1
4390,safe_drive,s1
4391,safe_drive,s1
4392,safe_drive,s1
4393,safe_drive,s1
4394,safe_drive,s1
4395,safe_drive,s1
4396,safe_drive,s1
4397,safe_drive,s1
4398,safe_drive,s1
4399,safe_drive,s1
4400,safe_drive,s1
4401,safe_drive,s1
4402,safe_drive,s1
4403,safe_drive,s1
4404,safe_drive,s1
4405,safe_drive,s1
4406,safe_drive,s1
4407,safe_drive,s1
4408,safe_drive,s1
4409,safe_drive,s1
4410,safe_drive,s1
4411,safe_drive,s1
4412,safe_drive,s1
4413,safe_drive,s1
4414,safe_drive,s1
4415,safe_drive,s1
4416,safe_drive,s1
4417,safe_drive,s1
4418,safe_drive,s1
4419,safe_drive,s1
4420,safe_drive,s1
4421,safe_drive,s1
4422,safe_drive,s1
4423,safe_drive,s1
4424,safe_drive,s1
4425,safe_drive,s1
4426,safe_drive,s1
4427,safe_drive,s1
4428,safe_drive,s1
4429,safe_drive,s1
4430,safe_drive,s1
4431,safe_drive,s1
4432,safe_drive,s1
4433,safe_drive,s1
4434,safe_drive,s1
4435,safe_drive,s1
4436,safe_drive,s1
4437,safe_drive,s1
4438,safe_drive,s1
4439,safe_drive,s1
4440,safe_drive,s1
4441,safe_drive,s1
4442,safe_drive,s1
4443,safe_drive,s1
4444,safe_drive,s1
4445,safe_drive,s1
4446,safe_drive,s1
4447,safe_drive,s1
4448,safe_drive,s1
4449,safe_drive,s1
4450,safe_drive,s1
4451,safe_drive,s1
4452,safe_drive,s1
4453,safe_drive,s1
4454,safe_drive,s1
4455,safe_drive,s1
4456,safe_drive,s1
4457,safe_drive,s1
4458,safe_drive,s1
4459,safe_drive,s1
4460,safe_drive,s1
4461,safe_drive,s1
4462,safe_drive,s1
4463,safe_drive,s1
4464,safe_drive,s1
4465,safe_drive,s1
4466,safe_drive,s1
4467,safe_drive,s1
4468,safe_drive,s1
4469,safe_drive,s1
4470,safe_drive,s1
4471,safe_drive,s1
4472,safe_drive,s1
4473,safe_drive,s1
4474,safe_drive,s1
4475,safe_drive,s1
4476,safe_drive,s1
4477,safe_drive,s1
4478,safe_drive,s1
4479,safe_drive,s1
4480,safe_drive,s1
4481,safe_drive,s1
4482,safe_drive,s1
4483,safe_drive,s1
4484,safe_drive,s1
4485,safe_drive,s1
4486,safe_drive,s1
4487,safe_drive,s1
4488,safe_drive,s1
4489,safe_drive,s1
4490,safe_drive,s1
4491,safe_drive,s1
4492,safe_drive,s1
4493,safe_drive,s1
4494,safe_drive,s1
4495,safe_drive,s1
4496,safe_drive,s1
4497,safe_drive,s1
4498,safe_drive,s1
4499,safe_drive,s1
4500,safe_drive,s1
4501,safe_drive,s1
4502,safe_drive,s1
4503,safe_drive,s1
4504,safe_drive,s1
4505,safe_drive,s1
4506,safe_drive,s1
4507,safe_drive,s1
4508,safe_drive,s1
4509,safe_drive,s1
4510,safe_drive,s1
4511,safe_drive,s1
4512,safe_drive,s1
4513,safe_drive,s1
4514,safe_drive,s1
4515,safe_drive,s1
4516,safe_drive,s1
4517,safe_drive,s1
4518,safe_drive,s1
4519,safe_drive,s1
4520,safe_drive,s1
4521,safe_drive,s1
4522,safe_drive,s1
4523,safe_drive,s1
4524,safe_drive,s1
4525,safe_drive,s1
4526,safe_drive,s1
4527,safe_drive,s1
4528,safe_drive,s1
4529,safe_drive,s1
4530,safe_drive,s1
4531,safe_drive,s1
4532,safe_drive,s1
4533,safe_drive,s1
4534,safe_drive,s1
4535,safe_drive,s1
4536,safe_drive,s1
4537,safe_drive,s1
4538,safe_drive,s1
4539,safe_drive,s1
4540,safe_drive,s1
4541,safe_drive,s1
4542,safe_drive,s1
4543,safe_drive,s1
4544,safe_drive,s1
4545,safe_drive,s1
4546,safe_drive,s1
4547,safe_drive,s1
4548,safe_drive,s1
4549,safe_drive,s1
4550,safe_drive,s1
4551,safe_drive,s1
4552,safe_drive,s1
4553,safe_drive,s1
4554,safe_drive,s1
4555,safe_drive,s1
4556,safe_drive,s1
4557,safe_drive,s1
4558,safe_drive,s1
4559,safe_drive,s1
4560,safe_drive,s1
4561,safe_drive,s1
4562,safe_drive,s1
4563,safe_drive,s1
4564,safe_drive,s1
4565,safe_drive,s1
4566,safe_drive,s1
4567,safe_drive,s1
4568,safe_drive,s1
4569,safe_drive,s1
4570,safe_drive,s1
4571,safe_drive,s1
4572,safe_drive,s1
4573,safe_drive,s1
4574,safe_drive,s1
4575,safe_drive,s1
4576,safe_drive,s1
4577,safe_drive,s1
4578,safe_drive,s1
4579,safe_drive,s1
4580,safe_drive,s1
4581,safe_drive,s1
4582,safe_drive,s1
4583,safe_drive,s1
4584,safe_drive,s1
4585,safe_drive,s1
4586,safe_drive,s1
4587,safe_drive,s1
4588,safe_drive,s1
4589,safe_drive,s1
4590,safe_drive,s1
4591,safe_drive,s1
4592,safe_drive,s1
4593,safe_drive,s1
4594,safe_drive,s1
4595,safe_drive,s1
4596,safe_drive,s1
4597,safe_drive,s1
4598,safe_drive,s1
4599,safe_drive,s1
4600,safe_drive,s1
4601,safe_drive,s1
4602,safe_drive,s1
4603,safe_drive,s1
4604,safe_drive,s1
4605,safe_drive,s1
4606,safe_drive,s1
4607,safe_drive,s1
4608,safe_drive,s1
4609,safe_drive,s1
4610,safe_drive,s1
4611,safe_drive,s1
4612,safe_drive,s1
4613,safe_drive,s1
4614,safe_drive,s1
4615,safe_drive,s1
4616,safe_drive,s1
4617,safe_drive,s1
4618,safe_drive,s1
4619,safe_drive,s1
4620,safe_drive,s1
4621,safe_drive,s1
4622,safe_drive,s1
4623,safe_drive,s1
4624,safe_drive,s1
4625,safe_drive,s1
4626,safe_drive,s1
4627,safe_drive,s1
4628,safe_drive,s1
4629,safe_drive,s1
4630,safe_drive,s1
4631,safe_drive,s1
4632,safe_drive,s1
4633,safe_drive,s1
4634,safe_drive,s1
4635,safe_drive,s1
4636,safe_drive,s1
4637,safe_drive,s1
4638,safe_drive,s1
4639,safe_drive,s1
4640,safe_drive,s1
4641,safe_drive,s1
4642,safe_drive,s1
4643,safe_drive,s1
4644,safe_drive,s1
4645,safe_drive,s1
4646,safe_drive,s1
4647,safe_drive,s1
4648,safe_drive,s1
4649,safe_drive,s1
4650,safe_drive,s1
4651,safe_drive,s1
4652,safe_drive,s1
4653,safe_drive,s1
4654,safe_drive,s1
4655,safe_drive,s1
4656,safe_drive,s1
4657,safe_drive,s1
4658,safe_drive,s1
4659,safe_drive,s1
4660,safe_drive,s1
4661,safe_drive,s1
4662,safe_drive,s1
4663,safe_drive,s1
4664,safe_drive,s1
4665,safe_drive,s1
4666,safe_drive,s1
4667,safe_drive,s1
4668,safe_drive,s1
4669,safe_drive,s1
4670,safe_drive,s1
4671,safe_drive,s1
4672,safe_drive,s1
4673,safe_drive,s1
4674,safe_drive,s1
4675,safe_drive,s1
4676,safe_drive,s1
4677,safe_drive,s1
4678,safe_drive,s1
4679,safe_drive,s1
4680,safe_drive,s1
4681,safe_drive,s1
4682,safe_drive,s1
4683,safe_drive,s1
4684,safe_drive,s1
4685,safe_drive,s1
4686,safe_drive,s1
4687,safe_drive,s1
4688,safe_drive,s1
4689,safe_drive,s1
4690,safe_drive,s1
4691,safe_drive,s1
4692,safe_drive,s1
4693,safe_drive,s1
4694,safe_drive,s1
4695,safe_drive,s1
4696,safe_drive,s1
4697,safe_drive,s1
4698,safe_drive,s1
4699,safe_drive,s1
4700,safe_drive,s1
4701,safe_drive,s1
4702,safe_drive,s1
4703,safe_drive,s1
4704,safe_drive,s1
4705,safe_drive,s1
4706,safe_drive,s1
4707,safe_drive,s1
4708,safe_drive,s1
4709,safe_drive,s1
4710,safe_drive,s1
4711,safe_drive,s1
4712,safe_drive,s1
4713,safe_drive,s1
4714,safe_drive,s1
4715,safe_drive,s1
4716,safe_drive,s1
4717,safe_drive,s1
4718,safe_drive,s1
4719,safe_drive,s1
4720,safe_drive,s1
4721,safe_drive,s1
4722,safe_drive,s1
4723,safe_drive,s1
4724,safe_drive,s1
4725,safe_drive,s1
4726,safe_drive,s1
4727,safe_drive,s1
4728,safe_drive,s1
4729,safe_drive,s1
4730,safe_drive,s1
4731,safe_drive,s1
4732,safe_drive,s1
4733,safe_drive,s1
4734,safe_drive,s1
4735,safe_drive,s1
4736,safe_drive,s1
4737,safe_drive,s1
4738,safe_drive,s1
4739,safe_drive,s1
4740,safe_drive,s1
4741,safe_drive,s1
4742,safe_drive,s1
4743,safe_drive,s1
4744,safe_drive,s1
4745,safe_drive,s1
4746,safe_drive,s1
4747,safe_drive,s1
4748,safe_drive,s1
4749,safe_drive,s1
4750,safe_drive,s1
4751,safe_drive,s1
4752,safe_drive,s1
4753,safe_drive,s1
4754,safe_drive,s1
4755,safe_drive,s1
4756,safe_drive,s1
4757,safe_drive,s1
4758,safe_drive,s1
4759,safe_drive,s1
4760,safe_drive,s1
4761,safe_drive,s1
4762,safe_drive,s1
4763,safe_drive,s1
4764,safe_drive,s1
4765,safe_drive,s1
4766,safe_drive,s1
4767,safe_drive,s1
4768,safe_drive,s1
4769,safe_drive,s1
4770,safe_drive,s1
4771,safe_drive,s1
4772,safe_drive,s1
4773,safe_drive,s1
4774,safe_drive,s1
4775,safe_drive,s1
4776,safe_drive,s1
4777,safe_drive,s1
4778,safe_drive,s1
4779,safe_drive,s1
4780,safe_drive,s1
4781,safe_drive,s1
4782,safe_drive,s1
4783,safe_drive,s1
4784,safe_drive,s1
4785,safe_drive,s1
4786,safe_drive,s1
4787,safe_drive,s1
4788,safe_drive,s1
4789,safe_drive,s1
4790,safe_drive,s1
4791,safe_drive,s1
4792,safe_drive,s1
4793,safe_drive,s1
4794,safe_drive,s1
4795,safe_drive,s1
4796,safe_drive,s1
4797,safe_drive,s1
4798,safe_drive,s1
4799,safe_drive,s1
4800,safe_drive,s1
4801,safe_drive,s1
4802,safe_drive,s1
4803,safe_drive,s1
4804,safe_drive,s1
4805,safe_drive,s1
4806,safe_drive,s1
4807,safe_drive,s1
4808,safe_drive,s1
4809,safe_drive,s1
4810,safe_drive,s1
4811,safe_drive,s1
4812,safe_drive,s1
4813,safe_drive,s1
4814,safe_drive,s1
4815,safe_drive,s1
4816,safe_drive,s1
4817,safe_drive,s1
4818,safe_drive,s1
4819,safe_drive,s1
4820,safe_drive,s1
4821,safe_drive,s1
4822,safe_drive,s1
4823,safe_drive,s1
4824,safe_drive,s1
4825,safe_drive,s1
4826,safe_drive,s1
4827,safe_drive,s1
4828,safe_drive,s1
4829,safe_drive,s1
4830,safe_drive,s1
4831,safe_drive,s1
4832,safe_drive,s1
4833,safe_drive,s1
4834,safe_drive,s1
4835,safe_drive,s1
4836,safe_drive,s1
4837,safe_drive,s1
4838,safe_drive,s1
4839,safe_drive,s1
4840,safe_drive,s1
4841,safe_drive,s1
4842,safe_drive,s1
4843,safe_drive,s1
4844,safe_drive,s1
4845,safe_drive,s1
4846,safe_drive,s1
4847,safe_drive,s1
4848,safe_drive,s1
4849,safe_drive,s1
4850,safe_drive,s1
4851,safe_drive,s1
4852,safe_drive,s1
4853,safe_drive,s1
4854,safe_drive,s1
4855,safe_drive,s1
4856,safe_drive,s1
4857,safe_drive,s1
4858,safe_drive,s1
4859,safe_drive,s1
4860,safe_drive,s1
4861,safe_drive,s1
4862,safe_drive,s1
4863,safe_drive,s1
4864,safe_drive,s1
4865,safe_drive,s1
4866,safe_drive,s1
4867,safe_drive,s1
4868,safe_drive,s1
4869,safe_drive,s1
4870,safe_drive,s1
4871,safe_drive,s1
4872,safe_drive,s1
4873,safe_drive,s1
4874,safe_drive,s1
4875,safe_drive,s1
4876,safe_drive,s1
4877,safe_drive,s1
4878,safe_drive,s1
4879,safe_drive,s1
4880,safe_drive,s1
4881,safe_drive,s1
4882,safe_drive,s1
4883,safe_drive,s1
4884,safe_drive,s1
4885,safe_drive,s1
4886,safe_drive,s1
4887,safe_drive,s1
4888,safe_drive,s1
4889,safe_drive,s1
4890,safe_drive,s1
4891,safe_drive,s1
4892,safe_drive,s1
4893,safe_drive,s1
4894,safe_drive,s1
4895,safe_drive,s1
4896,safe_drive,s1
4897,safe_drive,s1
4898,safe_drive,s1
4899,safe_drive,s1
4900,safe_drive,s1
4901,safe_drive,s1
4902,safe_drive,s1
4903,safe_drive,s1
4904,safe_drive,s1
4905,safe_drive,s1
4906,safe_drive,s1
5235,safe_drive,s1
5236,safe_drive,s1
5237,safe_drive,s1
5238,safe_drive,s1
5239,safe_drive,s1
5240,safe_drive,s1
5241,safe_drive,s1
5242,safe_drive,s1
5243,safe_drive,s1
5244,safe_drive,s1
5245,safe_drive,s1
5246,safe_drive,s1
5247,safe_drive,s1
5248,safe_drive,s1
5249,safe_drive,s1
5250,safe_drive,s1
5251,safe_drive,s1
5252,safe_drive,s1
5253,safe_drive,s1
5254,safe_drive,s1
5255,safe_drive,s1
5256,safe_drive,s1
5257,safe_drive,s1
5258,safe_drive,s1
5259,safe_drive,s1
5260,safe_drive,s1
5261,safe_drive,s1
5262,safe_drive,s1
5263,safe_drive,s1
5264,safe_drive,s1
5265,safe_drive,s1
5266,safe_drive,s1
5267,safe_drive,s1
5268,safe_drive,s1
5269,safe_drive,s1
5270,safe_drive,s1
5271,safe_drive,s1
5272,safe_drive,s1
5273,safe_drive,s1
5274,safe_drive,s1
5275,safe_drive,s1
5276,safe_drive,s1
5277,safe_drive,s1
5278,safe_drive,s1
5279,safe_drive,s1
5280,safe_drive,s1
5281,safe_drive,s1
5282,safe_drive,s1
5283,safe_drive,s1
5284,safe_drive,s1
5285,safe_drive,s1
5286,safe_drive,s1
5287,safe_drive,s1
5288,safe_drive,s1
5289,safe_drive,s1
5290,safe_drive,s1
5291,safe_drive,s1
5292,safe_drive,s1
5293,safe_drive,s1
5294,safe_drive,s1
5295,safe_drive,s1
5296,safe_drive,s1
5297,safe_drive,s1
5298,safe_drive,s1
5299,safe_drive,s1
5300,safe_drive,s1
5301,safe_drive,s1
5302,safe_drive,s1
5303,safe_drive,s1
5304,safe_drive,s1
5305,safe_drive,s1
5306,safe_drive,s1
5307,safe_drive,s1
5308,safe_drive,s1
5309,safe_drive,s1
5310,safe_drive,s1
5311,safe_drive,s1
5312,safe_drive,s1
5313,safe_drive,s1
5314,safe_drive,s1
5315,safe_drive,s1
5316,safe_drive,s1
5317,safe_drive,s1
5318,safe_drive,s1
5319,safe_drive,s1
5320,safe_drive,s1
5321,safe_drive,s1
5322,safe_drive,s1
5323,safe_drive,s1
5324,safe_drive,s1
5325,safe_drive,s1
5326,safe_drive,s1
5327,safe_drive,s1
5328,safe_drive,s1
5329,safe_drive,s1
5330,safe_drive,s1
5331,safe_drive,s1
5332,safe_drive,s1
5333,safe_drive,s1
5334,safe_drive,s1
5335,safe_drive,s1
5336,safe_drive,s1
5337,safe_drive,s1
5338,safe_drive,s1
5339,safe_drive,s1
5340,safe_drive,s1
5341,safe_drive,s1
5342,safe_drive,s1
5343,safe_drive,s1
5344,safe_drive,s1
5345,safe_drive,s1
5346,safe_drive,s1
5347,safe_drive,s1
5348,safe_drive,s1
5349,safe_drive,s1
5350,safe_drive,s1
5351,safe_drive,s1
5352,safe_drive,s1
5353,safe_drive,s1
5354,safe_drive,s1
5355,safe_drive,s1
5356,safe_drive,s1
5357,safe_drive,s1
5358,safe_drive,s1
5359,safe_drive,s1
5360,safe_drive,s1
5361,safe_drive,s1
5362,safe_drive,s1
5363,safe_drive,s1
5364,safe_drive,s1
5365,safe_drive,s1
5366,safe_drive,s1
5367,safe_drive,s1
5368,safe_drive,s1
5369,safe_drive,s1
5370,safe_drive,s1
5371,safe_drive,s1
5372,safe_drive,s1
5373,safe_drive,s1
5374,safe_drive,s1
5375,safe_drive,s1
5376,safe_drive,s1
5377,safe_drive,s1
5378,safe_drive,s1
5379,safe_drive,s1
5380,safe_drive,s1
5381,safe_drive,s1
5382,safe_drive,s1
5383,safe_drive,s1
5384,safe_drive,s1
5385,safe_drive,s1
5386,safe_drive,s1
5387,safe_drive,s1
5388,safe_drive,s1
5389,safe_drive,s1
5390,safe_drive,s1
5391,safe_drive,s1
5392,safe_drive,s1
5393,safe_drive,s1
5394,safe_drive,s1
5395,safe_drive,s1
5396,safe_drive,s1
5397,safe_drive,s1
5398,safe_drive,s1
5399,safe_drive,s1
5400,safe_drive,s1
5401,safe_drive,s1
5402,safe_drive,s1
5403,safe_drive,s1
5404,safe_drive,s1
5405,safe_drive,s1
5406,safe_drive,s1
5407,safe_drive,s1
5408,safe_drive,s1
5409,safe_drive,s1
5410,safe_drive,s1
5411,safe_drive,s1
5412,safe_drive,s1
5413,safe_drive,s1
5414,safe_drive,s1
5415,safe_drive,s1
5416,safe_drive,s1
5417,safe_drive,s1
5418,safe_drive,s1
5419,safe_drive,s1
5420,safe_drive,s1
5421,safe_drive,s1
5422,safe_drive,s1
5423,safe_drive,s1
5424,safe_drive,s1
5425,safe_drive,s1
5426,safe_drive,s1
5427,reach_side,s1
5428,reach_side,s1
5429,reach_side,s1
5430,reach_side,s1
5431,reach_side,s1
5432,reach_side,s1
5433,reach_side,s1
5434,reach_side,s1
5435,reach_side,s1
5436,reach_side,s1
5437,reach_side,s1
5438,reach_side,s1
5439,reach_side,s1
5440,reach_side,s1
5441,reach_side,s1
5442,reach_side,s1
5443,reach_side,s1
5444,reach_side,s1
5445,reach_side,s1
5446,reach_side,s1
5447,reach_side,s1
5448,reach_side,s1
5449,reach_side,s1
5450,reach_side,s1
5451,reach_side,s1
5452,reach_side,s1
5453,reach_side,s1
5454,reach_side,s1
5455,reach_side,s1
5456,reach_side,s1
5457,reach_side,s1
5458,reach_side,s1
5459,reach_side,s1
5460,reach_side,s1
5461,reach_side,s1
5462,reach_side,s1
5463,reach_side,s1
5464,reach_side,s1
5465,reach_side,s1
5466,reach_side,s1
5467,reach_side,s1
5468,reach_side,s1
5469,reach_side,s1
5470,reach_side,s1
5471,reach_side,s1
5472,reach_side,s1
5473,reach_side,s1
5474,reach_side,s1
5475,reach_side,s1
5476,reach_side,s1
5477,reach_side,s1
5478,reach_side,s1
5600,drinking,s1
5601,drinking,s1
5602,drinking,s1
5603,drinking,s1
5604,drinking,s1
5605,drinking,s1
5606,drinking,s1
5607,drinking,s1
5608,drinking,s1
5609,drinking,s1
5610,drinking,s1
5611,drinking,s1
5612,drinking,s1
5613,drinking,s1
5614,drinking,s1
5615,drinking,s1
5616,drinking,s1
5617,drinking,s1
5618,drinking,s1
5619,drinking,s1
5620,drinking,s1
5621,drinking,s1
5622,drinking,s1
5623,drinking,s1
5624,drinking,s1
5625,drinking,s1
5626,drinking,s1
5627,drinking,s1
5628,drinking,s1
5629,drinking,s1
5630,drinking,s1
5631,drinking,s1
5632,drinking,s1
5633,drinking,s1
5634,drinking,s1
5635,drinking,s1
5636,drinking,s1
5637,drinking,s1
5638,drinking,s1
5639,drinking,s1
5640,drinking,s1
5641,drinking,s1
5642,drinking,s1
5643,drinking,s1
5644,drinking,s1
5645,drinking,s1
5646,drinking,s1
5647,drinking,s1
5648,drinking,s1
5649,drinking,s1
5650,drinking,s1
5651,drinking,s1
5652,drinking,s1
5653,drinking,s1
5654,drinking,s1
5655,drinking,s1
5656,drinking,s1
5657,drinking,s1
5658,drinking,s1
5659,drinking,s1
5660,drinking,s1
5661,drinking,s1
5662,drinking,s1
5663,drinking,s1
5664,drinking,s1
5665,drinking,s1
5666,drinking,s1
5667,drinking,s1
5668,drinking,s1
5669,drinking,s1
5670,drinking,s1
5671,drinking,s1
5672,drinking,s1
5673,drinking,s1
5674,drinking,s1
5675,drinking,s1
5676,drinking,s1
5677,drinking,s1
5678,drinking,s1
5679,drinking,s1
5680,drinking,s1
5681,drinking,s1
5682,drinking,s1
5683,drinking,s1
5684,drinking,s1
5685,drinking,s1
5686,drinking,s1
5687,drinking,s1
5688,drinking,s1
5689,drinking,s1
5690,drinking,s1
5691,drinking,s1
5692,drinking,s1
5693,drinking,s1
5694,drinking,s1
5695,drinking,s1
5696,drinking,s1
5697,drinking,s1
5698,drinking,s1
5699,drinking,s1
5700,drinking,s1
5701,drinking,s1
5702,drinking,s1
5703,drinking,s1
5704,drinking,s1
5705,drinking,s1
5706,drinking,s1
5707,drinking,s1
5708,drinking,s1
5709,drinking,s1
5710,drinking,s1
5711,drinking,s1
5712,drinking,s1
5713,drinking,s1
5714,drinking,s1
5715,drinking,s1
5716,drinking,s1
5717,drinking,s1
5718,drinking,s1
5719,drinking,s1
5720,drinking,s1
5721,drinking,s1
5722,drinking,s1
5723,drinking,s1
5724,drinking,s1
5725,drinking,s1
5726,drinking,s1
5727,drinking,s1
5728,drinking,s1
5729,drinking,s1
5730,drinking,s1
5731,drinking,s1
5732,drinking,s1
5733,drinking,s1
5734,drinking,s1
5735,drinking,s1
5736,drinking,s1
5737,drinking,s1
5738,drinking,s1
5739,drinking,s1
5740,drinking,s1
5741,drinking,s1
5742,drinking,s1
5743,drinking,s1
5744,drinking,s1
5745,drinking,s1
5746,drinking,s1
5747,drinking,s1
5748,drinking,s1
5749,drinking,s1
5750,drinking,s1
5751,drinking,s1
5752,drinking,s1
5753,drinking,s1
5754,drinking,s1
5755,drinking,s1
5756,drinking,s1
5757,drinking,s1
5758,drinking,s1
5759,drinking,s1
5760,drinking,s1
5761,drinking,s1
5762,drinking,s1
5763,drinking,s1
5764,drinking,s1
5765,drinking,s1
5766,drinking,s1
5767,drinking,s1
5768,drinking,s1
5769,drinking,s1
5770,drinking,s1
5771,drinking,s1
5772,drinking,s1
5773,drinking,s1
5774,drinking,s1
5775,drinking,s1
5776,drinking,s1
5777,drinking,s1
5778,drinking,s1
5779,drinking,s1
5780,drinking,s1
5781,drinking,s1
5782,drinking,s1
5783,drinking,s1
5784,drinking,s1
5785,drinking,s1
5786,drinking,s1
5787,drinking,s1
5788,drinking,s1
5789,drinking,s1
5790,drinking,s1
5791,drinking,s1
5792,drinking,s1
5793,drinking,s1
5794,drinking,s1
5795,drinking,s1
5796,drinking,s1
5797,drinking,s1
5798,drinking,s1
5799,drinking,s1
5800,drinking,s1
5801,drinking,s1
5802,drinking,s1
5803,drinking,s1
5804,drinking,s1
5805,drinking,s1
5806,drinking,s1
5807,drinking,s1
5808,drinking,s1
5809,drinking,s1
5810,drinking,s1
5811,drinking,s1
5812,drinking,s1
5813,drinking,s1
5814,drinking,s1
5815,drinking,s1
5816,drinking,s1
5817,drinking,s1
5818,drinking,s1
5819,drinking,s1
5820,drinking,s1
5821,drinking,s1
5822,drinking,s1
5823,drinking,s1
5824,drinking,s1
5825,drinking,s1
5826,drinking,s1
5827,drinking,s1
5828,drinking,s1
5829,drinking,s1
5830,drinking,s1
5831,drinking,s1
5832,drinking,s1
5833,drinking,s1
5834,drinking,s1
5835,drinking,s1
5836,drinking,s1
5837,drinking,s1
5838,drinking,s1
5839,drinking,s1
5840,drinking,s1
5841,drinking,s1
5842,drinking,s1
5843,drinking,s1
5844,drinking,s1
5845,drinking,s1
5846,drinking,s1
5847,drinking,s1
5848,drinking,s1
5849,drinking,s1
5850,drinking,s1
5851,drinking,s1
5852,drinking,s1
5853,drinking,s1
5854,drinking,s1
5855,drinking,s1
5856,drinking,s1
5857,drinking,s1
5858,drinking,s1
5859,drinking,s1
5860,drinking,s1
5861,drinking,s1
5862,drinking,s1
5863,drinking,s1
5864,drinking,s1
5865,drinking,s1
5866,drinking,s1
5867,drinking,s1
5868,drinking,s1
5869,drinking,s1
5870,drinking,s1
5871,drinking,s1
5872,drinking,s1
5873,drinking,s1
5874,drinking,s1
5875,drinking,s1
5876,drinking,s1
5877,drinking,s1
5878,drinking,s1
5879,drinking,s1
5880,drinking,s1
5881,drinking,s1
5882,drinking,s1
5883,drinking,s1
5884,drinking,s1
5885,drinking,s1
5886,drinking,s1
5887,drinking,s1
5888,drinking,s1
5889,drinking,s1
5890,drinking,s1
5891,drinking,s1
5892,drinking,s1
5893,drinking,s1
5894,drinking,s1
5895,drinking,s1
5896,reach_side,s1
5897,reach_side,s1
5898,reach_side,s1
5899,reach_side,s1
5900,reach_side,s1
5901,reach_side,s1
5902,reach_side,s1
5903,reach_side,s1
5904,reach_side,s1
5905,reach_side,s1
5906,reach_side,s1
5907,reach_side,s1
5908,reach_side,s1
5909,reach_side,s1
5910,reach_side,s1
5911,reach_side,s1
5912,reach_side,s1
5913,reach_side,s1
5914,reach_side,s1
5915,reach_side,s1
5916,reach_side,s1
5917,reach_side,s1
5918,reach_side,s1
5919,reach_side,s1
5920,reach_side,s1
5921,reach_side,s1
5922,reach_side,s1
5923,reach_side,s1
5924,reach_side,s1
5925,reach_side,s1
5926,reach_side,s1
5927,reach_side,s1
5928,reach_side,s1
5929,reach_side,s1
5930,reach_side,s1
5931,reach_side,s1
5932,reach_side,s1
5933,reach_side,s1
5934,reach_side,s1
5935,reach_side,s1
5936,reach_side,s1
5937,reach_side,s1
5938,reach_side,s1
5939,reach_side,s1
5940,reach_side,s1
5941,reach_side,s1
5942,reach_side,s1
5943,reach_side,s1
5944,reach_side,s1
5945,reach_side,s1
5946,reach_side,s1
5947,reach_side,s1
5948,reach_side,s1
5949,reach_side,s1
5950,reach_side,s1
5951,reach_side,s1
5952,reach_side,s1
5953,reach_side,s1
5954,reach_side,s1
5955,reach_side,s1
5956,reach_side,s1
5957,reach_side,s1
5958,reach_side,s1
5959,reach_side,s1
5960,reach_side,s1
5961,reach_side,s1
5962,reach_side,s1
5963,reach_side,s1
5964,reach_side,s1
5965,reach_side,s1
5966,reach_side,s1
5967,reach_side,s1
5968,reach_side,s1
5969,reach_side,s1
5970,reach_side,s1
5971,reach_side,s1
5972,reach_side,s1
5973,reach_side,s1
5974,reach_side,s1
5975,reach_side,s1
5976,reach_side,s1
5977,reach_side,s1
5978,reach_side,s1
5979,reach_side,s1
5980,reach_side,s1
5981,reach_side,s1
5982,safe_drive,s1
5983,safe_drive,s1
5984,safe_drive,s1
5985,safe_drive,s1
5986,safe_drive,s1
5987,safe_drive,s1
5988,safe_drive,s1
5989,safe_drive,s1
5990,safe_drive,s1
5991,safe_drive,s1
5992,safe_drive,s1
5993,safe_drive,s1
5994,safe_drive,s1
5995,safe_drive,s1
5996,safe_drive,s1
5997,safe_drive,s1
5998,safe_drive,s1
5999,safe_drive,s1
6000,safe_drive,s1
6001,safe_drive,s1
6002,safe_drive,s1
6003,safe_drive,s1
6004,safe_drive,s1
6005,safe_drive,s1
6006,safe_drive,s1
6007,safe_drive,s1
6008,safe_drive,s1
6009,safe_drive,s1
6010,safe_drive,s1
6011,safe_drive,s1
6012,safe_drive,s1
6013,safe_drive,s1
6014,safe_drive,s1
6015,safe_drive,s1
6016,safe_drive,s1
6017,safe_drive,s1
6018,safe_drive,s1
6019,safe_drive,s1
6020,safe_drive,s1
6021,safe_drive,s1
6022,safe_drive,s1
6023,safe_drive,s1
6024,safe_drive,s1
6025,safe_drive,s1
6026,safe_drive,s1
6027,safe_drive,s1
6028,safe_drive,s1
6029,safe_drive,s1
6030,safe_drive,s1
6031,safe_drive,s1
6032,safe_drive,s1
6033,safe_drive,s1
6034,safe_drive,s1
6035,safe_drive,s1
6036,safe_drive,s1
6037,safe_drive,s1
6038,safe_drive,s1
6039,safe_drive,s1
6040,safe_drive,s1
6041,safe_drive,s1
6042,safe_drive,s1
6043,safe_drive,s1
6044,safe_drive,s1
6045,safe_drive,s1
6046,safe_drive,s1
6047,safe_drive,s1
6048,safe_drive,s1
6049,safe_drive,s1
6050,safe_drive,s1
6051,safe_drive,s1
6052,safe_drive,s1
6053,safe_drive,s1
6054,safe_drive,s1
6055,safe_drive,s1
6056,safe_drive,s1
6057,safe_drive,s1
6058,safe_drive,s1
6059,safe_drive,s1
6060,safe_drive,s1
6061,safe_drive,s1
6062,safe_drive,s1
6063,safe_drive,s1
6064,safe_drive,s1
6065,safe_drive,s1
6066,safe_drive,s1
6067,safe_drive,s1
6068,safe_drive,s1
6069,safe_drive,s1
6070,safe_drive,s1
6071,safe_drive,s1
6072,safe_drive,s1
6073,safe_drive,s1
6074,safe_drive,s1
6075,safe_drive,s1
6076,safe_drive,s1
6077,safe_drive,s1
6078,safe_drive,s1
6079,safe_drive,s1
6080,safe_drive,s1
6081,safe_drive,s1
6082,safe_drive,s1
6083,safe_drive,s1
6084,safe_drive,s1
6085,safe_drive,s1
6086,safe_drive,s1
6087,safe_drive,s1
6088,safe_drive,s1
6089,safe_drive,s1
6090,safe_drive,s1
6091,safe_drive,s1
6092,safe_drive,s1
6093,safe_drive,s1
6094,safe_drive,s1
6095,safe_drive,s1
6096,safe_drive,s1
6097,safe_drive,s1
6098,safe_drive,s1
6099,safe_drive,s1
6100,safe_drive,s1
6101,safe_drive,s1
6102,safe_drive,s1
6103,safe_drive,s1
6104,safe_drive,s1
6105,safe_drive,s1
6106,safe_drive,s1
6107,safe_drive,s1
6108,safe_drive,s1
6109,safe_drive,s1
6110,safe_drive,s1
6111,safe_drive,s1
6112,safe_drive,s1
6113,safe_drive,s1
6114,safe_drive,s1
6115,safe_drive,s1
6116,safe_drive,s1
6117,safe_drive,s1
6118,safe_drive,s1
6119,safe_drive,s1
6120,safe_drive,s1
6121,safe_drive,s1
6122,safe_drive,s1
6123,safe_drive,s1
6124,safe_drive,s1
6125,safe_drive,s1
6126,safe_drive,s1
6127,safe_drive,s1
6128,safe_drive,s1
6129,safe_drive,s1
6130,safe_drive,s1
6131,safe_drive,s1
6132,safe_drive,s1
6133,safe_drive,s1
6134,safe_drive,s1
6135,safe_drive,s1
6136,safe_drive,s1
6137,safe_drive,s1
6138,safe_drive,s1
6139,safe_drive,s1
6140,safe_drive,s1
6141,safe_drive,s1
6142,safe_drive,s1
6143,safe_drive,s1
6144,safe_drive,s1
6145,safe_drive,s1
6146,safe_drive,s1
6147,safe_drive,s1
6148,safe_drive,s1
6149,safe_drive,s1
6150,safe_drive,s1
6151,safe_drive,s1
6152,safe_drive,s1
6153,safe_drive,s1
6154,safe_drive,s1
6155,safe_drive,s1
6156,safe_drive,s1
6157,safe_drive,s1
6158,safe_drive,s1
6159,safe_drive,s1
6160,safe_drive,s1
6161,safe_drive,s1
6162,safe_drive,s1
6163,safe_drive,s1
6164,safe_drive,s1
6165,safe_drive,s1
6166,safe_drive,s1
6167,safe_drive,s1
6168,safe_drive,s1
6169,safe_drive,s1
6170,safe_drive,s1
6171,safe_drive,s1
6172,safe_drive,s1
6173,safe_drive,s1
6174,safe_drive,s1
6175,safe_drive,s1
6176,safe_drive,s1
6177,safe_drive,s1
6178,safe_drive,s1
6179,safe_drive,s1
6180,safe_drive,s1
6181,safe_drive,s1
6182,safe_drive,s1
6183,safe_drive,s1
6184,safe_drive,s1
6185,safe_drive,s1
6186,safe_drive,s1
6187,safe_drive,s1
6188,safe_drive,s1
6189,safe_drive,s1
6190,safe_drive,s1
6191,safe_drive,s1
6192,safe_drive,s1
6193,safe_drive,s1
6194,safe_drive,s1
6195,safe_drive,s1
6196,safe_drive,s1
6197,safe_drive,s1
6198,safe_drive,s1
6199,safe_drive,s1
6200,safe_drive,s1
6201,safe_drive,s1
6202,safe_drive,s1
6203,safe_drive,s1
6225,safe_drive,s1
6226,safe_drive,s1
6227,safe_drive,s1
6228,safe_drive,s1
6229,safe_drive,s1
6230,safe_drive,s1
6231,safe_drive,s1
6232,safe_drive,s1
6233,safe_drive,s1
6234,safe_drive,s1
6235,safe_drive,s1
6236,safe_drive,s1
6263,safe_drive,s1
6264,safe_drive,s1
6265,safe_drive,s1
6266,safe_drive,s1
6267,safe_drive,s1
6268,safe_drive,s1
6269,safe_drive,s1
6270,safe_drive,s1
6271,safe_drive,s1
6272,safe_drive,s1
6273,safe_drive,s1
6274,safe_drive,s1
6275,safe_drive,s1
6276,safe_drive,s1
6277,safe_drive,s1
6278,safe_drive,s1
6279,safe_drive,s1
6280,safe_drive,s1
6281,safe_drive,s1
6282,safe_drive,s1
6283,safe_drive,s1
6284,safe_drive,s1
6285,safe_drive,s1
6286,safe_drive,s1
6287,safe_drive,s1
6288,safe_drive,s1
6289,safe_drive,s1
6290,safe_drive,s1
6291,safe_drive,s1
6292,safe_drive,s1
6293,safe_drive,s1
6294,safe_drive,s1
6295,safe_drive,s1
6296,safe_drive,s1
6297,safe_drive,s1
6298,safe_drive,s1
6299,safe_drive,s1
6300,safe_drive,s1
6301,safe_drive,s1
6302,safe_drive,s1
6303,safe_drive,s1
6304,safe_drive,s1
6305,safe_drive,s1
6306,safe_drive,s1
6307,safe_drive,s1
6308,safe_drive,s1
6309,safe_drive,s1
6310,safe_drive,s1
6311,safe_drive,s1
6312,safe_drive,s1
6313,safe_drive,s1
6314,safe_drive,s1
6315,safe_drive,s1
6316,safe_drive,s1
6317,safe_drive,s1
6318,safe_drive,s1
6319,safe_drive,s1
6320,safe_drive,s1
6361,safe_drive,s1
6362,safe_drive,s1
6363,safe_drive,s1
6364,safe_drive,s1
6365,safe_drive,s1
6366,safe_drive,s1
6367,safe_drive,s1
6368,safe_drive,s1
6369,safe_drive,s1
6370,safe_drive,s1
6371,safe_drive,s1
6372,safe_drive,s1
6373,safe_drive,s1
6374,safe_drive,s1
6375,safe_drive,s1
6408,safe_drive,s1
6409,safe_drive,s1
6410,safe_drive,s1
6411,safe_drive,s1
6412,safe_drive,s1
6413,safe_drive,s1
6414,safe_drive,s1
6415,safe_drive,s1
6416,safe_drive,s1
6417,safe_drive,s1
6418,safe_drive,s1
6419,safe_drive,s1
6420,safe_drive,s1
6421,safe_drive,s1
6422,safe_drive,s1
6423,safe_drive,s1
6424,safe_drive,s1
6425,safe_drive,s1
6426,safe_drive,s1
6427,safe_drive,s1
6428,safe_drive,s1
6429,safe_drive,s1
6430,safe_drive,s1
6431,safe_drive,s1
6432,safe_drive,s1
6433,safe_drive,s1
6434,safe_drive,s1
6435,safe_drive,s1
6436,safe_drive,s1
6437,safe_drive,s1
6438,safe_drive,s1
6439,safe_drive,s1
6440,safe_drive,s1
6441,safe_drive,s1
6442,safe_drive,s1
6443,safe_drive,s1
6444,safe_drive,s1
6445,safe_drive,s1
6446,safe_drive,s1
6447,safe_drive,s1
6448,safe_drive,s1
6449,safe_drive,s1
6450,safe_drive,s1
6451,safe_drive,s1
6452,safe_drive,s1
6453,safe_drive,s1
6454,safe_drive,s1
6455,safe_drive,s1
6456,safe_drive,s1
6457,safe_drive,s1
6458,safe_drive,s1
6459,safe_drive,s1
6460,safe_drive,s1
6461,safe_drive,s1
6462,safe_drive,s1
6463,safe_drive,s1
6464,safe_drive,s1
6465,safe_drive,s1
6466,safe_drive,s1
6467,safe_drive,s1
6468,safe_drive,s1
6469,safe_drive,s1
6470,safe_drive,s1
6492,safe_drive,s1
6493,safe_drive,s1
6494,safe_drive,s1
6495,safe_drive,s1
6496,safe_drive,s1
6497,safe_drive,s1
6498,safe_drive,s1
6499,safe_drive,s1
6500,safe_drive,s1
6501,safe_drive,s1
6502,safe_drive,s1
6503,safe_drive,s1
6504,safe_drive,s1
6505,safe_drive,s1
6506,safe_drive,s1
6507,safe_drive,s1
6508,safe_drive,s1
6509,safe_drive,s1
6510,safe_drive,s1
6511,safe_drive,s1
6512,safe_drive,s1
6513,safe_drive,s1
6514,safe_drive,s1
6515,safe_drive,s1
6516,safe_drive,s1
6517,safe_drive,s1
6518,safe_drive,s1
6519,safe_drive,s1
6520,safe_drive,s1
6521,safe_drive,s1
6522,safe_drive,s1
6523,safe_drive,s1
6524,safe_drive,s1
6525,safe_drive,s1
6526,safe_drive,s1
6527,safe_drive,s1
6528,safe_drive,s1
6529,safe_drive,s1
6530,safe_drive,s1
6531,safe_drive,s1
6532,safe_drive,s1
6533,safe_drive,s1
6534,safe_drive,s1
6535,safe_drive,s1
6536,safe_drive,s1
6537,safe_drive,s1
6538,safe_drive,s1
6539,safe_drive,s1
6540,safe_drive,s1
6541,safe_drive,s1
6542,safe_drive,s1
6543,safe_drive,s1
6544,safe_drive,s1
6545,safe_drive,s1
6546,safe_drive,s1
6547,safe_drive,s1
6548,safe_drive,s1
6549,safe_drive,s1
6550,safe_drive,s1
6551,safe_drive,s1
6552,safe_drive,s1
6553,safe_drive,s1
6554,safe_drive,s1
6555,safe_drive,s1
6577,safe_drive,s1
6578,safe_drive,s1
6579,safe_drive,s1
6580,safe_drive,s1
6581,safe_drive,s1
6582,safe_drive,s1
6583,safe_drive,s1
6584,safe_drive,s1
6585,safe_drive,s1
6586,safe_drive,s1
6587,safe_drive,s1
6588,safe_drive,s1
6589,safe_drive,s1
6590,safe_drive,s1
6591,safe_drive,s1
6592,safe_drive,s1
6593,safe_drive,s1
6594,safe_drive,s1
6595,safe_drive,s1
6596,safe_drive,s1
6597,safe_drive,s1
6598,safe_drive,s1
6633,safe_drive,s1
6634,safe_drive,s1
6635,safe_drive,s1
6636,safe_drive,s1
6637,safe_drive,s1
6638,safe_drive,s1
6639,safe_drive,s1
6640,safe_drive,s1
6641,safe_drive,s1
6642,safe_drive,s1
6643,safe_drive,s1
6644,safe_drive,s1
6645,safe_drive,s1
6646,safe_drive,s1
6647,safe_drive,s1
6648,safe_drive,s1
6649,safe_drive,s1
6650,safe_drive,s1
6651,safe_drive,s1
6652,safe_drive,s1
6653,safe_drive,s1
6654,safe_drive,s1
6655,safe_drive,s1
6656,safe_drive,s1
6657,safe_drive,s1
6658,safe_drive,s1
6659,safe_drive,s1
6660,safe_drive,s1
6661,safe_drive,s1
6662,safe_drive,s1
6663,safe_drive,s1
6664,safe_drive,s1
6665,safe_drive,s1
6666,safe_drive,s1
6667,safe_drive,s1
6668,safe_drive,s1
6669,safe_drive,s1
6670,safe_drive,s1
6671,safe_drive,s1
6672,safe_drive,s1
6673,safe_drive,s1
6674,safe_drive,s1
6675,safe_drive,s1
6676,safe_drive,s1
6677,safe_drive,s1
6678,safe_drive,s1
6679,safe_drive,s1
6680,safe_drive,s1
6681,safe_drive,s1
6682,safe_drive,s1
6683,safe_drive,s1
6684,safe_drive,s1
6685,safe_drive,s1
6704,safe_drive,s1
6705,safe_drive,s1
6706,safe_drive,s1
6707,safe_drive,s1
6708,safe_drive,s1
6709,safe_drive,s1
6710,safe_drive,s1
6711,safe_drive,s1
6712,safe_drive,s1
6713,safe_drive,s1
6714,safe_drive,s1
6715,safe_drive,s1
6716,safe_drive,s1
6717,safe_drive,s1
6718,safe_drive,s1
6719,safe_drive,s1
6720,safe_drive,s1
6721,safe_drive,s1
6722,safe_drive,s1
6723,safe_drive,s1
6724,safe_drive,s1
6725,safe_drive,s1
6726,safe_drive,s1
6727,safe_drive,s1
6728,safe_drive,s1
6747,safe_drive,s1
6748,safe_drive,s1
6749,safe_drive,s1
6750,safe_drive,s1
6751,safe_drive,s1
6752,safe_drive,s1
6753,safe_drive,s1
6754,safe_drive,s1
6755,safe_drive,s1
6756,safe_drive,s1
6757,safe_drive,s1
6758,safe_drive,s1
6759,safe_drive,s1
6760,safe_drive,s1
6761,safe_drive,s1
6762,safe_drive,s1
6763,safe_drive,s1
6764,safe_drive,s1
6765,safe_drive,s1
6766,safe_drive,s1
6767,safe_drive,s1
6768,safe_drive,s1
6769,safe_drive,s1
6770,safe_drive,s1
6771,safe_drive,s1
6772,safe_drive,s1
6773,safe_drive,s1
6798,safe_drive,s1
6799,safe_drive,s1
6800,safe_drive,s1
6801,safe_drive,s1
6802,safe_drive,s1
6803,safe_drive,s1
6804,safe_drive,s1
6805,safe_drive,s1
6806,safe_drive,s1
6807,safe_drive,s1
6808,safe_drive,s1
6809,safe_drive,s1
6810,safe_drive,s1
6811,safe_drive,s1
6834,safe_drive,s1
6835,safe_drive,s1
6836,safe_drive,s1
6837,safe_drive,s1
6838,safe_drive,s1
6839,safe_drive,s1
6840,safe_drive,s1
6841,safe_drive,s1
6842,safe_drive,s1
6843,safe_drive,s1
6844,safe_drive,s1
6845,safe_drive,s1
6846,safe_drive,s1
6847,safe_drive,s1
6848,safe_drive,s1
6849,safe_drive,s1
6869,safe_drive,s1
6870,safe_drive,s1
6871,safe_drive,s1
6872,safe_drive,s1
6873,safe_drive,s1
6874,safe_drive,s1
6875,safe_drive,s1
6876,safe_drive,s1
6877,safe_drive,s1
6878,safe_drive,s1
6879,safe_drive,s1
6880,safe_drive,s1
6881,safe_drive,s1
6882,safe_drive,s1
6883,safe_drive,s1
6884,safe_drive,s1
6885,safe_drive,s1
6886,safe_drive,s1
6887,safe_drive,s1
6888,safe_drive,s1
6889,safe_drive,s1
6890,safe_drive,s1
6891,safe_drive,s1
6892,safe_drive,s1
6893,safe_drive,s1
6894,safe_drive,s1
6895,safe_drive,s1
6896,safe_drive,s1
6897,safe_drive,s1
6898,safe_drive,s1
6899,safe_drive,s1
6900,safe_drive,s1
6901,safe_drive,s1
6902,safe_drive,s1
6903,safe_drive,s1
6904,safe_drive,s1
6905,safe_drive,s1
6906,safe_drive,s1
6907,safe_drive,s1
6908,safe_drive,s1
6909,safe_drive,s1
6910,safe_drive,s1
6911,safe_drive,s1
6912,safe_drive,s1
6913,safe_drive,s1
6914,safe_drive,s1
6915,safe_drive,s1
6916,safe_drive,s1
6917,safe_drive,s1
6918,safe_drive,s1
6919,safe_drive,s1
6920,safe_drive,s1
6921,safe_drive,s1
6922,safe_drive,s1
6923,safe_drive,s1
6924,safe_drive,s1
6925,safe_drive,s1
6926,safe_drive,s1
6927,safe_drive,s1
6928,safe_drive,s1
6929,safe_drive,s1
6930,safe_drive,s1
6931,safe_drive,s1
6932,safe_drive,s1
6933,safe_drive,s1
6934,safe_drive,s1
6935,safe_drive,s1
6936,safe_drive,s1
6937,safe_drive,s1
6938,safe_drive,s1
6939,safe_drive,s1
6940,safe_drive,s1
6941,safe_drive,s1
6942,safe_drive,s1
6943,safe_drive,s1
6944,reach_side,s1
6945,reach_side,s1
6946,reach_side,s1
6947,reach_side,s1
6948,reach_side,s1
6949,reach_side,s1
6950,reach_side,s1
6951,reach_side,s1
6952,reach_side,s1
6953,reach_side,s1
6954,reach_side,s1
6955,reach_side,s1
6956,reach_side,s1
6957,reach_side,s1
6958,reach_side,s1
6959,reach_side,s1
6960,reach_side,s1
6961,reach_side,s1
6962,reach_side,s1
6963,reach_side,s1
6964,reach_side,s1
6965,reach_side,s1
6966,reach_side,s1
6967,reach_side,s1
6968,reach_side,s1
6969,reach_side,s1
6970,reach_side,s1
6971,reach_side,s1
6972,reach_side,s1
6973,reach_side,s1
6974,reach_side,s1
6975,reach_side,s1
6976,reach_side,s1
6977,reach_side,s1
6978,reach_side,s1
6979,reach_side,s1
6980,reach_side,s1
6981,reach_side,s1
6982,reach_side,s1
6983,reach_side,s1
6984,reach_side,s1
6985,reach_side,s1
6986,reach_side,s1
6987,reach_side,s1
7042,drinking,s1
7043,drinking,s1
7044,drinking,s1
7045,drinking,s1
7046,drinking,s1
7047,drinking,s1
7048,drinking,s1
7049,drinking,s1
7050,drinking,s1
7051,drinking,s1
7052,drinking,s1
7053,drinking,s1
7054,drinking,s1
7055,drinking,s1
7056,drinking,s1
7057,drinking,s1
7058,drinking,s1
7059,drinking,s1
7060,drinking,s1
7061,drinking,s1
7062,drinking,s1
7063,drinking,s1
7064,drinking,s1
7065,drinking,s1
7066,drinking,s1
7067,drinking,s1
7068,drinking,s1
7069,drinking,s1
7070,drinking,s1
7071,drinking,s1
7072,drinking,s1
7073,drinking,s1
7074,drinking,s1
7075,drinking,s1
7076,drinking,s1
7077,drinking,s1
7078,drinking,s1
7079,drinking,s1
7080,drinking,s1
7081,drinking,s1
7082,drinking,s1
7083,drinking,s1
7084,drinking,s1
7085,drinking,s1
7086,drinking,s1
7087,drinking,s1
7088,drinking,s1
7089,drinking,s1
7090,drinking,s1
7091,drinking,s1
7092,drinking,s1
7093,drinking,s1
7094,drinking,s1
7095,drinking,s1
7096,drinking,s1
7097,drinking,s1
7098,drinking,s1
7099,drinking,s1
7100,drinking,s1
7101,drinking,s1
7102,drinking,s1
7103,drinking,s1
7104,drinking,s1
7105,drinking,s1
7106,drinking,s1
7107,drinking,s1
7108,drinking,s1
7109,drinking,s1
7110,drinking,s1
7111,drinking,s1
7112,drinking,s1
7113,drinking,s1
7114,drinking,s1
7115,drinking,s1
7116,drinking,s1
7117,drinking,s1
7118,drinking,s1
7119,drinking,s1
7120,drinking,s1
7121,drinking,s1
7122,drinking,s1
7123,drinking,s1
7124,drinking,s1
7125,drinking,s1
7126,drinking,s1
7127,drinking,s1
7128,drinking,s1
7129,drinking,s1
7130,drinking,s1
7131,drinking,s1
7132,drinking,s1
7133,drinking,s1
7134,drinking,s1
7135,drinking,s1
7136,drinking,s1
7137,drinking,s1
7138,drinking,s1
7139,drinking,s1
7140,drinking,s1
7141,drinking,s1
7142,drinking,s1
7143,drinking,s1
7144,drinking,s1
7145,drinking,s1
7146,drinking,s1
7147,drinking,s1
7148,drinking,s1
7149,drinking,s1
7150,drinking,s1
7151,drinking,s1
7152,drinking,s1
7153,drinking,s1
7154,drinking,s1
7155,drinking,s1
7156,drinking,s1
7157,drinking,s1
7158,drinking,s1
7159,drinking,s1
7160,drinking,s1
7161,drinking,s1
7162,drinking,s1
7163,drinking,s1
7164,drinking,s1
7165,drinking,s1
7166,drinking,s1
7167,drinking,s1
7168,drinking,s1
7169,drinking,s1
7170,drinking,s1
7171,drinking,s1
7172,drinking,s1
7173,drinking,s1
7174,drinking,s1
7175,drinking,s1
7176,drinking,s1
7177,drinking,s1
7178,drinking,s1
7179,drinking,s1
7180,drinking,s1
7181,drinking,s1
7182,drinking,s1
7183,drinking,s1
7184,drinking,s1
7185,drinking,s1
7186,drinking,s1
7187,drinking,s1
7188,drinking,s1
7189,drinking,s1
7190,drinking,s1
7191,drinking,s1
7192,drinking,s1
7193,drinking,s1
7194,drinking,s1
7195,drinking,s1
7196,drinking,s1
7197,drinking,s1
7198,drinking,s1
7199,drinking,s1
7200,drinking,s1
7201,drinking,s1
7202,drinking,s1
7203,drinking,s1
7204,drinking,s1
7205,drinking,s1
7206,drinking,s1
7207,drinking,s1
7208,drinking,s1
7209,drinking,s1
7210,drinking,s1
7211,drinking,s1
7212,drinking,s1
7213,drinking,s1
7214,drinking,s1
7215,drinking,s1
7216,drinking,s1
7217,drinking,s1
7218,drinking,s1
7219,drinking,s1
7220,drinking,s1
7221,drinking,s1
7222,drinking,s1
7223,drinking,s1
7224,drinking,s1
7225,drinking,s1
7226,drinking,s1
7227,drinking,s1
7228,drinking,s1
7229,drinking,s1
7230,drinking,s1
7231,drinking,s1
7232,drinking,s1
7233,drinking,s1
7234,drinking,s1
7235,drinking,s1
7236,drinking,s1
7237,drinking,s1
7238,drinking,s1
7239,drinking,s1
7240,drinking,s1
7241,drinking,s1
7242,drinking,s1
7243,drinking,s1
7244,drinking,s1
7245,drinking,s1
7246,drinking,s1
7247,drinking,s1
7248,drinking,s1
7249,drinking,s1
7250,drinking,s1
7251,drinking,s1
7252,drinking,s1
7253,drinking,s1
7254,drinking,s1
7255,drinking,s1
7256,drinking,s1
7257,drinking,s1
7258,drinking,s1
7259,drinking,s1
7260,drinking,s1
7261,drinking,s1
7262,drinking,s1
7263,drinking,s1
7264,drinking,s1
7265,drinking,s1
7266,drinking,s1
7267,drinking,s1
7268,drinking,s1
7269,drinking,s1
7270,drinking,s1
7271,drinking,s1
7272,drinking,s1
7273,drinking,s1
7274,drinking,s1
7275,drinking,s1
7276,drinking,s1
7277,drinking,s1
7278,drinking,s1
7279,drinking,s1
7280,drinking,s1
7281,drinking,s1
7282,drinking,s1
7283,drinking,s1
7284,drinking,s1
7285,drinking,s1
7286,drinking,s1
7287,drinking,s1
7288,drinking,s1
7289,drinking,s1
7290,drinking,s1
7291,drinking,s1
7292,drinking,s1
7293,drinking,s1
7294,drinking,s1
7295,drinking,s1
7296,drinking,s1
7297,drinking,s1
7298,drinking,s1
7299,drinking,s1
7300,drinking,s1
7301,drinking,s1
7302,reach_side,s1
7303,reach_side,s1
7304,reach_side,s1
7305,reach_side,s1
7306,reach_side,s1
7307,reach_side,s1
7308,reach_side,s1
7309,reach_side,s1
7310,reach_side,s1
7311,reach_side,s1
7312,reach_side,s1
7313,reach_side,s1
7314,reach_side,s1
7315,reach_side,s1
7316,reach_side,s1
7317,reach_side,s1
7318,reach_side,s1
7319,reach_side,s1
7320,reach_side,s1
7321,reach_side,s1
7322,reach_side,s1
7323,reach_side,s1
7324,reach_side,s1
7325,reach_side,s1
7326,reach_side,s1
7327,reach_side,s1
7328,reach_side,s1
7329,reach_side,s1
7330,reach_side,s1
7331,reach_side,s1
7332,reach_side,s1
7333,reach_side,s1
7334,reach_side,s1
7335,reach_side,s1
7336,reach_side,s1
7337,reach_side,s1
7338,reach_side,s1
7339,reach_side,s1
7340,reach_side,s1
7341,reach_side,s1
7342,reach_side,s1
7343,reach_side,s1
7344,safe_drive,s1
7345,safe_drive,s1
7346,safe_drive,s1
7347,safe_drive,s1
7348,safe_drive,s1
7349,safe_drive,s1
7350,safe_drive,s1
7351,safe_drive,s1
7352,safe_drive,s1
7353,safe_drive,s1
7354,safe_drive,s1
7355,safe_drive,s1
7356,safe_drive,s1
7357,safe_drive,s1
7358,safe_drive,s1
7359,safe_drive,s1
7360,safe_drive,s1
7361,safe_drive,s1
7362,safe_drive,s1
7363,safe_drive,s1
7364,safe_drive,s1
7365,safe_drive,s1
7366,safe_drive,s1
7367,safe_drive,s1
7368,safe_drive,s1
7369,safe_drive,s1
7370,safe_drive,s1
7371,safe_drive,s1
7372,safe_drive,s1
7373,safe_drive,s1
7374,safe_drive,s1
7375,safe_drive,s1
7376,safe_drive,s1
7377,safe_drive,s1
7378,safe_drive,s1
7379,safe_drive,s1
7380,safe_drive,s1
7381,safe_drive,s1
7382,safe_drive,s1
7383,safe_drive,s1
7384,safe_drive,s1
7385,safe_drive,s1
7386,safe_drive,s1
7387,safe_drive,s1
7388,safe_drive,s1
7389,safe_drive,s1
7390,safe_drive,s1
7391,safe_drive,s1
7392,safe_drive,s1
7393,safe_drive,s1
7394,safe_drive,s1
7395,safe_drive,s1
7396,safe_drive,s1
7397,safe_drive,s1
7398,safe_drive,s1
7399,safe_drive,s1
7400,safe_drive,s1
7401,safe_drive,s1
7402,safe_drive,s1
7403,safe_drive,s1
7404,safe_drive,s1
7405,safe_drive,s1
7406,safe_drive,s1
7407,safe_drive,s1
7408,safe_drive,s1
7409,safe_drive,s1
7410,safe_drive,s1
7411,safe_drive,s1
7412,safe_drive,s1
7413,safe_drive,s1
7414,safe_drive,s1
7415,safe_drive,s1
7416,safe_drive,s1
7417,safe_drive,s1
7418,safe_drive,s1
7419,safe_drive,s1
7420,safe_drive,s1
7421,safe_drive,s1
7422,safe_drive,s1
7423,safe_drive,s1
7424,safe_drive,s1
2,safe_drive,s4
3,safe_drive,s4
4,safe_drive,s4
5,safe_drive,s4
6,safe_drive,s4
7,safe_drive,s4
8,safe_drive,s4
9,safe_drive,s4
10,safe_drive,s4
11,safe_drive,s4
40,safe_drive,s4
41,safe_drive,s4
42,safe_drive,s4
43,safe_drive,s4
44,safe_drive,s4
45,safe_drive,s4
46,safe_drive,s4
47,safe_drive,s4
48,safe_drive,s4
49,safe_drive,s4
50,safe_drive,s4
51,safe_drive,s4
52,safe_drive,s4
53,safe_drive,s4
54,safe_drive,s4
55,safe_drive,s4
56,safe_drive,s4
57,safe_drive,s4
58,safe_drive,s4
59,safe_drive,s4
60,safe_drive,s4
61,safe_drive,s4
62,safe_drive,s4
63,safe_drive,s4
64,safe_drive,s4
65,safe_drive,s4
66,safe_drive,s4
67,safe_drive,s4
68,safe_drive,s4
69,safe_drive,s4
70,safe_drive,s4
71,safe_drive,s4
72,safe_drive,s4
73,safe_drive,s4
74,safe_drive,s4
75,safe_drive,s4
76,safe_drive,s4
77,safe_drive,s4
78,safe_drive,s4
79,safe_drive,s4
80,safe_drive,s4
81,safe_drive,s4
82,safe_drive,s4
83,safe_drive,s4
84,safe_drive,s4
85,safe_drive,s4
86,safe_drive,s4
87,safe_drive,s4
88,safe_drive,s4
89,safe_drive,s4
90,safe_drive,s4
91,safe_drive,s4
92,safe_drive,s4
93,safe_drive,s4
94,safe_drive,s4
95,safe_drive,s4
96,safe_drive,s4
97,safe_drive,s4
98,safe_drive,s4
99,safe_drive,s4
100,safe_drive,s4
101,safe_drive,s4
102,safe_drive,s4
103,safe_drive,s4
104,safe_drive,s4
105,safe_drive,s4
106,safe_drive,s4
107,safe_drive,s4
108,safe_drive,s4
109,safe_drive,s4
110,safe_drive,s4
111,safe_drive,s4
112,safe_drive,s4
113,safe_drive,s4
114,safe_drive,s4
115,safe_drive,s4
116,safe_drive,s4
117,safe_drive,s4
118,safe_drive,s4
119,safe_drive,s4
120,safe_drive,s4
121,safe_drive,s4
122,safe_drive,s4
123,safe_drive,s4
124,safe_drive,s4
125,safe_drive,s4
126,safe_drive,s4
127,safe_drive,s4
128,safe_drive,s4
129,safe_drive,s4
130,safe_drive,s4
131,safe_drive,s4
132,safe_drive,s4
133,safe_drive,s4
134,safe_drive,s4
135,safe_drive,s4
136,safe_drive,s4
137,safe_drive,s4
138,safe_drive,s4
139,safe_drive,s4
140,safe_drive,s4
141,safe_drive,s4
142,safe_drive,s4
143,safe_drive,s4
144,safe_drive,s4
145,safe_drive,s4
146,safe_drive,s4
147,safe_drive,s4
148,safe_drive,s4
149,safe_drive,s4
150,safe_drive,s4
151,safe_drive,s4
152,safe_drive,s4
153,safe_drive,s4
154,safe_drive,s4
155,safe_drive,s4
156,safe_drive,s4
157,safe_drive,s4
158,safe_drive,s4
159,safe_drive,s4
160,safe_drive,s4
161,safe_drive,s4
162,safe_drive,s4
163,safe_drive,s4
164,safe_drive,s4
165,safe_drive,s4
166,safe_drive,s4
167,safe_drive,s4
168,safe_drive,s4
169,safe_drive,s4
170,safe_drive,s4
171,safe_drive,s4
172,safe_drive,s4
173,safe_drive,s4
174,safe_drive,s4
175,safe_drive,s4
176,safe_drive,s4
177,safe_drive,s4
178,safe_drive,s4
179,safe_drive,s4
180,safe_drive,s4
181,safe_drive,s4
182,safe_drive,s4
183,safe_drive,s4
184,safe_drive,s4
185,safe_drive,s4
186,safe_drive,s4
187,safe_drive,s4
188,safe_drive,s4
189,safe_drive,s4
190,safe_drive,s4
191,safe_drive,s4
192,safe_drive,s4
193,safe_drive,s4
194,safe_drive,s4
195,safe_drive,s4
196,safe_drive,s4
197,safe_drive,s4
198,safe_drive,s4
199,safe_drive,s4
200,safe_drive,s4
201,safe_drive,s4
202,safe_drive,s4
203,safe_drive,s4
204,safe_drive,s4
205,safe_drive,s4
206,safe_drive,s4
207,safe_drive,s4
208,safe_drive,s4
209,safe_drive,s4
210,safe_drive,s4
211,safe_drive,s4
212,safe_drive,s4
213,safe_drive,s4
214,safe_drive,s4
215,safe_drive,s4
216,safe_drive,s4
217,safe_drive,s4
218,safe_drive,s4
219,safe_drive,s4
220,safe_drive,s4
221,safe_drive,s4
222,safe_drive,s4
223,safe_drive,s4
224,safe_drive,s4
225,safe_drive,s4
226,safe_drive,s4
227,safe_drive,s4
228,safe_drive,s4
229,safe_drive,s4
230,safe_drive,s4
231,safe_drive,s4
232,safe_drive,s4
233,safe_drive,s4
234,safe_drive,s4
285,safe_drive,s4
286,safe_drive,s4
287,safe_drive,s4
288,safe_drive,s4
289,safe_drive,s4
290,safe_drive,s4
291,safe_drive,s4
292,safe_drive,s4
293,safe_drive,s4
294,safe_drive,s4
295,safe_drive,s4
296,safe_drive,s4
297,safe_drive,s4
298,safe_drive,s4
299,safe_drive,s4
300,safe_drive,s4
301,safe_drive,s4
302,safe_drive,s4
303,safe_drive,s4
304,safe_drive,s4
305,safe_drive,s4
306,safe_drive,s4
307,safe_drive,s4
308,safe_drive,s4
309,safe_drive,s4
310,safe_drive,s4
311,safe_drive,s4
312,safe_drive,s4
313,safe_drive,s4
314,safe_drive,s4
315,safe_drive,s4
316,safe_drive,s4
317,safe_drive,s4
318,safe_drive,s4
319,safe_drive,s4
320,safe_drive,s4
321,safe_drive,s4
322,safe_drive,s4
323,safe_drive,s4
324,safe_drive,s4
325,safe_drive,s4
326,safe_drive,s4
327,safe_drive,s4
328,safe_drive,s4
329,safe_drive,s4
330,safe_drive,s4
331,safe_drive,s4
332,safe_drive,s4
333,safe_drive,s4
334,safe_drive,s4
335,safe_drive,s4
336,safe_drive,s4
337,safe_drive,s4
338,safe_drive,s4
339,safe_drive,s4
340,safe_drive,s4
341,safe_drive,s4
342,safe_drive,s4
343,safe_drive,s4
344,safe_drive,s4
345,safe_drive,s4
346,safe_drive,s4
347,safe_drive,s4
348,safe_drive,s4
349,safe_drive,s4
350,safe_drive,s4
351,safe_drive,s4
352,safe_drive,s4
353,safe_drive,s4
354,safe_drive,s4
355,safe_drive,s4
356,safe_drive,s4
357,safe_drive,s4
358,safe_drive,s4
359,safe_drive,s4
360,safe_drive,s4
361,safe_drive,s4
362,safe_drive,s4
363,safe_drive,s4
364,safe_drive,s4
365,safe_drive,s4
366,safe_drive,s4
367,safe_drive,s4
368,safe_drive,s4
369,safe_drive,s4
370,safe_drive,s4
371,safe_drive,s4
372,safe_drive,s4
373,safe_drive,s4
374,safe_drive,s4
375,safe_drive,s4
376,safe_drive,s4
377,safe_drive,s4
378,safe_drive,s4
379,safe_drive,s4
380,safe_drive,s4
381,safe_drive,s4
382,safe_drive,s4
383,safe_drive,s4
384,safe_drive,s4
385,safe_drive,s4
386,safe_drive,s4
387,safe_drive,s4
388,safe_drive,s4
389,safe_drive,s4
390,safe_drive,s4
391,safe_drive,s4
392,safe_drive,s4
393,safe_drive,s4
394,safe_drive,s4
395,safe_drive,s4
396,safe_drive,s4
397,safe_drive,s4
398,safe_drive,s4
399,safe_drive,s4
400,safe_drive,s4
401,safe_drive,s4
402,safe_drive,s4
403,safe_drive,s4
404,safe_drive,s4
405,safe_drive,s4
406,safe_drive,s4
407,safe_drive,s4
408,safe_drive,s4
409,safe_drive,s4
410,safe_drive,s4
411,safe_drive,s4
412,safe_drive,s4
413,safe_drive,s4
414,safe_drive,s4
415,safe_drive,s4
416,safe_drive,s4
417,safe_drive,s4
418,safe_drive,s4
419,safe_drive,s4
420,safe_drive,s4
421,safe_drive,s4
422,safe_drive,s4
423,safe_drive,s4
424,safe_drive,s4
425,safe_drive,s4
426,safe_drive,s4
427,safe_drive,s4
428,safe_drive,s4
429,safe_drive,s4
430,safe_drive,s4
431,safe_drive,s4
432,safe_drive,s4
433,safe_drive,s4
434,safe_drive,s4
435,safe_drive,s4
436,safe_drive,s4
437,safe_drive,s4
438,safe_drive,s4
439,safe_drive,s4
440,safe_drive,s4
441,safe_drive,s4
442,safe_drive,s4
443,safe_drive,s4
444,safe_drive,s4
445,safe_drive,s4
446,safe_drive,s4
447,safe_drive,s4
448,safe_drive,s4
449,safe_drive,s4
450,safe_drive,s4
451,safe_drive,s4
452,safe_drive,s4
453,safe_drive,s4
454,safe_drive,s4
455,safe_drive,s4
456,safe_drive,s4
457,safe_drive,s4
458,safe_drive,s4
459,safe_drive,s4
460,safe_drive,s4
461,safe_drive,s4
462,safe_drive,s4
463,safe_drive,s4
464,safe_drive,s4
465,safe_drive,s4
466,safe_drive,s4
467,safe_drive,s4
468,safe_drive,s4
469,safe_drive,s4
470,safe_drive,s4
471,safe_drive,s4
472,safe_drive,s4
473,safe_drive,s4
474,safe_drive,s4
475,safe_drive,s4
476,safe_drive,s4
477,safe_drive,s4
478,safe_drive,s4
479,safe_drive,s4
480,safe_drive,s4
481,safe_drive,s4
482,safe_drive,s4
483,safe_drive,s4
512,reach_side,s4
513,reach_side,s4
514,reach_side,s4
515,reach_side,s4
516,reach_side,s4
517,reach_side,s4
518,reach_side,s4
519,reach_side,s4
520,reach_side,s4
521,reach_side,s4
522,reach_side,s4
523,reach_side,s4
524,reach_side,s4
525,reach_side,s4
526,reach_side,s4
527,reach_side,s4
528,reach_side,s4
529,reach_side,s4
530,reach_side,s4
531,reach_side,s4
532,reach_side,s4
533,reach_side,s4
534,reach_side,s4
535,reach_side,s4
536,reach_side,s4
537,reach_side,s4
538,reach_side,s4
539,reach_side,s4
540,reach_side,s4
541,reach_side,s4
542,reach_side,s4
543,reach_side,s4
544,reach_side,s4
545,reach_side,s4
546,reach_side,s4
547,reach_side,s4
548,reach_side,s4
549,reach_side,s4
550,reach_side,s4
551,reach_side,s4
552,reach_side,s4
553,reach_side,s4
554,reach_side,s4
555,reach_side,s4
556,reach_side,s4
557,reach_side,s4
558,reach_side,s4
559,reach_side,s4
560,reach_side,s4
561,reach_side,s4
562,reach_side,s4
563,reach_side,s4
564,reach_side,s4
565,reach_side,s4
566,reach_side,s4
567,reach_side,s4
568,reach_side,s4
569,reach_side,s4
570,reach_side,s4
571,reach_side,s4
572,reach_side,s4
573,reach_side,s4
574,reach_side,s4
575,reach_side,s4
576,reach_side,s4
577,reach_side,s4
578,reach_side,s4
579,reach_side,s4
580,reach_side,s4
922,reach_side,s4
923,reach_side,s4
924,reach_side,s4
925,reach_side,s4
926,reach_side,s4
927,reach_side,s4
928,reach_side,s4
929,reach_side,s4
930,reach_side,s4
931,reach_side,s4
932,reach_side,s4
933,reach_side,s4
934,reach_side,s4
935,reach_side,s4
936,reach_side,s4
937,reach_side,s4
938,reach_side,s4
939,reach_side,s4
940,reach_side,s4
941,reach_side,s4
942,reach_side,s4
943,reach_side,s4
944,reach_side,s4
945,reach_side,s4
946,reach_side,s4
947,reach_side,s4
948,reach_side,s4
949,reach_side,s4
950,reach_side,s4
951,reach_side,s4
952,reach_side,s4
953,reach_side,s4
954,reach_side,s4
955,reach_side,s4
956,reach_side,s4
957,reach_side,s4
958,reach_side,s4
959,reach_side,s4
960,reach_side,s4
961,reach_side,s4
962,reach_side,s4
963,reach_side,s4
964,reach_side,s4
965,reach_side,s4
966,reach_side,s4
967,reach_side,s4
968,reach_side,s4
969,reach_side,s4
970,reach_side,s4
971,reach_side,s4
972,reach_side,s4
973,reach_side,s4
974,reach_side,s4
975,reach_side,s4
976,reach_side,s4
977,reach_side,s4
978,reach_side,s4
979,reach_side,s4
980,reach_side,s4
981,reach_side,s4
982,reach_side,s4
983,reach_side,s4
984,reach_side,s4
985,reach_side,s4
986,reach_side,s4
987,reach_side,s4
988,reach_side,s4
989,reach_side,s4
990,reach_side,s4
991,reach_side,s4
992,reach_side,s4
993,reach_side,s4
994,reach_side,s4
995,reach_side,s4
996,reach_side,s4
997,reach_side,s4
998,reach_side,s4
999,reach_side,s4
1000,reach_side,s4
1001,reach_side,s4
1002,reach_side,s4
1003,reach_side,s4
1004,reach_side,s4
1005,reach_side,s4
1006,reach_side,s4
1007,reach_side,s4
1008,reach_side,s4
1009,reach_side,s4
1010,reach_side,s4
1011,reach_side,s4
1012,reach_side,s4
1013,reach_side,s4
1014,reach_side,s4
1015,reach_side,s4
1016,reach_side,s4
1017,reach_side,s4
1018,reach_side,s4
1019,reach_side,s4
1020,reach_side,s4
1021,reach_side,s4
1022,reach_side,s4
1023,safe_drive,s4
1024,safe_drive,s4
1025,safe_drive,s4
1026,safe_drive,s4
1027,safe_drive,s4
1028,safe_drive,s4
1029,safe_drive,s4
1030,safe_drive,s4
1031,safe_drive,s4
1032,safe_drive,s4
1033,safe_drive,s4
1034,safe_drive,s4
1035,safe_drive,s4
1036,safe_drive,s4
1037,safe_drive,s4
1038,safe_drive,s4
1039,safe_drive,s4
1040,safe_drive,s4
1041,safe_drive,s4
1042,safe_drive,s4
1043,safe_drive,s4
1044,safe_drive,s4
1045,safe_drive,s4
1046,safe_drive,s4
1047,safe_drive,s4
1048,safe_drive,s4
1049,safe_drive,s4
1050,safe_drive,s4
1051,safe_drive,s4
1052,safe_drive,s4
1053,safe_drive,s4
1054,safe_drive,s4
1055,safe_drive,s4
1056,safe_drive,s4
1057,safe_drive,s4
1058,safe_drive,s4
1059,safe_drive,s4
1060,safe_drive,s4
1061,safe_drive,s4
1062,safe_drive,s4
1063,safe_drive,s4
1064,safe_drive,s4
1065,safe_drive,s4
1066,safe_drive,s4
1067,safe_drive,s4
1068,safe_drive,s4
1069,safe_drive,s4
1070,safe_drive,s4
1071,safe_drive,s4
1072,safe_drive,s4
1073,safe_drive,s4
1074,safe_drive,s4
1075,safe_drive,s4
1076,safe_drive,s4
1077,safe_drive,s4
1078,safe_drive,s4
1079,safe_drive,s4
1080,safe_drive,s4
1081,safe_drive,s4
1082,safe_drive,s4
1083,safe_drive,s4
1084,safe_drive,s4
1085,safe_drive,s4
1086,safe_drive,s4
1087,safe_drive,s4
1088,safe_drive,s4
1089,safe_drive,s4
1090,safe_drive,s4
1091,safe_drive,s4
1092,safe_drive,s4
1093,safe_drive,s4
1094,safe_drive,s4
1095,safe_drive,s4
1096,safe_drive,s4
1097,safe_drive,s4
1098,safe_drive,s4
1099,safe_drive,s4
1100,safe_drive,s4
1101,safe_drive,s4
1102,safe_drive,s4
1103,safe_drive,s4
1104,safe_drive,s4
1105,safe_drive,s4
1106,safe_drive,s4
1107,safe_drive,s4
1108,safe_drive,s4
1109,safe_drive,s4
1110,safe_drive,s4
1111,safe_drive,s4
1112,safe_drive,s4
1113,safe_drive,s4
1114,safe_drive,s4
1115,safe_drive,s4
1116,safe_drive,s4
1117,safe_drive,s4
1118,safe_drive,s4
1119,safe_drive,s4
1120,safe_drive,s4
1121,safe_drive,s4
1122,safe_drive,s4
1123,safe_drive,s4
1124,safe_drive,s4
1125,safe_drive,s4
1126,safe_drive,s4
1127,safe_drive,s4
1128,safe_drive,s4
1129,safe_drive,s4
1130,safe_drive,s4
1131,safe_drive,s4
1132,safe_drive,s4
1133,safe_drive,s4
1134,safe_drive,s4
1135,safe_drive,s4
1136,safe_drive,s4
1137,safe_drive,s4
1138,safe_drive,s4
1139,safe_drive,s4
1140,safe_drive,s4
1141,safe_drive,s4
1142,safe_drive,s4
1143,safe_drive,s4
1144,safe_drive,s4
1145,safe_drive,s4
1146,safe_drive,s4
1147,safe_drive,s4
1148,safe_drive,s4
1149,safe_drive,s4
1150,safe_drive,s4
1151,safe_drive,s4
1152,safe_drive,s4
1153,safe_drive,s4
1154,safe_drive,s4
1155,safe_drive,s4
1156,safe_drive,s4
1157,safe_drive,s4
1158,safe_drive,s4
1159,safe_drive,s4
1160,safe_drive,s4
1161,safe_drive,s4
1162,safe_drive,s4
1163,safe_drive,s4
1164,safe_drive,s4
1165,safe_drive,s4
1166,safe_drive,s4
1167,safe_drive,s4
1168,safe_drive,s4
1169,safe_drive,s4
1170,safe_drive,s4
1171,safe_drive,s4
1172,safe_drive,s4
1173,safe_drive,s4
1174,safe_drive,s4
1175,safe_drive,s4
1176,safe_drive,s4
1177,safe_drive,s4
1178,safe_drive,s4
1179,safe_drive,s4
1180,safe_drive,s4
1181,safe_drive,s4
1182,safe_drive,s4
1183,safe_drive,s4
1184,safe_drive,s4
1185,safe_drive,s4
1186,safe_drive,s4
1187,safe_drive,s4
1188,safe_drive,s4
1189,safe_drive,s4
1190,safe_drive,s4
1191,safe_drive,s4
1192,safe_drive,s4
1193,safe_drive,s4
1194,safe_drive,s4
1195,safe_drive,s4
1196,safe_drive,s4
1197,safe_drive,s4
1198,safe_drive,s4
1199,safe_drive,s4
1200,safe_drive,s4
1201,safe_drive,s4
1202,safe_drive,s4
1203,safe_drive,s4
1204,safe_drive,s4
1205,safe_drive,s4
1206,safe_drive,s4
1207,safe_drive,s4
1208,safe_drive,s4
1209,safe_drive,s4
1210,safe_drive,s4
1211,safe_drive,s4
1212,safe_drive,s4
1213,safe_drive,s4
1214,safe_drive,s4
1215,safe_drive,s4
1216,safe_drive,s4
1217,safe_drive,s4
1218,safe_drive,s4
1219,safe_drive,s4
1220,safe_drive,s4
1221,safe_drive,s4
1222,safe_drive,s4
1223,safe_drive,s4
1224,safe_drive,s4
1225,safe_drive,s4
1226,safe_drive,s4
1227,safe_drive,s4
1228,safe_drive,s4
1229,safe_drive,s4
1230,safe_drive,s4
1231,safe_drive,s4
1232,safe_drive,s4
1233,safe_drive,s4
1234,safe_drive,s4
1235,safe_drive,s4
1236,safe_drive,s4
1237,safe_drive,s4
1238,safe_drive,s4
1239,safe_drive,s4
1240,safe_drive,s4
1241,safe_drive,s4
1242,safe_drive,s4
1243,safe_drive,s4
1244,safe_drive,s4
1245,safe_drive,s4
1246,safe_drive,s4
1247,safe_drive,s4
1248,safe_drive,s4
1249,safe_drive,s4
1250,safe_drive,s4
1251,safe_drive,s4
1252,safe_drive,s4
1253,safe_drive,s4
1254,safe_drive,s4
1255,safe_drive,s4
1256,safe_drive,s4
1257,safe_drive,s4
1258,safe_drive,s4
1259,safe_drive,s4
1260,safe_drive,s4
1261,safe_drive,s4
1262,safe_drive,s4
1263,safe_drive,s4
1264,safe_drive,s4
1265,safe_drive,s4
1266,safe_drive,s4
1267,safe_drive,s4
1268,safe_drive,s4
1269,safe_drive,s4
1270,safe_drive,s4
1271,safe_drive,s4
1272,safe_drive,s4
1273,safe_drive,s4
1274,safe_drive,s4
1275,safe_drive,s4
1276,safe_drive,s4
1277,safe_drive,s4
1278,safe_drive,s4
1279,safe_drive,s4
1280,safe_drive,s4
1281,safe_drive,s4
1282,safe_drive,s4
1283,safe_drive,s4
1284,safe_drive,s4
1285,safe_drive,s4
1286,safe_drive,s4
1287,safe_drive,s4
1288,safe_drive,s4
1289,safe_drive,s4
1290,safe_drive,s4
1291,safe_drive,s4
1292,safe_drive,s4
1293,safe_drive,s4
1294,safe_drive,s4
1295,safe_drive,s4
1296,safe_drive,s4
1297,safe_drive,s4
1298,safe_drive,s4
1299,safe_drive,s4
1300,safe_drive,s4
1301,safe_drive,s4
1302,safe_drive,s4
1303,safe_drive,s4
1304,safe_drive,s4
1305,safe_drive,s4
1306,safe_drive,s4
1307,safe_drive,s4
1308,safe_drive,s4
1309,safe_drive,s4
1310,safe_drive,s4
1311,safe_drive,s4
1312,safe_drive,s4
1313,safe_drive,s4
1314,safe_drive,s4
1315,safe_drive,s4
1316,safe_drive,s4
1317,safe_drive,s4
1318,safe_drive,s4
1319,safe_drive,s4
1320,safe_drive,s4
1321,safe_drive,s4
1322,safe_drive,s4
1323,safe_drive,s4
1324,safe_drive,s4
1325,safe_drive,s4
1326,safe_drive,s4
1327,safe_drive,s4
1328,safe_drive,s4
1329,safe_drive,s4
1330,safe_drive,s4
1331,safe_drive,s4
1332,safe_drive,s4
1333,safe_drive,s4
1334,safe_drive,s4
1335,safe_drive,s4
1336,safe_drive,s4
1337,safe_drive,s4
1338,reach_side,s4
1339,reach_side,s4
1340,reach_side,s4
1341,reach_side,s4
1342,reach_side,s4
1343,reach_side,s4
1344,reach_side,s4
1345,reach_side,s4
1346,reach_side,s4
1347,reach_side,s4
1348,reach_side,s4
1349,reach_side,s4
1350,reach_side,s4
1351,reach_side,s4
1352,reach_side,s4
1353,reach_side,s4
1354,reach_side,s4
1355,reach_side,s4
1356,reach_side,s4
1357,reach_side,s4
1358,reach_side,s4
1359,reach_side,s4
1360,reach_side,s4
1361,reach_side,s4
1362,reach_side,s4
1363,reach_side,s4
1364,reach_side,s4
1365,reach_side,s4
1366,reach_side,s4
1367,reach_side,s4
1368,reach_side,s4
1369,reach_side,s4
1370,reach_side,s4
1371,reach_side,s4
1372,reach_side,s4
1373,reach_side,s4
1374,reach_side,s4
1375,reach_side,s4
1376,reach_side,s4
1377,reach_side,s4
1378,reach_side,s4
1379,reach_side,s4
1380,reach_side,s4
1381,reach_side,s4
1382,reach_side,s4
1383,reach_side,s4
1384,reach_side,s4
1385,reach_side,s4
1386,reach_side,s4
1387,reach_side,s4
1388,reach_side,s4
1389,reach_side,s4
1390,reach_side,s4
1391,reach_side,s4
1392,reach_side,s4
1393,reach_side,s4
1394,reach_side,s4
1395,reach_side,s4
1396,reach_side,s4
1397,reach_side,s4
1398,reach_side,s4
1399,reach_side,s4
1400,reach_side,s4
1401,reach_side,s4
1402,reach_side,s4
1403,reach_side,s4
1404,reach_side,s4
1405,reach_side,s4
1406,reach_side,s4
1407,reach_side,s4
1408,reach_side,s4
1409,reach_side,s4
1410,reach_side,s4
1411,reach_side,s4
1412,reach_side,s4
1413,reach_side,s4
1414,reach_side,s4
1415,reach_side,s4
1416,reach_side,s4
1417,reach_side,s4
1418,reach_side,s4
1419,reach_side,s4
1420,reach_side,s4
1421,reach_side,s4
1422,reach_side,s4
1423,reach_side,s4
1424,reach_side,s4
1425,reach_side,s4
1426,reach_side,s4
1427,reach_side,s4
2290,reach_side,s4
2291,reach_side,s4
2292,reach_side,s4
2293,reach_side,s4
2294,reach_side,s4
2295,reach_side,s4
2296,reach_side,s4
2297,reach_side,s4
2298,reach_side,s4
2299,reach_side,s4
2300,reach_side,s4
2301,reach_side,s4
2302,reach_side,s4
2303,reach_side,s4
2304,reach_side,s4
2305,reach_side,s4
2306,reach_side,s4
2307,reach_side,s4
2308,reach_side,s4
2309,reach_side,s4
2310,reach_side,s4
2311,reach_side,s4
2312,reach_side,s4
2313,reach_side,s4
2314,reach_side,s4
2315,reach_side,s4
2316,reach_side,s4
2317,reach_side,s4
2318,reach_side,s4
2319,reach_side,s4
2320,reach_side,s4
2321,reach_side,s4
2322,reach_side,s4
2323,reach_side,s4
2324,reach_side,s4
2325,reach_side,s4
2326,reach_side,s4
2327,reach_side,s4
2328,reach_side,s4
2329,reach_side,s4
2330,reach_side,s4
2331,reach_side,s4
2332,reach_side,s4
2333,reach_side,s4
2334,reach_side,s4
2335,reach_side,s4
2336,reach_side,s4
2337,reach_side,s4
2338,reach_side,s4
2339,reach_side,s4
2340,reach_side,s4
2341,reach_side,s4
2342,reach_side,s4
2343,reach_side,s4
2344,reach_side,s4
2345,reach_side,s4
2346,reach_side,s4
2347,reach_side,s4
2348,reach_side,s4
2349,reach_side,s4
2350,reach_side,s4
2351,reach_side,s4
2352,reach_side,s4
2353,reach_side,s4
2354,reach_side,s4
2355,reach_side,s4
2356,reach_side,s4
2357,reach_side,s4
2358,reach_side,s4
2359,reach_side,s4
2360,reach_side,s4
2361,reach_side,s4
2362,reach_side,s4
2363,reach_side,s4
2364,reach_side,s4
2365,reach_side,s4
2366,reach_side,s4
2367,reach_side,s4
2368,reach_side,s4
2369,reach_side,s4
2370,reach_side,s4
2371,reach_side,s4
2372,reach_side,s4
2373,reach_side,s4
2374,reach_side,s4
2375,reach_side,s4
2376,reach_side,s4
2377,reach_side,s4
2378,reach_side,s4
2379,reach_side,s4
2380,reach_side,s4
2381,reach_side,s4
2382,reach_side,s4
2383,reach_side,s4
2384,reach_side,s4
2385,reach_side,s4
2386,reach_side,s4
2387,reach_side,s4
2388,reach_side,s4
2389,reach_side,s4
2390,reach_side,s4
2391,safe_drive,s4
2392,safe_drive,s4
2393,safe_drive,s4
2394,safe_drive,s4
2395,safe_drive,s4
2396,safe_drive,s4
2397,safe_drive,s4
2398,safe_drive,s4
2399,safe_drive,s4
2400,safe_drive,s4
2401,safe_drive,s4
2402,safe_drive,s4
2403,safe_drive,s4
2404,safe_drive,s4
2405,safe_drive,s4
2406,safe_drive,s4
2407,safe_drive,s4
2408,safe_drive,s4
2409,safe_drive,s4
2410,safe_drive,s4
2411,safe_drive,s4
2412,safe_drive,s4
2413,safe_drive,s4
2414,safe_drive,s4
2415,safe_drive,s4
2416,safe_drive,s4
2417,safe_drive,s4
2418,safe_drive,s4
2419,safe_drive,s4
2420,safe_drive,s4
2421,safe_drive,s4
2422,safe_drive,s4
2423,safe_drive,s4
2424,safe_drive,s4
2425,safe_drive,s4
2426,safe_drive,s4
2427,safe_drive,s4
2428,safe_drive,s4
2429,safe_drive,s4
2430,safe_drive,s4
2431,safe_drive,s4
2432,safe_drive,s4
2433,safe_drive,s4
2434,safe_drive,s4
2435,safe_drive,s4
2436,safe_drive,s4
2437,safe_drive,s4
2438,safe_drive,s4
2439,safe_drive,s4
2440,safe_drive,s4
2441,safe_drive,s4
2442,safe_drive,s4
2443,safe_drive,s4
2444,safe_drive,s4
2445,safe_drive,s4
2446,safe_drive,s4
2447,safe_drive,s4
2448,safe_drive,s4
2449,safe_drive,s4
2450,safe_drive,s4
2451,safe_drive,s4
2452,safe_drive,s4
2453,safe_drive,s4
2454,safe_drive,s4
2455,safe_drive,s4
2456,safe_drive,s4
2457,safe_drive,s4
2458,safe_drive,s4
2459,safe_drive,s4
2460,safe_drive,s4
2461,safe_drive,s4
2462,safe_drive,s4
2463,safe_drive,s4
2464,safe_drive,s4
2465,safe_drive,s4
2466,safe_drive,s4
2467,safe_drive,s4
2468,safe_drive,s4
2469,safe_drive,s4
2470,safe_drive,s4
2471,safe_drive,s4
2472,safe_drive,s4
2473,safe_drive,s4
2474,safe_drive,s4
2475,safe_drive,s4
2476,safe_drive,s4
2477,safe_drive,s4
2478,safe_drive,s4
2479,safe_drive,s4
2480,safe_drive,s4
2481,safe_drive,s4
2482,safe_drive,s4
2483,safe_drive,s4
2484,safe_drive,s4
2485,safe_drive,s4
2486,safe_drive,s4
2487,safe_drive,s4
2488,safe_drive,s4
2489,safe_drive,s4
2490,safe_drive,s4
2491,safe_drive,s4
2492,safe_drive,s4
2493,safe_drive,s4
2494,safe_drive,s4
2495,safe_drive,s4
2496,safe_drive,s4
2497,safe_drive,s4
2498,safe_drive,s4
2499,safe_drive,s4
2500,safe_drive,s4
2501,safe_drive,s4
2502,safe_drive,s4
2503,safe_drive,s4
2504,safe_drive,s4
2505,safe_drive,s4
2506,safe_drive,s4
2507,safe_drive,s4
2508,safe_drive,s4
2509,safe_drive,s4
2510,safe_drive,s4
2511,safe_drive,s4
2512,safe_drive,s4
2513,safe_drive,s4
2514,safe_drive,s4
2515,safe_drive,s4
2516,safe_drive,s4
2517,safe_drive,s4
2518,safe_drive,s4
2519,safe_drive,s4
2520,safe_drive,s4
2521,safe_drive,s4
2522,safe_drive,s4
2523,safe_drive,s4
2524,safe_drive,s4
2525,safe_drive,s4
2526,safe_drive,s4
2527,safe_drive,s4
2528,safe_drive,s4
2529,safe_drive,s4
2530,safe_drive,s4
2531,safe_drive,s4
2532,safe_drive,s4
2533,safe_drive,s4
2534,safe_drive,s4
2535,safe_drive,s4
2536,safe_drive,s4
2537,safe_drive,s4
2538,safe_drive,s4
2539,safe_drive,s4
2540,safe_drive,s4
2541,safe_drive,s4
2542,safe_drive,s4
2543,safe_drive,s4
2544,safe_drive,s4
2545,safe_drive,s4
2546,safe_drive,s4
2547,safe_drive,s4
2548,safe_drive,s4
2549,safe_drive,s4
2550,safe_drive,s4
2551,safe_drive,s4
2552,safe_drive,s4
2553,safe_drive,s4
2554,safe_drive,s4
2555,safe_drive,s4
2556,safe_drive,s4
2557,safe_drive,s4
2558,safe_drive,s4
2559,safe_drive,s4
2560,safe_drive,s4
2561,safe_drive,s4
2562,safe_drive,s4
2563,safe_drive,s4
2564,safe_drive,s4
2565,safe_drive,s4
2566,safe_drive,s4
2567,safe_drive,s4
2568,safe_drive,s4
2569,safe_drive,s4
2570,safe_drive,s4
2571,safe_drive,s4
2572,safe_drive,s4
2573,safe_drive,s4
2574,safe_drive,s4
2575,safe_drive,s4
2576,safe_drive,s4
2577,safe_drive,s4
2578,safe_drive,s4
2579,safe_drive,s4
2580,safe_drive,s4
2581,safe_drive,s4
2582,safe_drive,s4
2583,safe_drive,s4
2584,safe_drive,s4
2585,safe_drive,s4
2586,safe_drive,s4
2587,safe_drive,s4
2588,safe_drive,s4
2589,safe_drive,s4
2590,safe_drive,s4
2591,safe_drive,s4
2592,safe_drive,s4
2593,safe_drive,s4
2594,safe_drive,s4
2595,safe_drive,s4
2596,safe_drive,s4
2597,safe_drive,s4
2598,safe_drive,s4
2599,safe_drive,s4
2600,safe_drive,s4
2601,safe_drive,s4
2602,safe_drive,s4
2603,safe_drive,s4
2604,reach_side,s4
2605,reach_side,s4
2606,reach_side,s4
2607,reach_side,s4
2608,reach_side,s4
2609,reach_side,s4
2610,reach_side,s4
2611,reach_side,s4
2612,reach_side,s4
2613,reach_side,s4
2614,reach_side,s4
2615,reach_side,s4
2616,reach_side,s4
2617,reach_side,s4
2618,reach_side,s4
2619,reach_side,s4
2620,reach_side,s4
2621,reach_side,s4
2622,reach_side,s4
2623,reach_side,s4
2624,reach_side,s4
2625,reach_side,s4
2626,reach_side,s4
2627,reach_side,s4
2628,reach_side,s4
2629,reach_side,s4
2630,reach_side,s4
2631,reach_side,s4
2632,reach_side,s4
2633,reach_side,s4
2634,reach_side,s4
2635,reach_side,s4
2636,reach_side,s4
2637,reach_side,s4
2638,reach_side,s4
2639,reach_side,s4
2640,reach_side,s4
2641,reach_side,s4
2642,reach_side,s4
2643,reach_side,s4
2644,reach_side,s4
2645,reach_side,s4
2646,reach_side,s4
2647,reach_side,s4
2648,reach_side,s4
2649,reach_side,s4
2650,reach_side,s4
2651,reach_side,s4
2652,reach_side,s4
2653,reach_side,s4
2654,reach_side,s4
2655,reach_side,s4
2656,reach_side,s4
2657,reach_side,s4
2658,reach_side,s4
2659,reach_side,s4
2660,reach_side,s4
2661,reach_side,s4
2662,reach_side,s4
2663,reach_side,s4
2664,reach_side,s4
2665,reach_side,s4
2666,reach_side,s4
2667,reach_side,s4
2668,reach_side,s4
2669,reach_side,s4
2670,reach_side,s4
2671,reach_side,s4
2672,reach_side,s4
2673,reach_side,s4
2674,reach_side,s4
2675,reach_side,s4
2676,reach_side,s4
2677,reach_side,s4
2678,reach_side,s4
2679,reach_side,s4
2680,reach_side,s4
2681,reach_side,s4
2682,reach_side,s4
2683,reach_side,s4
2684,reach_side,s4
2685,reach_side,s4
2686,reach_side,s4
3145,reach_side,s4
3146,reach_side,s4
3147,reach_side,s4
3148,reach_side,s4
3149,reach_side,s4
3150,reach_side,s4
3151,reach_side,s4
3152,reach_side,s4
3153,reach_side,s4
3154,reach_side,s4
3155,reach_side,s4
3156,reach_side,s4
3157,reach_side,s4
3158,reach_side,s4
3159,reach_side,s4
3160,reach_side,s4
3161,reach_side,s4
3162,reach_side,s4
3163,reach_side,s4
3164,reach_side,s4
3165,reach_side,s4
3166,reach_side,s4
3167,reach_side,s4
3168,reach_side,s4
3169,reach_side,s4
3170,reach_side,s4
3171,reach_side,s4
3172,reach_side,s4
3173,reach_side,s4
3174,reach_side,s4
3175,reach_side,s4
3176,reach_side,s4
3177,reach_side,s4
3178,reach_side,s4
3179,reach_side,s4
3180,reach_side,s4
3181,reach_side,s4
3182,reach_side,s4
3183,reach_side,s4
3184,reach_side,s4
3185,reach_side,s4
3186,reach_side,s4
3187,reach_side,s4
3188,reach_side,s4
3189,reach_side,s4
3190,reach_side,s4
3191,reach_side,s4
3192,reach_side,s4
3193,reach_side,s4
3282,safe_drive,s4
3283,safe_drive,s4
3284,safe_drive,s4
3285,safe_drive,s4
3286,safe_drive,s4
3287,safe_drive,s4
3288,safe_drive,s4
3289,safe_drive,s4
3290,safe_drive,s4
3291,safe_drive,s4
3292,safe_drive,s4
3293,safe_drive,s4
3294,safe_drive,s4
3295,safe_drive,s4
3296,safe_drive,s4
3297,safe_drive,s4
3298,safe_drive,s4
3299,safe_drive,s4
3300,safe_drive,s4
3301,safe_drive,s4
3302,safe_drive,s4
3303,safe_drive,s4
3304,safe_drive,s4
3305,safe_drive,s4
3306,safe_drive,s4
3307,safe_drive,s4
3308,safe_drive,s4
3309,safe_drive,s4
3310,safe_drive,s4
3311,safe_drive,s4
3312,safe_drive,s4
3313,safe_drive,s4
3314,safe_drive,s4
3315,safe_drive,s4
3316,safe_drive,s4
3317,safe_drive,s4
3318,safe_drive,s4
3319,safe_drive,s4
3320,safe_drive,s4
3321,safe_drive,s4
3322,safe_drive,s4
3323,safe_drive,s4
3324,safe_drive,s4
3325,safe_drive,s4
3326,safe_drive,s4
3327,safe_drive,s4
3328,safe_drive,s4
3329,safe_drive,s4
3330,safe_drive,s4
3331,safe_drive,s4
3332,safe_drive,s4
3333,safe_drive,s4
3334,safe_drive,s4
3335,safe_drive,s4
3336,safe_drive,s4
3337,safe_drive,s4
3338,safe_drive,s4
3339,safe_drive,s4
3340,safe_drive,s4
3341,safe_drive,s4
3342,safe_drive,s4
3343,safe_drive,s4
3344,safe_drive,s4
3345,safe_drive,s4
3346,safe_drive,s4
3347,safe_drive,s4
3348,safe_drive,s4
3349,safe_drive,s4
3350,safe_drive,s4
3351,safe_drive,s4
3352,safe_drive,s4
3353,safe_drive,s4
3354,safe_drive,s4
3355,safe_drive,s4
3356,safe_drive,s4
3357,safe_drive,s4
3358,safe_drive,s4
3359,safe_drive,s4
3360,safe_drive,s4
3361,safe_drive,s4
3362,safe_drive,s4
3363,safe_drive,s4
3364,safe_drive,s4
3365,safe_drive,s4
3366,safe_drive,s4
3367,safe_drive,s4
3368,safe_drive,s4
3369,safe_drive,s4
3370,safe_drive,s4
3371,safe_drive,s4
3372,safe_drive,s4
3373,safe_drive,s4
3374,safe_drive,s4
3375,safe_drive,s4
3376,safe_drive,s4
3377,safe_drive,s4
3378,safe_drive,s4
3379,safe_drive,s4
3380,safe_drive,s4
3381,safe_drive,s4
3382,safe_drive,s4
3383,safe_drive,s4
3384,safe_drive,s4
3385,safe_drive,s4
3386,safe_drive,s4
3387,safe_drive,s4
3388,safe_drive,s4
3389,safe_drive,s4
3390,safe_drive,s4
3391,safe_drive,s4
3392,safe_drive,s4
3393,safe_drive,s4
3394,safe_drive,s4
3395,safe_drive,s4
3396,safe_drive,s4
3397,safe_drive,s4
3398,safe_drive,s4
3399,safe_drive,s4
3400,safe_drive,s4
3401,safe_drive,s4
3402,safe_drive,s4
3403,safe_drive,s4
3404,safe_drive,s4
3405,safe_drive,s4
3406,safe_drive,s4
3407,safe_drive,s4
3408,safe_drive,s4
3409,safe_drive,s4
3410,safe_drive,s4
3411,safe_drive,s4
3412,safe_drive,s4
3413,safe_drive,s4
3414,safe_drive,s4
3415,safe_drive,s4
3416,safe_drive,s4
3417,safe_drive,s4
3418,safe_drive,s4
3419,safe_drive,s4
3420,safe_drive,s4
3421,safe_drive,s4
3422,safe_drive,s4
3423,safe_drive,s4
3424,safe_drive,s4
3425,safe_drive,s4
3426,safe_drive,s4
3427,safe_drive,s4
3428,safe_drive,s4
3429,safe_drive,s4
3430,safe_drive,s4
3431,safe_drive,s4
3432,safe_drive,s4
3433,safe_drive,s4
3434,safe_drive,s4
3435,safe_drive,s4
3436,safe_drive,s4
3437,safe_drive,s4
3438,safe_drive,s4
3439,safe_drive,s4
3440,safe_drive,s4
3441,safe_drive,s4
3442,safe_drive,s4
3443,safe_drive,s4
3444,safe_drive,s4
3445,safe_drive,s4
3446,safe_drive,s4
3447,safe_drive,s4
3448,safe_drive,s4
3449,safe_drive,s4
3450,reach_side,s4
3451,reach_side,s4
3452,reach_side,s4
3453,reach_side,s4
3454,reach_side,s4
3455,reach_side,s4
3456,reach_side,s4
3457,reach_side,s4
3458,reach_side,s4
3459,reach_side,s4
3460,reach_side,s4
3461,reach_side,s4
3462,reach_side,s4
3463,reach_side,s4
3464,reach_side,s4
3465,reach_side,s4
3466,reach_side,s4
3467,reach_side,s4
3468,reach_side,s4
3469,reach_side,s4
3470,reach_side,s4
3471,reach_side,s4
3472,reach_side,s4
3473,reach_side,s4
3474,reach_side,s4
3475,reach_side,s4
3476,reach_side,s4
3477,reach_side,s4
3478,reach_side,s4
3479,reach_side,s4
3480,reach_side,s4
3481,reach_side,s4
3482,reach_side,s4
3483,reach_side,s4
3484,reach_side,s4
3485,reach_side,s4
3486,reach_side,s4
3487,reach_side,s4
3488,reach_side,s4
3489,reach_side,s4
3490,reach_side,s4
3491,reach_side,s4
3492,reach_side,s4
3493,reach_side,s4
3494,reach_side,s4
3495,reach_side,s4
3496,reach_side,s4
3497,reach_side,s4
3498,reach_side,s4
3499,reach_side,s4
3500,reach_side,s4
3501,reach_side,s4
3502,reach_side,s4
3503,reach_side,s4
3596,drinking,s4
3597,drinking,s4
3598,drinking,s4
3599,drinking,s4
3600,drinking,s4
3601,drinking,s4
3602,drinking,s4
3603,drinking,s4
3604,drinking,s4
3605,drinking,s4
3606,drinking,s4
3607,drinking,s4
3608,drinking,s4
3609,drinking,s4
3610,drinking,s4
3611,drinking,s4
3612,drinking,s4
3613,drinking,s4
3614,drinking,s4
3615,drinking,s4
3616,drinking,s4
3617,drinking,s4
3618,drinking,s4
3619,drinking,s4
3620,drinking,s4
3621,drinking,s4
3622,drinking,s4
3623,drinking,s4
3624,drinking,s4
3625,drinking,s4
3626,drinking,s4
3627,drinking,s4
3628,drinking,s4
3629,drinking,s4
3630,drinking,s4
3631,drinking,s4
3632,drinking,s4
3633,drinking,s4
3634,drinking,s4
3635,drinking,s4
3636,drinking,s4
3637,drinking,s4
3638,drinking,s4
3639,drinking,s4
3640,drinking,s4
3641,drinking,s4
3642,drinking,s4
3643,drinking,s4
3644,drinking,s4
3645,drinking,s4
3646,drinking,s4
3647,drinking,s4
3648,drinking,s4
3649,drinking,s4
3650,drinking,s4
3651,drinking,s4
3652,drinking,s4
3653,drinking,s4
3654,drinking,s4
3655,drinking,s4
3656,drinking,s4
3657,drinking,s4
3658,drinking,s4
3659,drinking,s4
3660,drinking,s4
3661,drinking,s4
3662,drinking,s4
3663,drinking,s4
3664,drinking,s4
3665,drinking,s4
3666,drinking,s4
3667,drinking,s4
3668,drinking,s4
3669,drinking,s4
3670,drinking,s4
3671,drinking,s4
3672,drinking,s4
3673,drinking,s4
3674,drinking,s4
3675,drinking,s4
3676,drinking,s4
3677,drinking,s4
3678,drinking,s4
3679,drinking,s4
3680,drinking,s4
3681,drinking,s4
3682,drinking,s4
3683,drinking,s4
3684,drinking,s4
3685,drinking,s4
3686,drinking,s4
3687,drinking,s4
3688,drinking,s4
3689,drinking,s4
3690,drinking,s4
3691,drinking,s4
3692,drinking,s4
3693,drinking,s4
3694,drinking,s4
3695,drinking,s4
3696,drinking,s4
3697,drinking,s4
3698,drinking,s4
3699,drinking,s4
3700,drinking,s4
3701,drinking,s4
3702,drinking,s4
3703,drinking,s4
3704,drinking,s4
3705,drinking,s4
3706,drinking,s4
3707,drinking,s4
3708,drinking,s4
3709,drinking,s4
3710,drinking,s4
3711,drinking,s4
3712,drinking,s4
3713,drinking,s4
3714,drinking,s4
3715,drinking,s4
3716,drinking,s4
3717,drinking,s4
3718,drinking,s4
3719,drinking,s4
3720,drinking,s4
3721,drinking,s4
3722,drinking,s4
3723,drinking,s4
3724,drinking,s4
3725,drinking,s4
3726,drinking,s4
3727,drinking,s4
3728,drinking,s4
3729,drinking,s4
3730,drinking,s4
3731,drinking,s4
3732,drinking,s4
3733,drinking,s4
3734,drinking,s4
3735,drinking,s4
3736,drinking,s4
3737,drinking,s4
3738,drinking,s4
3739,drinking,s4
3740,drinking,s4
3741,drinking,s4
3742,drinking,s4
3743,drinking,s4
3744,drinking,s4
3745,drinking,s4
3746,drinking,s4
3747,drinking,s4
3748,drinking,s4
3749,drinking,s4
3750,drinking,s4
3751,drinking,s4
3752,drinking,s4
3753,drinking,s4
3754,drinking,s4
3755,drinking,s4
3756,drinking,s4
3757,drinking,s4
3758,drinking,s4
3759,drinking,s4
3760,drinking,s4
3761,drinking,s4
3762,drinking,s4
3763,drinking,s4
3764,drinking,s4
3765,drinking,s4
3766,drinking,s4
3767,drinking,s4
3768,drinking,s4
3769,drinking,s4
3770,drinking,s4
3806,reach_side,s4
3807,reach_side,s4
3808,reach_side,s4
3809,reach_side,s4
3810,reach_side,s4
3811,reach_side,s4
3812,reach_side,s4
3813,reach_side,s4
3814,reach_side,s4
3815,reach_side,s4
3816,reach_side,s4
3817,reach_side,s4
3818,reach_side,s4
3819,reach_side,s4
3820,reach_side,s4
3821,reach_side,s4
3822,reach_side,s4
3823,reach_side,s4
3824,reach_side,s4
3825,reach_side,s4
3826,reach_side,s4
3827,reach_side,s4
3828,reach_side,s4
3829,reach_side,s4
3830,reach_side,s4
3831,reach_side,s4
3832,reach_side,s4
3833,reach_side,s4
3834,reach_side,s4
3835,reach_side,s4
3836,reach_side,s4
3837,reach_side,s4
3838,reach_side,s4
3839,reach_side,s4
3840,reach_side,s4
3841,reach_side,s4
3842,reach_side,s4
3843,reach_side,s4
3844,reach_side,s4
3845,reach_side,s4
3846,reach_side,s4
3847,reach_side,s4
3848,reach_side,s4
3849,reach_side,s4
3850,reach_side,s4
3851,reach_side,s4
3852,reach_side,s4
3853,reach_side,s4
3854,reach_side,s4
3855,reach_side,s4
3856,reach_side,s4
3857,reach_side,s4
3858,reach_side,s4
3859,reach_side,s4
3860,reach_side,s4
3861,reach_side,s4
3862,reach_side,s4
3863,reach_side,s4
3864,reach_side,s4
3865,reach_side,s4
3866,reach_side,s4
3867,reach_side,s4
3868,reach_side,s4
3869,reach_side,s4
3870,reach_side,s4
3871,reach_side,s4
3872,reach_side,s4
3873,reach_side,s4
3874,reach_side,s4
3875,reach_side,s4
3876,reach_side,s4
3877,reach_side,s4
3878,reach_side,s4
3879,reach_side,s4
3880,reach_side,s4
3881,reach_side,s4
3882,reach_side,s4
3883,reach_side,s4
3884,reach_side,s4
3885,reach_side,s4
3886,reach_side,s4
3887,reach_side,s4
3888,reach_side,s4
3889,reach_side,s4
3890,reach_side,s4
3891,reach_side,s4
3892,reach_side,s4
3893,reach_side,s4
3894,reach_side,s4
3895,reach_side,s4
3896,reach_side,s4
3897,reach_side,s4
3898,reach_side,s4
3899,reach_side,s4
3900,reach_side,s4
3901,reach_side,s4
3902,reach_side,s4
3903,reach_side,s4
3904,reach_side,s4
3905,reach_side,s4
3906,reach_side,s4
3907,reach_side,s4
3908,reach_side,s4
3909,reach_side,s4
3910,reach_side,s4
3911,reach_side,s4
3912,reach_side,s4
3913,reach_side,s4
3914,reach_side,s4
3915,reach_side,s4
3916,reach_side,s4
3917,reach_side,s4
3918,reach_side,s4
3919,reach_side,s4
3920,reach_side,s4
3921,reach_side,s4
3922,reach_side,s4
3923,reach_side,s4
3924,reach_side,s4
3925,reach_side,s4
3926,reach_side,s4
3927,reach_side,s4
3928,reach_side,s4
3929,reach_side,s4
3930,reach_side,s4
3931,reach_side,s4
3932,reach_side,s4
3933,reach_side,s4
3934,reach_side,s4
3935,reach_side,s4
3936,reach_side,s4
3937,reach_side,s4
3938,reach_side,s4
3939,reach_side,s4
3940,reach_side,s4
3941,reach_side,s4
3942,reach_side,s4
3943,reach_side,s4
3944,reach_side,s4
3945,reach_side,s4
3946,reach_side,s4
3947,reach_side,s4
3948,reach_side,s4
3949,reach_side,s4
3950,reach_side,s4
3951,reach_side,s4
3952,reach_side,s4
3953,reach_side,s4
3954,reach_side,s4
3955,reach_side,s4
3956,reach_side,s4
3957,reach_side,s4
3958,reach_side,s4
3959,safe_drive,s4
3960,safe_drive,s4
3961,safe_drive,s4
3962,safe_drive,s4
3963,safe_drive,s4
3964,safe_drive,s4
3965,safe_drive,s4
3966,safe_drive,s4
3967,safe_drive,s4
3968,safe_drive,s4
3969,safe_drive,s4
3970,safe_drive,s4
3971,safe_drive,s4
3972,safe_drive,s4
3973,safe_drive,s4
3974,safe_drive,s4
3975,safe_drive,s4
3976,safe_drive,s4
3977,safe_drive,s4
3978,safe_drive,s4
3979,safe_drive,s4
3980,safe_drive,s4
3981,safe_drive,s4
3982,safe_drive,s4
3983,safe_drive,s4
3984,safe_drive,s4
3985,safe_drive,s4
3986,safe_drive,s4
3987,safe_drive,s4
3988,safe_drive,s4
3989,safe_drive,s4
3990,safe_drive,s4
3991,safe_drive,s4
3992,safe_drive,s4
3993,safe_drive,s4
3994,safe_drive,s4
3995,safe_drive,s4
3996,safe_drive,s4
3997,safe_drive,s4
3998,safe_drive,s4
3999,safe_drive,s4
4000,safe_drive,s4
4001,safe_drive,s4
4002,safe_drive,s4
4003,safe_drive,s4
4004,safe_drive,s4
4005,safe_drive,s4
4006,safe_drive,s4
4007,safe_drive,s4
4008,safe_drive,s4
4009,safe_drive,s4
4010,safe_drive,s4
4011,safe_drive,s4
4012,safe_drive,s4
4013,safe_drive,s4
4014,safe_drive,s4
4015,safe_drive,s4
4016,safe_drive,s4
4017,safe_drive,s4
4018,safe_drive,s4
4019,safe_drive,s4
4020,safe_drive,s4
4021,safe_drive,s4
4022,safe_drive,s4
4023,safe_drive,s4
4024,safe_drive,s4
4025,safe_drive,s4
4026,safe_drive,s4
4027,safe_drive,s4
4028,safe_drive,s4
4029,safe_drive,s4
4030,safe_drive,s4
4031,safe_drive,s4
4032,safe_drive,s4
4033,safe_drive,s4
4034,safe_drive,s4
4035,safe_drive,s4
4036,safe_drive,s4
4037,safe_drive,s4
4038,safe_drive,s4
4039,safe_drive,s4
4040,safe_drive,s4
4041,safe_drive,s4
4042,safe_drive,s4
4043,safe_drive,s4
4044,safe_drive,s4
4045,safe_drive,s4
4046,safe_drive,s4
4047,safe_drive,s4
4048,safe_drive,s4
4049,safe_drive,s4
4050,safe_drive,s4
4051,safe_drive,s4
4052,safe_drive,s4
4053,safe_drive,s4
4054,safe_drive,s4
4055,safe_drive,s4
4056,safe_drive,s4
4057,safe_drive,s4
4058,safe_drive,s4
4059,safe_drive,s4
4060,safe_drive,s4
4061,safe_drive,s4
4062,safe_drive,s4
4063,safe_drive,s4
4064,safe_drive,s4
4065,safe_drive,s4
4066,safe_drive,s4
4067,safe_drive,s4
4068,safe_drive,s4
4069,safe_drive,s4
4070,safe_drive,s4
4071,safe_drive,s4
4072,safe_drive,s4
4073,safe_drive,s4
4074,safe_drive,s4
4075,safe_drive,s4
4076,safe_drive,s4
4077,safe_drive,s4
4078,safe_drive,s4
4079,safe_drive,s4
4080,safe_drive,s4
4081,safe_drive,s4
4082,safe_drive,s4
4083,safe_drive,s4
4084,safe_drive,s4
4085,safe_drive,s4
4086,safe_drive,s4
4087,safe_drive,s4
4088,safe_drive,s4
4089,safe_drive,s4
4090,safe_drive,s4
4091,safe_drive,s4
4092,safe_drive,s4
4093,safe_drive,s4
4094,safe_drive,s4
4095,safe_drive,s4
4096,safe_drive,s4
4097,safe_drive,s4
4098,safe_drive,s4
4099,safe_drive,s4
4100,safe_drive,s4
4101,safe_drive,s4
4102,safe_drive,s4
4103,safe_drive,s4
4104,safe_drive,s4
4105,safe_drive,s4
4106,safe_drive,s4
4107,safe_drive,s4
4108,safe_drive,s4
4109,safe_drive,s4
4110,safe_drive,s4
4111,safe_drive,s4
4112,safe_drive,s4
4113,safe_drive,s4
4114,safe_drive,s4
4115,safe_drive,s4
4116,safe_drive,s4
4117,safe_drive,s4
4118,safe_drive,s4
4119,safe_drive,s4
4120,safe_drive,s4
4121,safe_drive,s4
4122,safe_drive,s4
4123,safe_drive,s4
4124,safe_drive,s4
4125,safe_drive,s4
4126,safe_drive,s4
4127,safe_drive,s4
4128,safe_drive,s4
4129,safe_drive,s4
4130,safe_drive,s4
4131,safe_drive,s4
4132,safe_drive,s4
4133,safe_drive,s4
4134,safe_drive,s4
4135,safe_drive,s4
4136,safe_drive,s4
4137,safe_drive,s4
4138,safe_drive,s4
4139,safe_drive,s4
4140,safe_drive,s4
4141,safe_drive,s4
4142,safe_drive,s4
4143,safe_drive,s4
4144,safe_drive,s4
4145,safe_drive,s4
4146,safe_drive,s4
4147,safe_drive,s4
4148,safe_drive,s4
4149,safe_drive,s4
4150,safe_drive,s4
4151,safe_drive,s4
4152,safe_drive,s4
4153,safe_drive,s4
4154,safe_drive,s4
4155,safe_drive,s4
4156,safe_drive,s4
4157,safe_drive,s4
4158,safe_drive,s4
4159,safe_drive,s4
4160,safe_drive,s4
4161,safe_drive,s4
4162,safe_drive,s4
4163,safe_drive,s4
4164,safe_drive,s4
4165,safe_drive,s4
4166,safe_drive,s4
4167,safe_drive,s4
4168,safe_drive,s4
4169,safe_drive,s4
4170,safe_drive,s4
4171,safe_drive,s4
4172,safe_drive,s4
4173,safe_drive,s4
4174,safe_drive,s4
4175,safe_drive,s4
4176,safe_drive,s4
4177,safe_drive,s4
4178,safe_drive,s4
4179,safe_drive,s4
4180,safe_drive,s4
4181,safe_drive,s4
4182,safe_drive,s4
4183,safe_drive,s4
4184,safe_drive,s4
4185,safe_drive,s4
4186,safe_drive,s4
4187,safe_drive,s4
4188,safe_drive,s4
4189,safe_drive,s4
4190,safe_drive,s4
4191,safe_drive,s4
4192,safe_drive,s4
4193,safe_drive,s4
4194,safe_drive,s4
4195,safe_drive,s4
4196,safe_drive,s4
4197,safe_drive,s4
4198,safe_drive,s4
4199,safe_drive,s4
4200,safe_drive,s4
4201,safe_drive,s4
4202,safe_drive,s4
4203,safe_drive,s4
4204,safe_drive,s4
4205,safe_drive,s4
4206,safe_drive,s4
4207,safe_drive,s4
4208,safe_drive,s4
4209,safe_drive,s4
4210,safe_drive,s4
4211,safe_drive,s4
4212,safe_drive,s4
4213,safe_drive,s4
4214,safe_drive,s4
4215,safe_drive,s4
4216,safe_drive,s4
4217,safe_drive,s4
4218,safe_drive,s4
4219,safe_drive,s4
4220,safe_drive,s4
4221,safe_drive,s4
4222,safe_drive,s4
4223,safe_drive,s4
4224,safe_drive,s4
4225,safe_drive,s4
4226,safe_drive,s4
4227,safe_drive,s4
4228,safe_drive,s4
4229,safe_drive,s4
4230,safe_drive,s4
4231,safe_drive,s4
4232,safe_drive,s4
4233,safe_drive,s4
4234,safe_drive,s4
4235,safe_drive,s4
4236,safe_drive,s4
4237,safe_drive,s4
4238,safe_drive,s4
4239,safe_drive,s4
4240,safe_drive,s4
4241,safe_drive,s4
4242,safe_drive,s4
4243,safe_drive,s4
4244,safe_drive,s4
4245,safe_drive,s4
4246,safe_drive,s4
4247,safe_drive,s4
4248,safe_drive,s4
4249,safe_drive,s4
4250,safe_drive,s4
4251,safe_drive,s4
4252,safe_drive,s4
4253,safe_drive,s4
4254,safe_drive,s4
4255,safe_drive,s4
4256,safe_drive,s4
4257,safe_drive,s4
4258,safe_drive,s4
4259,safe_drive,s4
4260,safe_drive,s4
4261,safe_drive,s4
4262,safe_drive,s4
4263,safe_drive,s4
4264,safe_drive,s4
4265,safe_drive,s4
4266,safe_drive,s4
4267,safe_drive,s4
4268,safe_drive,s4
4269,safe_drive,s4
4270,safe_drive,s4
4271,safe_drive,s4
4272,safe_drive,s4
4273,safe_drive,s4
4274,safe_drive,s4
4275,reach_side,s4
4276,reach_side,s4
4277,reach_side,s4
4278,reach_side,s4
4279,reach_side,s4
4280,reach_side,s4
4281,reach_side,s4
4282,reach_side,s4
4283,reach_side,s4
4284,reach_side,s4
4285,reach_side,s4
4286,reach_side,s4
4287,reach_side,s4
4288,reach_side,s4
4289,reach_side,s4
4290,reach_side,s4
4291,reach_side,s4
4292,reach_side,s4
4293,reach_side,s4
4294,reach_side,s4
4295,reach_side,s4
4296,reach_side,s4
4297,reach_side,s4
4298,reach_side,s4
4299,reach_side,s4
4300,reach_side,s4
4301,reach_side,s4
4302,reach_side,s4
4303,reach_side,s4
4304,reach_side,s4
4305,reach_side,s4
4306,reach_side,s4
4307,reach_side,s4
4308,reach_side,s4
4309,reach_side,s4
4310,reach_side,s4
4311,reach_side,s4
4312,reach_side,s4
4313,reach_side,s4
4314,reach_side,s4
4315,reach_side,s4
4316,reach_side,s4
4317,reach_side,s4
4318,reach_side,s4
4319,reach_side,s4
4320,reach_side,s4
4321,reach_side,s4
4322,reach_side,s4
4323,reach_side,s4
4324,reach_side,s4
4325,reach_side,s4
4326,reach_side,s4
4327,reach_side,s4
4328,reach_side,s4
4329,reach_side,s4
4330,reach_side,s4
4331,reach_side,s4
4332,reach_side,s4
4333,reach_side,s4
4334,reach_side,s4
4335,reach_side,s4
4336,reach_side,s4
4337,reach_side,s4
4338,reach_side,s4
4339,reach_side,s4
4340,reach_side,s4
4341,reach_side,s4
4342,reach_side,s4
4343,reach_side,s4
4344,reach_side,s4
4345,reach_side,s4
4346,reach_side,s4
4347,reach_side,s4
4348,reach_side,s4
4349,reach_side,s4
4350,reach_side,s4
4351,reach_side,s4
4352,reach_side,s4
4353,reach_side,s4
4354,reach_side,s4
4355,reach_side,s4
4356,reach_side,s4
4357,reach_side,s4
4358,reach_side,s4
4359,reach_side,s4
4360,reach_side,s4
4361,reach_side,s4
4362,reach_side,s4
4997,reach_side,s4
4998,reach_side,s4
4999,reach_side,s4
5000,reach_side,s4
5001,reach_side,s4
5002,reach_side,s4
5003,reach_side,s4
5004,reach_side,s4
5005,reach_side,s4
5006,reach_side,s4
5007,reach_side,s4
5008,reach_side,s4
5009,reach_side,s4
5010,reach_side,s4
5011,reach_side,s4
5012,reach_side,s4
5013,reach_side,s4
5014,reach_side,s4
5015,reach_side,s4
5016,reach_side,s4
5017,reach_side,s4
5018,reach_side,s4
5019,reach_side,s4
5020,reach_side,s4
5021,reach_side,s4
5022,reach_side,s4
5023,reach_side,s4
5024,reach_side,s4
5025,reach_side,s4
5026,reach_side,s4
5027,reach_side,s4
5028,reach_side,s4
5029,reach_side,s4
5030,reach_side,s4
5031,reach_side,s4
5032,reach_side,s4
5033,reach_side,s4
5034,reach_side,s4
5035,reach_side,s4
5036,reach_side,s4
5037,reach_side,s4
5038,reach_side,s4
5039,reach_side,s4
5040,reach_side,s4
5041,reach_side,s4
5042,reach_side,s4
5043,reach_side,s4
5044,reach_side,s4
5045,reach_side,s4
5046,reach_side,s4
5047,reach_side,s4
5048,reach_side,s4
5049,reach_side,s4
5050,reach_side,s4
5051,reach_side,s4
5052,reach_side,s4
5053,reach_side,s4
5054,reach_side,s4
5055,reach_side,s4
5056,reach_side,s4
5057,reach_side,s4
5058,reach_side,s4
5059,reach_side,s4
5060,reach_side,s4
5104,safe_drive,s4
5105,safe_drive,s4
5106,safe_drive,s4
5107,safe_drive,s4
5108,safe_drive,s4
5109,safe_drive,s4
5110,safe_drive,s4
5111,safe_drive,s4
5112,safe_drive,s4
5113,safe_drive,s4
5114,safe_drive,s4
5115,safe_drive,s4
5116,safe_drive,s4
5117,safe_drive,s4
5118,safe_drive,s4
5119,safe_drive,s4
5120,safe_drive,s4
5121,safe_drive,s4
5122,safe_drive,s4
5123,safe_drive,s4
5124,safe_drive,s4
5125,safe_drive,s4
5126,safe_drive,s4
5127,safe_drive,s4
5128,safe_drive,s4
5129,safe_drive,s4
5130,safe_drive,s4
5131,safe_drive,s4
5132,safe_drive,s4
5133,safe_drive,s4
5134,safe_drive,s4
5135,safe_drive,s4
5136,safe_drive,s4
5137,safe_drive,s4
5138,safe_drive,s4
5139,safe_drive,s4
5140,safe_drive,s4
5141,safe_drive,s4
5142,safe_drive,s4
5143,safe_drive,s4
5144,safe_drive,s4
5145,safe_drive,s4
5146,safe_drive,s4
5147,safe_drive,s4
5148,safe_drive,s4
5149,safe_drive,s4
5150,safe_drive,s4
5151,safe_drive,s4
5152,safe_drive,s4
5153,safe_drive,s4
5154,safe_drive,s4
5155,safe_drive,s4
5156,safe_drive,s4
5157,safe_drive,s4
5158,safe_drive,s4
5159,safe_drive,s4
5160,safe_drive,s4
5161,safe_drive,s4
5162,safe_drive,s4
5163,safe_drive,s4
5164,safe_drive,s4
5165,safe_drive,s4
5166,safe_drive,s4
5167,safe_drive,s4
5168,safe_drive,s4
5169,safe_drive,s4
5170,safe_drive,s4
5171,safe_drive,s4
5172,safe_drive,s4
5173,safe_drive,s4
5174,safe_drive,s4
5175,safe_drive,s4
5176,safe_drive,s4
5177,safe_drive,s4
5178,safe_drive,s4
5179,safe_drive,s4
5180,safe_drive,s4
5181,safe_drive,s4
5182,safe_drive,s4
5183,safe_drive,s4
5184,safe_drive,s4
5185,safe_drive,s4
5186,safe_drive,s4
5187,safe_drive,s4
5188,safe_drive,s4
5189,safe_drive,s4
5190,safe_drive,s4
5191,safe_drive,s4
5192,safe_drive,s4
5193,safe_drive,s4
5194,safe_drive,s4
5195,safe_drive,s4
5196,safe_drive,s4
5197,safe_drive,s4
5198,safe_drive,s4
5199,safe_drive,s4
5200,safe_drive,s4
5201,safe_drive,s4
5202,safe_drive,s4
5203,safe_drive,s4
5204,safe_drive,s4
5205,safe_drive,s4
5206,safe_drive,s4
5207,safe_drive,s4
5208,safe_drive,s4
5209,safe_drive,s4
5210,safe_drive,s4
5211,safe_drive,s4
5212,safe_drive,s4
5213,safe_drive,s4
5214,safe_drive,s4
5215,safe_drive,s4
5216,safe_drive,s4
5217,safe_drive,s4
5218,safe_drive,s4
5219,safe_drive,s4
5220,safe_drive,s4
5221,safe_drive,s4
5222,safe_drive,s4
5223,safe_drive,s4
5224,safe_drive,s4
5225,safe_drive,s4
5226,safe_drive,s4
5227,safe_drive,s4
5228,safe_drive,s4
5229,safe_drive,s4
5230,safe_drive,s4
5231,safe_drive,s4
5232,safe_drive,s4
5233,safe_drive,s4
5234,safe_drive,s4
5235,safe_drive,s4
5236,safe_drive,s4
5237,safe_drive,s4
5238,safe_drive,s4
5239,safe_drive,s4
5240,safe_drive,s4
5241,safe_drive,s4
5242,safe_drive,s4
5243,safe_drive,s4
5244,safe_drive,s4
5245,safe_drive,s4
5246,safe_drive,s4
5247,safe_drive,s4
5248,safe_drive,s4
5249,safe_drive,s4
5250,safe_drive,s4
5251,safe_drive,s4
5252,safe_drive,s4
5253,safe_drive,s4
5254,safe_drive,s4
5255,safe_drive,s4
5256,safe_drive,s4
5257,safe_drive,s4
5258,safe_drive,s4
5259,safe_drive,s4
5260,safe_drive,s4
5261,safe_drive,s4
5262,safe_drive,s4
5263,safe_drive,s4
5264,safe_drive,s4
5265,safe_drive,s4
5266,safe_drive,s4
5267,safe_drive,s4
5268,safe_drive,s4
5269,safe_drive,s4
5270,safe_drive,s4
5271,safe_drive,s4
5272,safe_drive,s4
5273,safe_drive,s4
5274,safe_drive,s4
5275,safe_drive,s4
5276,safe_drive,s4
5277,safe_drive,s4
5278,safe_drive,s4
5279,safe_drive,s4
5280,safe_drive,s4
5281,safe_drive,s4
5282,safe_drive,s4
5283,safe_drive,s4
5284,safe_drive,s4
5285,safe_drive,s4
5286,safe_drive,s4
5287,safe_drive,s4
5288,safe_drive,s4
5289,safe_drive,s4
5290,safe_drive,s4
5291,safe_drive,s4
5292,safe_drive,s4
5293,safe_drive,s4
5294,safe_drive,s4
5295,safe_drive,s4
5296,safe_drive,s4
5297,safe_drive,s4
5298,safe_drive,s4
5299,safe_drive,s4
5300,safe_drive,s4
5301,safe_drive,s4
5302,safe_drive,s4
5303,safe_drive,s4
5304,safe_drive,s4
5305,safe_drive,s4
5306,safe_drive,s4
5307,safe_drive,s4
5308,safe_drive,s4
5309,safe_drive,s4
5310,safe_drive,s4
5311,safe_drive,s4
5312,safe_drive,s4
5313,safe_drive,s4
5314,safe_drive,s4
5315,safe_drive,s4
5316,safe_drive,s4
5317,safe_drive,s4
5318,safe_drive,s4
5319,safe_drive,s4
5320,safe_drive,s4
5321,safe_drive,s4
5322,safe_drive,s4
5323,safe_drive,s4
5324,safe_drive,s4
5325,safe_drive,s4
5326,safe_drive,s4
5327,safe_drive,s4
5328,safe_drive,s4
5329,safe_drive,s4
5330,safe_drive,s4
5331,safe_drive,s4
5332,safe_drive,s4
5333,safe_drive,s4
5334,safe_drive,s4
5335,safe_drive,s4
5336,safe_drive,s4
5337,safe_drive,s4
5338,safe_drive,s4
5339,safe_drive,s4
5340,safe_drive,s4
5341,safe_drive,s4
5342,safe_drive,s4
5343,safe_drive,s4
5344,safe_drive,s4
5345,safe_drive,s4
5346,safe_drive,s4
5347,safe_drive,s4
5348,safe_drive,s4
5349,safe_drive,s4
5350,safe_drive,s4
5351,safe_drive,s4
5352,safe_drive,s4
5353,safe_drive,s4
5354,safe_drive,s4
5355,safe_drive,s4
5356,safe_drive,s4
5357,safe_drive,s4
5358,safe_drive,s4
5359,safe_drive,s4
5360,safe_drive,s4
5361,safe_drive,s4
5362,safe_drive,s4
5363,safe_drive,s4
5364,safe_drive,s4
5365,safe_drive,s4
5366,safe_drive,s4
5367,safe_drive,s4
5368,safe_drive,s4
5369,safe_drive,s4
5370,safe_drive,s4
5371,safe_drive,s4
5372,safe_drive,s4
5373,safe_drive,s4
5374,safe_drive,s4
5375,safe_drive,s4
5376,safe_drive,s4
5377,safe_drive,s4
5378,safe_drive,s4
5379,safe_drive,s4
5380,safe_drive,s4
5381,safe_drive,s4
5382,safe_drive,s4
5383,safe_drive,s4
5384,safe_drive,s4
5385,safe_drive,s4
5386,safe_drive,s4
5387,safe_drive,s4
5388,safe_drive,s4
5389,safe_drive,s4
5390,safe_drive,s4
5391,safe_drive,s4
5392,safe_drive,s4
5393,safe_drive,s4
5394,safe_drive,s4
5395,safe_drive,s4
5396,safe_drive,s4
5397,safe_drive,s4
5398,safe_drive,s4
5399,safe_drive,s4
5400,safe_drive,s4
5401,safe_drive,s4
5402,safe_drive,s4
5403,safe_drive,s4
5404,safe_drive,s4
5405,safe_drive,s4
5406,safe_drive,s4
5407,safe_drive,s4
5408,safe_drive,s4
5409,safe_drive,s4
5410,safe_drive,s4
5411,safe_drive,s4
5412,safe_drive,s4
5413,safe_drive,s4
5414,safe_drive,s4
5415,safe_drive,s4
5416,safe_drive,s4
5417,safe_drive,s4
5418,safe_drive,s4
5419,safe_drive,s4
5420,safe_drive,s4
5421,safe_drive,s4
5422,safe_drive,s4
5423,safe_drive,s4
5424,safe_drive,s4
5425,safe_drive,s4
5426,safe_drive,s4
5427,safe_drive,s4
5428,safe_drive,s4
5429,safe_drive,s4
5430,safe_drive,s4
5431,safe_drive,s4
5432,safe_drive,s4
5433,safe_drive,s4
5434,safe_drive,s4
5435,safe_drive,s4
5436,safe_drive,s4
5437,safe_drive,s4
5438,safe_drive,s4
5439,safe_drive,s4
5440,safe_drive,s4
5441,safe_drive,s4
5442,safe_drive,s4
5443,safe_drive,s4
5444,safe_drive,s4
5445,safe_drive,s4
5446,safe_drive,s4
5447,safe_drive,s4
5448,safe_drive,s4
5449,safe_drive,s4
5450,safe_drive,s4
5451,safe_drive,s4
5452,safe_drive,s4
5453,safe_drive,s4
5454,safe_drive,s4
5455,safe_drive,s4
5456,safe_drive,s4
5457,safe_drive,s4
5458,safe_drive,s4
5459,safe_drive,s4
5460,safe_drive,s4
5461,safe_drive,s4
5462,safe_drive,s4
5463,safe_drive,s4
5464,safe_drive,s4
5465,safe_drive,s4
5466,safe_drive,s4
5467,safe_drive,s4
5468,safe_drive,s4
5469,safe_drive,s4
5470,safe_drive,s4
5471,safe_drive,s4
5472,safe_drive,s4
5473,safe_drive,s4
5474,safe_drive,s4
5475,safe_drive,s4
5476,safe_drive,s4
5477,safe_drive,s4
5478,safe_drive,s4
5479,safe_drive,s4
5480,safe_drive,s4
5481,safe_drive,s4
5482,safe_drive,s4
5483,safe_drive,s4
5484,safe_drive,s4
5485,safe_drive,s4
5486,safe_drive,s4
5487,safe_drive,s4
5488,safe_drive,s4
5489,safe_drive,s4
5490,safe_drive,s4
5491,safe_drive,s4
5492,safe_drive,s4
5493,safe_drive,s4
5494,safe_drive,s4
5495,safe_drive,s4
5496,safe_drive,s4
5497,safe_drive,s4
5498,safe_drive,s4
5499,safe_drive,s4
5500,safe_drive,s4
5501,safe_drive,s4
5502,safe_drive,s4
5503,safe_drive,s4
5504,safe_drive,s4
5505,safe_drive,s4
5506,safe_drive,s4
5507,safe_drive,s4
5508,safe_drive,s4
5509,safe_drive,s4
5510,safe_drive,s4
5511,safe_drive,s4
5512,safe_drive,s4
5513,safe_drive,s4
5514,safe_drive,s4
5515,safe_drive,s4
5516,safe_drive,s4
5517,safe_drive,s4
5518,safe_drive,s4
5519,safe_drive,s4
5520,safe_drive,s4
5521,safe_drive,s4
5522,safe_drive,s4
5523,safe_drive,s4
5524,safe_drive,s4
5525,safe_drive,s4
5526,safe_drive,s4
5527,safe_drive,s4
5528,safe_drive,s4
5529,safe_drive,s4
5530,safe_drive,s4
5531,safe_drive,s4
5532,safe_drive,s4
5533,safe_drive,s4
5534,safe_drive,s4
5535,safe_drive,s4
5536,safe_drive,s4
5537,safe_drive,s4
5538,safe_drive,s4
5539,safe_drive,s4
5540,safe_drive,s4
5541,safe_drive,s4
5542,safe_drive,s4
5543,safe_drive,s4
5544,safe_drive,s4
5545,safe_drive,s4
5546,safe_drive,s4
5547,safe_drive,s4
5548,safe_drive,s4
5549,safe_drive,s4
5550,safe_drive,s4
5551,reach_side,s4
5552,reach_side,s4
5553,reach_side,s4
5554,reach_side,s4
5555,reach_side,s4
5556,reach_side,s4
5557,reach_side,s4
5558,reach_side,s4
5559,reach_side,s4
5560,reach_side,s4
5561,reach_side,s4
5562,reach_side,s4
5563,reach_side,s4
5564,reach_side,s4
5565,reach_side,s4
5566,reach_side,s4
5567,reach_side,s4
5568,reach_side,s4
5569,reach_side,s4
5570,reach_side,s4
5571,reach_side,s4
5572,reach_side,s4
5573,reach_side,s4
5574,reach_side,s4
5575,reach_side,s4
5576,reach_side,s4
5577,reach_side,s4
5578,reach_side,s4
5579,reach_side,s4
5580,reach_side,s4
5581,reach_side,s4
5582,reach_side,s4
5583,reach_side,s4
5584,reach_side,s4
5585,reach_side,s4
5586,reach_side,s4
5587,reach_side,s4
5588,reach_side,s4
5589,reach_side,s4
5590,reach_side,s4
5591,reach_side,s4
5592,reach_side,s4
5593,reach_side,s4
5594,reach_side,s4
5595,reach_side,s4
5596,reach_side,s4
5597,reach_side,s4
5598,reach_side,s4
5599,reach_side,s4
5600,reach_side,s4
5601,reach_side,s4
5602,reach_side,s4
5603,reach_side,s4
5604,reach_side,s4
5605,reach_side,s4
5606,reach_side,s4
5607,reach_side,s4
5608,reach_side,s4
5609,reach_side,s4
5610,reach_side,s4
5611,reach_side,s4
5612,reach_side,s4
5613,reach_side,s4
5614,reach_side,s4
5615,reach_side,s4
5616,reach_side,s4
5617,reach_side,s4
5618,reach_side,s4
5619,reach_side,s4
5620,reach_side,s4
5621,reach_side,s4
5622,reach_side,s4
5623,reach_side,s4
5624,reach_side,s4
5625,reach_side,s4
5626,reach_side,s4
5627,reach_side,s4
5628,reach_side,s4
5629,reach_side,s4
5630,reach_side,s4
5631,reach_side,s4
5632,reach_side,s4
5633,reach_side,s4
5634,reach_side,s4
5635,reach_side,s4
5636,reach_side,s4
5637,reach_side,s4
5638,reach_side,s4
5639,reach_side,s4
5640,reach_side,s4
5641,reach_side,s4
5642,reach_side,s4
5643,reach_side,s4
5644,reach_side,s4
6695,reach_side,s4
6696,reach_side,s4
6697,reach_side,s4
6698,reach_side,s4
6699,reach_side,s4
6700,reach_side,s4
6701,reach_side,s4
6702,reach_side,s4
6703,reach_side,s4
6704,reach_side,s4
6705,reach_side,s4
6706,reach_side,s4
6707,reach_side,s4
6708,reach_side,s4
6709,reach_side,s4
6710,reach_side,s4
6711,reach_side,s4
6712,reach_side,s4
6713,reach_side,s4
6714,reach_side,s4
6715,reach_side,s4
6716,reach_side,s4
6717,reach_side,s4
6718,reach_side,s4
6719,reach_side,s4
6720,reach_side,s4
6721,reach_side,s4
6722,reach_side,s4
6723,reach_side,s4
6724,reach_side,s4
6725,reach_side,s4
6726,reach_side,s4
6727,reach_side,s4
6728,reach_side,s4
6729,reach_side,s4
6730,reach_side,s4
6731,reach_side,s4
6732,reach_side,s4
6733,reach_side,s4
6734,reach_side,s4
6735,reach_side,s4
6736,reach_side,s4
6737,reach_side,s4
6738,reach_side,s4
6739,reach_side,s4
6740,reach_side,s4
6741,reach_side,s4
6742,reach_side,s4
6743,reach_side,s4
6744,reach_side,s4
6745,reach_side,s4
6746,reach_side,s4
6747,reach_side,s4
6748,reach_side,s4
6749,reach_side,s4
6750,reach_side,s4
6751,reach_side,s4
6752,reach_side,s4
6753,reach_side,s4
6754,reach_side,s4
6755,reach_side,s4
6756,reach_side,s4
6757,reach_side,s4
6758,reach_side,s4
6759,reach_side,s4
6760,reach_side,s4
6761,reach_side,s4
6762,reach_side,s4
6763,reach_side,s4
6764,reach_side,s4
6765,reach_side,s4
6766,reach_side,s4
6767,reach_side,s4
6768,reach_side,s4
6769,reach_side,s4
6770,reach_side,s4
6771,reach_side,s4
6772,safe_drive,s4
6773,safe_drive,s4
6774,safe_drive,s4
6775,safe_drive,s4
6776,safe_drive,s4
6777,safe_drive,s4
6778,safe_drive,s4
6779,safe_drive,s4
6780,safe_drive,s4
6781,safe_drive,s4
6782,safe_drive,s4
6783,safe_drive,s4
6784,safe_drive,s4
6785,safe_drive,s4
6786,safe_drive,s4
6787,safe_drive,s4
6788,safe_drive,s4
6789,safe_drive,s4
6790,safe_drive,s4
6791,safe_drive,s4
6792,safe_drive,s4
6793,safe_drive,s4
6794,safe_drive,s4
6795,safe_drive,s4
6796,safe_drive,s4
6797,safe_drive,s4
6798,safe_drive,s4
6799,safe_drive,s4
6800,safe_drive,s4
6801,safe_drive,s4
6802,safe_drive,s4
6803,safe_drive,s4
6804,safe_drive,s4
6805,safe_drive,s4
6806,safe_drive,s4
6807,safe_drive,s4
6808,safe_drive,s4
6809,safe_drive,s4
6810,safe_drive,s4
6811,safe_drive,s4
6812,safe_drive,s4
6813,safe_drive,s4
6814,safe_drive,s4
6815,safe_drive,s4
6816,safe_drive,s4
6817,safe_drive,s4
6818,safe_drive,s4
6819,safe_drive,s4
6820,safe_drive,s4
6821,safe_drive,s4
6822,safe_drive,s4
6823,safe_drive,s4
6824,safe_drive,s4
6825,safe_drive,s4
6826,safe_drive,s4
6827,safe_drive,s4
6828,safe_drive,s4
6829,safe_drive,s4
6830,safe_drive,s4
6831,safe_drive,s4
6832,safe_drive,s4
6833,safe_drive,s4
6834,safe_drive,s4
6835,safe_drive,s4
6836,safe_drive,s4
6837,safe_drive,s4
6838,safe_drive,s4
6839,safe_drive,s4
6840,safe_drive,s4
6841,safe_drive,s4
6842,safe_drive,s4
6843,safe_drive,s4
6844,safe_drive,s4
6845,safe_drive,s4
6846,safe_drive,s4
6847,safe_drive,s4
6848,safe_drive,s4
6849,safe_drive,s4
6850,safe_drive,s4
6851,safe_drive,s4
6852,safe_drive,s4
6853,safe_drive,s4
6854,safe_drive,s4
6855,safe_drive,s4
6856,safe_drive,s4
6857,safe_drive,s4
6858,safe_drive,s4
6859,safe_drive,s4
6860,safe_drive,s4
6861,safe_drive,s4
6862,safe_drive,s4
6863,safe_drive,s4
6864,safe_drive,s4
6865,safe_drive,s4
6866,safe_drive,s4
6867,safe_drive,s4
6868,safe_drive,s4
6869,safe_drive,s4
6870,safe_drive,s4
6871,safe_drive,s4
6872,safe_drive,s4
6873,safe_drive,s4
6874,safe_drive,s4
6875,safe_drive,s4
6876,safe_drive,s4
6877,safe_drive,s4
6878,safe_drive,s4
6879,safe_drive,s4
6880,safe_drive,s4
6881,safe_drive,s4
6882,safe_drive,s4
6883,safe_drive,s4
6884,safe_drive,s4
6885,safe_drive,s4
6886,safe_drive,s4
6887,safe_drive,s4
6888,safe_drive,s4
6889,safe_drive,s4
6890,safe_drive,s4
6891,safe_drive,s4
6892,safe_drive,s4
6893,safe_drive,s4
6894,safe_drive,s4
6895,safe_drive,s4
6896,safe_drive,s4
6897,safe_drive,s4
6898,safe_drive,s4
6899,safe_drive,s4
6900,safe_drive,s4
6901,safe_drive,s4
6902,safe_drive,s4
6903,safe_drive,s4
6904,safe_drive,s4
6905,safe_drive,s4
6906,safe_drive,s4
6907,safe_drive,s4
6908,safe_drive,s4
6909,safe_drive,s4
6910,safe_drive,s4
6911,safe_drive,s4
6912,safe_drive,s4
6913,safe_drive,s4
6914,safe_drive,s4
6915,safe_drive,s4
6916,safe_drive,s4
6917,safe_drive,s4
6918,safe_drive,s4
6919,safe_drive,s4
6920,safe_drive,s4
6921,safe_drive,s4
6922,safe_drive,s4
6923,safe_drive,s4
6924,safe_drive,s4
6925,safe_drive,s4
6926,safe_drive,s4
6927,safe_drive,s4
6928,safe_drive,s4
6929,safe_drive,s4
6930,safe_drive,s4
6931,safe_drive,s4
6932,safe_drive,s4
6933,safe_drive,s4
6934,safe_drive,s4
6935,safe_drive,s4
6936,safe_drive,s4
6937,safe_drive,s4
6938,safe_drive,s4
6939,safe_drive,s4
6940,safe_drive,s4
6941,safe_drive,s4
6942,safe_drive,s4
6943,safe_drive,s4
6944,safe_drive,s4
6945,safe_drive,s4
6946,safe_drive,s4
6947,safe_drive,s4
6948,safe_drive,s4
6949,safe_drive,s4
6950,safe_drive,s4
6951,safe_drive,s4
6952,safe_drive,s4
6953,safe_drive,s4
6954,safe_drive,s4
6955,safe_drive,s4
6956,safe_drive,s4
6957,safe_drive,s4
6958,safe_drive,s4
6959,safe_drive,s4
6960,safe_drive,s4
6961,safe_drive,s4
6962,safe_drive,s4
6963,safe_drive,s4
6964,safe_drive,s4
6965,safe_drive,s4
6966,safe_drive,s4
6967,safe_drive,s4
6968,safe_drive,s4
6969,safe_drive,s4
6970,safe_drive,s4
6971,safe_drive,s4
6972,safe_drive,s4
6973,safe_drive,s4
6974,safe_drive,s4
6975,safe_drive,s4
6976,safe_drive,s4
6977,safe_drive,s4
6978,safe_drive,s4
6979,safe_drive,s4
6980,safe_drive,s4
6981,safe_drive,s4
6982,safe_drive,s4
6983,safe_drive,s4
6984,safe_drive,s4
6985,safe_drive,s4
6986,safe_drive,s4
6987,safe_drive,s4
6988,safe_drive,s4
6989,safe_drive,s4
6990,safe_drive,s4
6991,safe_drive,s4
6992,safe_drive,s4
6993,safe_drive,s4
6994,safe_drive,s4
6995,safe_drive,s4
6996,safe_drive,s4
6997,safe_drive,s4
6998,safe_drive,s4
6999,safe_drive,s4
7000,safe_drive,s4
7001,safe_drive,s4
7002,safe_drive,s4
7003,safe_drive,s4
7004,safe_drive,s4
7005,safe_drive,s4
7027,safe_drive,s4
7028,safe_drive,s4
7029,safe_drive,s4
7030,safe_drive,s4
7031,safe_drive,s4
7032,safe_drive,s4
7033,safe_drive,s4
7034,safe_drive,s4
7035,safe_drive,s4
7036,safe_drive,s4
7037,safe_drive,s4
7038,safe_drive,s4
7039,safe_drive,s4
7040,safe_drive,s4
7041,safe_drive,s4
7042,safe_drive,s4
7043,safe_drive,s4
7044,safe_drive,s4
7045,safe_drive,s4
7046,safe_drive,s4
7047,safe_drive,s4
7048,safe_drive,s4
7049,safe_drive,s4
7050,safe_drive,s4
7051,safe_drive,s4
7052,safe_drive,s4
7053,safe_drive,s4
7054,safe_drive,s4
7055,safe_drive,s4
7056,safe_drive,s4
7057,safe_drive,s4
7058,safe_drive,s4
7059,safe_drive,s4
7060,safe_drive,s4
7061,safe_drive,s4
7062,safe_drive,s4
7063,safe_drive,s4
7064,safe_drive,s4
7065,safe_drive,s4
7066,safe_drive,s4
7067,safe_drive,s4
7068,safe_drive,s4
7069,safe_drive,s4
7070,safe_drive,s4
7071,safe_drive,s4
7072,safe_drive,s4
7073,safe_drive,s4
7074,safe_drive,s4
7075,safe_drive,s4
7076,safe_drive,s4
7077,safe_drive,s4
7078,safe_drive,s4
7079,safe_drive,s4
7080,safe_drive,s4
7081,safe_drive,s4
7082,safe_drive,s4
7083,safe_drive,s4
7084,safe_drive,s4
7085,safe_drive,s4
7086,safe_drive,s4
7087,safe_drive,s4
7088,safe_drive,s4
7089,safe_drive,s4
7090,safe_drive,s4
7091,safe_drive,s4
7092,safe_drive,s4
7093,safe_drive,s4
7094,safe_drive,s4
7095,safe_drive,s4
7096,safe_drive,s4
7097,safe_drive,s4
7098,safe_drive,s4
7099,safe_drive,s4
7100,safe_drive,s4
7101,safe_drive,s4
7102,safe_drive,s4
7103,safe_drive,s4
7104,safe_drive,s4
7105,safe_drive,s4
7106,safe_drive,s4
7107,safe_drive,s4
7108,safe_drive,s4
7109,safe_drive,s4
7110,safe_drive,s4
7111,safe_drive,s4
7112,safe_drive,s4
7113,safe_drive,s4
7114,safe_drive,s4
7115,safe_drive,s4
7116,safe_drive,s4
7117,safe_drive,s4
7118,safe_drive,s4
7119,safe_drive,s4
7120,safe_drive,s4
7121,safe_drive,s4
7122,safe_drive,s4
7123,safe_drive,s4
7124,safe_drive,s4
7125,safe_drive,s4
7126,safe_drive,s4
7127,safe_drive,s4
7128,safe_drive,s4
7129,safe_drive,s4
7130,safe_drive,s4
7131,safe_drive,s4
7132,safe_drive,s4
7133,safe_drive,s4
7134,safe_drive,s4
7135,safe_drive,s4
7136,safe_drive,s4
7137,safe_drive,s4
7138,safe_drive,s4
7139,safe_drive,s4
7140,safe_drive,s4
7141,safe_drive,s4
7142,safe_drive,s4
7143,safe_drive,s4
7144,safe_drive,s4
7145,safe_drive,s4
7146,safe_drive,s4
7147,safe_drive,s4
7148,safe_drive,s4
7149,safe_drive,s4
7150,safe_drive,s4
7151,safe_drive,s4
7152,safe_drive,s4
7153,safe_drive,s4
7154,safe_drive,s4
7155,safe_drive,s4
7156,safe_drive,s4
7157,safe_drive,s4
7158,safe_drive,s4
7159,safe_drive,s4
7160,safe_drive,s4
7161,safe_drive,s4
7162,safe_drive,s4
7163,safe_drive,s4
7164,safe_drive,s4
7165,safe_drive,s4
7166,safe_drive,s4
7167,safe_drive,s4
7168,safe_drive,s4
7169,safe_drive,s4
7170,safe_drive,s4
7171,safe_drive,s4
7172,safe_drive,s4
7173,safe_drive,s4
7174,safe_drive,s4
7175,safe_drive,s4
7176,safe_drive,s4
7177,safe_drive,s4
7178,safe_drive,s4
7179,safe_drive,s4
7180,safe_drive,s4
7181,safe_drive,s4
7182,safe_drive,s4
7183,safe_drive,s4
7184,safe_drive,s4
7200,safe_drive,s4
7201,safe_drive,s4
7202,safe_drive,s4
7203,safe_drive,s4
7204,safe_drive,s4
7205,safe_drive,s4
7206,safe_drive,s4
7207,safe_drive,s4
7208,safe_drive,s4
7209,safe_drive,s4
7210,safe_drive,s4
7211,safe_drive,s4
7212,safe_drive,s4
7213,safe_drive,s4
7214,safe_drive,s4
7215,safe_drive,s4
7216,safe_drive,s4
7217,safe_drive,s4
7218,safe_drive,s4
7219,safe_drive,s4
7220,safe_drive,s4
7221,safe_drive,s4
7222,safe_drive,s4
7223,safe_drive,s4
7224,safe_drive,s4
7225,safe_drive,s4
7226,safe_drive,s4
7227,safe_drive,s4
7228,reach_side,s4
7229,reach_side,s4
7230,reach_side,s4
7231,reach_side,s4
7232,reach_side,s4
7233,reach_side,s4
7234,reach_side,s4
7235,reach_side,s4
7236,reach_side,s4
7237,reach_side,s4
7238,reach_side,s4
7239,reach_side,s4
7240,reach_side,s4
7241,reach_side,s4
7242,reach_side,s4
7243,reach_side,s4
7244,reach_side,s4
7245,reach_side,s4
7246,reach_side,s4
7247,reach_side,s4
7248,reach_side,s4
7249,reach_side,s4
7250,reach_side,s4
7251,reach_side,s4
7252,reach_side,s4
7253,reach_side,s4
7254,reach_side,s4
7255,reach_side,s4
7256,reach_side,s4
7257,reach_side,s4
7258,reach_side,s4
7259,reach_side,s4
7260,reach_side,s4
7261,reach_side,s4
7262,reach_side,s4
7263,reach_side,s4
7264,reach_side,s4
7265,reach_side,s4
7266,reach_side,s4
7267,reach_side,s4
7268,reach_side,s4
7269,reach_side,s4
7270,reach_side,s4
7271,reach_side,s4
7272,reach_side,s4
7273,reach_side,s4
7274,reach_side,s4
7275,reach_side,s4
7276,reach_side,s4
7277,reach_side,s4
7278,reach_side,s4
7279,reach_side,s4
7280,reach_side,s4
7281,reach_side,s4
7282,reach_side,s4
7283,reach_side,s4
7284,reach_side,s4
7285,reach_side,s4
7286,reach_side,s4
7287,reach_side,s4
7288,reach_side,s4
7289,reach_side,s4
7290,reach_side,s4
7291,reach_side,s4
7292,reach_side,s4
7293,reach_side,s4
7294,reach_side,s4
7295,reach_side,s4
7296,reach_side,s4
7297,reach_side,s4
7298,reach_side,s4
7299,reach_side,s4
7300,reach_side,s4
7301,reach_side,s4
7302,reach_side,s4
7303,reach_side,s4
7304,reach_side,s4
7305,reach_side,s4
7306,reach_side,s4
7307,reach_side,s4
7308,reach_side,s4
7309,reach_side,s4
7310,reach_side,s4
7311,reach_side,s4
7312,reach_side,s4
7313,reach_side,s4
7314,reach_side,s4
7315,reach_side,s4
7316,reach_side,s4
7317,reach_side,s4
7318,reach_side,s4
7319,reach_side,s4
7347,reach_side,s4
7348,reach_side,s4
7349,reach_side,s4
7350,reach_side,s4
7351,reach_side,s4
7352,reach_side,s4
7353,reach_side,s4
7354,reach_side,s4
7355,reach_side,s4
7356,reach_side,s4
7357,reach_side,s4
7358,reach_side,s4
7359,reach_side,s4
7360,reach_side,s4
7361,reach_side,s4
7362,reach_side,s4
7363,reach_side,s4
7364,reach_side,s4
7365,reach_side,s4
7366,reach_side,s4
7367,reach_side,s4
7368,reach_side,s4
7369,reach_side,s4
7370,reach_side,s4
7371,reach_side,s4
7372,reach_side,s4
7373,reach_side,s4
7374,reach_side,s4
7375,reach_side,s4
7376,reach_side,s4
7377,reach_side,s4
7378,reach_side,s4
7379,reach_side,s4
7380,reach_side,s4
7381,reach_side,s4
7382,reach_side,s4
7383,reach_side,s4
7384,reach_side,s4
7385,reach_side,s4
7386,reach_side,s4
7387,reach_side,s4
7388,reach_side,s4
7389,reach_side,s4
7390,reach_side,s4
7391,reach_side,s4
7392,reach_side,s4
7393,reach_side,s4
7394,reach_side,s4
7395,reach_side,s4
7396,reach_side,s4
7397,reach_side,s4
7398,reach_side,s4
7399,reach_side,s4
7400,reach_side,s4
7401,reach_side,s4
7402,reach_side,s4
7403,reach_side,s4
7404,reach_side,s4
7405,reach_side,s4
7406,reach_side,s4
7407,reach_side,s4
7408,reach_side,s4
7409,reach_side,s4
7410,reach_side,s4
7411,reach_side,s4
7412,reach_side,s4
7413,reach_side,s4
7414,reach_side,s4
7415,reach_side,s4
7416,reach_side,s4
7417,reach_side,s4
7418,reach_side,s4
7419,reach_side,s4
7793,reach_side,s4
7794,reach_side,s4
7795,reach_side,s4
7796,reach_side,s4
7797,reach_side,s4
7798,reach_side,s4
7799,reach_side,s4
7800,reach_side,s4
7801,reach_side,s4
7802,reach_side,s4
7803,reach_side,s4
7804,reach_side,s4
7805,reach_side,s4
7806,reach_side,s4
7807,reach_side,s4
7808,reach_side,s4
7809,reach_side,s4
7810,reach_side,s4
7811,reach_side,s4
7812,reach_side,s4
7813,reach_side,s4
7814,reach_side,s4
7815,reach_side,s4
7816,reach_side,s4
7817,reach_side,s4
7818,reach_side,s4
7819,reach_side,s4
7820,reach_side,s4
7821,reach_side,s4
7822,reach_side,s4
7823,reach_side,s4
7824,reach_side,s4
7825,reach_side,s4
7826,reach_side,s4
7827,reach_side,s4
7828,reach_side,s4
7829,reach_side,s4
7830,reach_side,s4
7831,reach_side,s4
7832,reach_side,s4
7833,reach_side,s4
7834,reach_side,s4
7835,reach_side,s4
7836,reach_side,s4
7837,safe_drive,s4
7838,safe_drive,s4
7839,safe_drive,s4
7840,safe_drive,s4
7841,safe_drive,s4
7842,safe_drive,s4
7843,safe_drive,s4
7844,safe_drive,s4
7845,safe_drive,s4
7846,safe_drive,s4
7847,safe_drive,s4
7848,safe_drive,s4
7849,safe_drive,s4
7850,safe_drive,s4
7851,safe_drive,s4
7852,safe_drive,s4
7853,safe_drive,s4
7854,safe_drive,s4
7855,safe_drive,s4
7856,safe_drive,s4
7857,safe_drive,s4
7858,safe_drive,s4
7859,safe_drive,s4
7860,safe_drive,s4
7861,safe_drive,s4
7862,safe_drive,s4
7863,safe_drive,s4
7864,safe_drive,s4
7865,safe_drive,s4
7866,safe_drive,s4
7867,safe_drive,s4
7868,safe_drive,s4
7869,safe_drive,s4
7870,safe_drive,s4
7871,safe_drive,s4
7872,safe_drive,s4
7873,safe_drive,s4
7874,safe_drive,s4
7875,safe_drive,s4
7876,safe_drive,s4
7877,safe_drive,s4
7878,safe_drive,s4
7879,safe_drive,s4
7880,safe_drive,s4
7881,safe_drive,s4
7882,safe_drive,s4
7883,safe_drive,s4
7884,safe_drive,s4
7885,safe_drive,s4
7886,safe_drive,s4
7887,safe_drive,s4
7888,safe_drive,s4
7889,safe_drive,s4
7890,safe_drive,s4
7891,safe_drive,s4
7892,safe_drive,s4
7893,safe_drive,s4
7894,safe_drive,s4
7895,safe_drive,s4
7896,safe_drive,s4
7897,safe_drive,s4
7898,safe_drive,s4
7899,safe_drive,s4
7900,safe_drive,s4
7901,safe_drive,s4
7902,safe_drive,s4
7903,safe_drive,s4
7904,safe_drive,s4
7905,safe_drive,s4
7906,safe_drive,s4
7907,safe_drive,s4
7908,safe_drive,s4
7909,safe_drive,s4
7910,safe_drive,s4
7911,safe_drive,s4
7912,safe_drive,s4
7913,safe_drive,s4
7914,safe_drive,s4
7915,safe_drive,s4
7916,safe_drive,s4
7917,safe_drive,s4
7918,safe_drive,s4
7919,safe_drive,s4
7920,safe_drive,s4
7921,safe_drive,s4
7922,safe_drive,s4
7923,safe_drive,s4
7924,safe_drive,s4
7925,safe_drive,s4
7926,safe_drive,s4
7927,safe_drive,s4
7928,safe_drive,s4
7929,safe_drive,s4
7930,safe_drive,s4
7931,safe_drive,s4
7932,safe_drive,s4
7933,safe_drive,s4
7934,safe_drive,s4
7935,safe_drive,s4
7936,safe_drive,s4
7937,safe_drive,s4
7938,safe_drive,s4
7939,safe_drive,s4
7940,safe_drive,s4
7941,safe_drive,s4
7942,safe_drive,s4
7943,safe_drive,s4
7944,safe_drive,s4
7945,safe_drive,s4
7946,safe_drive,s4
7947,safe_drive,s4
7948,safe_drive,s4
7949,safe_drive,s4
7950,safe_drive,s4
7951,safe_drive,s4
7952,safe_drive,s4
7953,safe_drive,s4
7954,safe_drive,s4
7955,safe_drive,s4
7956,safe_drive,s4
7957,safe_drive,s4
7958,safe_drive,s4
7959,safe_drive,s4
7960,safe_drive,s4
7961,safe_drive,s4
7962,safe_drive,s4
7963,safe_drive,s4
7964,safe_drive,s4
7965,safe_drive,s4
7966,safe_drive,s4
7967,safe_drive,s4
7968,safe_drive,s4
7969,safe_drive,s4
7970,safe_drive,s4
7971,safe_drive,s4
7972,safe_drive,s4
7973,safe_drive,s4
7974,safe_drive,s4
7975,safe_drive,s4
7976,safe_drive,s4
7977,safe_drive,s4
7978,safe_drive,s4
7979,safe_drive,s4
7980,safe_drive,s4
7981,safe_drive,s4
7982,safe_drive,s4
7983,safe_drive,s4
7984,safe_drive,s4
7985,safe_drive,s4
7986,safe_drive,s4
7987,safe_drive,s4
7988,safe_drive,s4
7989,safe_drive,s4
7990,safe_drive,s4
7991,safe_drive,s4
7992,safe_drive,s4
7993,safe_drive,s4
7994,safe_drive,s4
7995,safe_drive,s4
7996,safe_drive,s4
7997,safe_drive,s4
7998,safe_drive,s4
7999,safe_drive,s4
8000,safe_drive,s4
8001,safe_drive,s4
8002,safe_drive,s4
8003,safe_drive,s4
8004,safe_drive,s4
8005,safe_drive,s4
8006,safe_drive,s4
8007,safe_drive,s4
8008,safe_drive,s4
8009,safe_drive,s4
8010,safe_drive,s4
8011,safe_drive,s4
8012,safe_drive,s4
8013,safe_drive,s4
8014,safe_drive,s4
8015,safe_drive,s4
8016,safe_drive,s4
8017,safe_drive,s4
8018,safe_drive,s4
8019,safe_drive,s4
8020,safe_drive,s4
8021,safe_drive,s4
8022,safe_drive,s4
8023,safe_drive,s4
8024,safe_drive,s4
8025,safe_drive,s4
8026,safe_drive,s4
8027,safe_drive,s4
8028,safe_drive,s4
8029,safe_drive,s4
8030,safe_drive,s4
8031,safe_drive,s4
8032,safe_drive,s4
8033,safe_drive,s4
8034,safe_drive,s4
8035,safe_drive,s4
8036,safe_drive,s4
8037,safe_drive,s4
8038,safe_drive,s4
8039,safe_drive,s4
8040,safe_drive,s4
8041,safe_drive,s4
8042,safe_drive,s4
8043,safe_drive,s4
8044,safe_drive,s4
8045,safe_drive,s4
8046,safe_drive,s4
8047,safe_drive,s4
8048,safe_drive,s4
8049,safe_drive,s4
8050,safe_drive,s4
8051,safe_drive,s4
8052,safe_drive,s4
8053,safe_drive,s4
8054,safe_drive,s4
8055,safe_drive,s4
8056,safe_drive,s4
8057,safe_drive,s4
8058,safe_drive,s4
8059,safe_drive,s4
8060,safe_drive,s4
8061,safe_drive,s4
8062,safe_drive,s4
8063,safe_drive,s4
8064,safe_drive,s4
8065,safe_drive,s4
8066,safe_drive,s4
8067,safe_drive,s4
8068,safe_drive,s4
8069,safe_drive,s4
8070,safe_drive,s4
8071,safe_drive,s4
8072,safe_drive,s4
8073,safe_drive,s4
8074,safe_drive,s4
8075,safe_drive,s4
8076,safe_drive,s4
8077,safe_drive,s4
8078,safe_drive,s4
8079,safe_drive,s4
8080,safe_drive,s4
8081,safe_drive,s4
8082,safe_drive,s4
8083,safe_drive,s4
8084,safe_drive,s4
8085,safe_drive,s4
8086,safe_drive,s4
8087,safe_drive,s4
8088,safe_drive,s4
8089,safe_drive,s4
8090,safe_drive,s4
8091,safe_drive,s4
8092,safe_drive,s4
8093,safe_drive,s4
8094,safe_drive,s4
8095,safe_drive,s4
8096,safe_drive,s4
8097,safe_drive,s4
8098,safe_drive,s4
8099,safe_drive,s4
8100,safe_drive,s4
8101,safe_drive,s4
8102,safe_drive,s4
8103,safe_drive,s4
8104,safe_drive,s4
8105,safe_drive,s4
8106,safe_drive,s4
8107,safe_drive,s4
8108,safe_drive,s4
8109,safe_drive,s4
8110,safe_drive,s4
8111,safe_drive,s4
8112,safe_drive,s4
8113,safe_drive,s4
8114,safe_drive,s4
8115,safe_drive,s4
8116,safe_drive,s4
8117,safe_drive,s4
8118,safe_drive,s4
8119,safe_drive,s4
8120,safe_drive,s4
8121,safe_drive,s4
8122,safe_drive,s4
8123,safe_drive,s4
8124,safe_drive,s4
8125,safe_drive,s4
8126,safe_drive,s4
8127,safe_drive,s4
8128,safe_drive,s4
8129,safe_drive,s4
8130,safe_drive,s4
8131,safe_drive,s4
8132,safe_drive,s4
8133,safe_drive,s4
8134,safe_drive,s4
8135,safe_drive,s4
8136,safe_drive,s4
8137,safe_drive,s4
8138,safe_drive,s4
8139,safe_drive,s4
8140,safe_drive,s4
8141,safe_drive,s4
8142,safe_drive,s4
8143,safe_drive,s4
8144,safe_drive,s4
8145,safe_drive,s4
8146,safe_drive,s4
8147,safe_drive,s4
8148,safe_drive,s4
8149,safe_drive,s4
8150,safe_drive,s4
8151,safe_drive,s4
8152,safe_drive,s4
8153,safe_drive,s4
8154,safe_drive,s4
8155,safe_drive,s4
8156,safe_drive,s4
8157,safe_drive,s4
8158,safe_drive,s4
8159,safe_drive,s4
8160,safe_drive,s4
8161,safe_drive,s4
8162,safe_drive,s4
8163,safe_drive,s4
8164,safe_drive,s4
8165,safe_drive,s4
8166,safe_drive,s4
8167,safe_drive,s4
8168,safe_drive,s4
8169,safe_drive,s4
8170,safe_drive,s4
8171,safe_drive,s4
8172,safe_drive,s4
8173,safe_drive,s4
8174,safe_drive,s4
8175,safe_drive,s4
8176,safe_drive,s4
8177,safe_drive,s4
8178,safe_drive,s4
8179,safe_drive,s4
8180,safe_drive,s4
8181,reach_side,s4
8182,reach_side,s4
8183,reach_side,s4
8184,reach_side,s4
8185,reach_side,s4
8186,reach_side,s4
8187,reach_side,s4
8188,reach_side,s4
8189,reach_side,s4
8190,reach_side,s4
8191,reach_side,s4
8192,reach_side,s4
8193,reach_side,s4
8194,reach_side,s4
8195,reach_side,s4
8196,reach_side,s4
8197,reach_side,s4
8198,reach_side,s4
8199,reach_side,s4
8200,reach_side,s4
8201,reach_side,s4
8202,reach_side,s4
8203,reach_side,s4
8204,reach_side,s4
8205,reach_side,s4
8206,reach_side,s4
8207,reach_side,s4
8208,reach_side,s4
8209,reach_side,s4
8210,reach_side,s4
8211,reach_side,s4
8212,reach_side,s4
8213,reach_side,s4
8214,reach_side,s4
8215,reach_side,s4
8216,reach_side,s4
8217,reach_side,s4
8218,reach_side,s4
8219,reach_side,s4
8220,reach_side,s4
8221,reach_side,s4
8222,reach_side,s4
8223,reach_side,s4
8224,reach_side,s4
8225,reach_side,s4
8226,reach_side,s4
8227,reach_side,s4
8228,reach_side,s4
8229,reach_side,s4
8230,reach_side,s4
8231,reach_side,s4
8232,reach_side,s4
8233,reach_side,s4
8346,drinking,s4
8347,drinking,s4
8348,drinking,s4
8349,drinking,s4
8350,drinking,s4
8351,drinking,s4
8352,drinking,s4
8353,drinking,s4
8354,drinking,s4
8355,drinking,s4
8356,drinking,s4
8357,drinking,s4
8358,drinking,s4
8359,drinking,s4
8360,drinking,s4
8361,drinking,s4
8362,drinking,s4
8363,drinking,s4
8364,drinking,s4
8365,drinking,s4
8366,drinking,s4
8367,drinking,s4
8368,drinking,s4
8369,drinking,s4
8370,drinking,s4
8371,drinking,s4
8372,drinking,s4
8373,drinking,s4
8374,drinking,s4
8375,drinking,s4
8376,drinking,s4
8377,drinking,s4
8378,drinking,s4
8379,drinking,s4
8380,drinking,s4
8381,drinking,s4
8382,drinking,s4
8383,drinking,s4
8384,drinking,s4
8385,drinking,s4
8386,drinking,s4
8387,drinking,s4
8388,drinking,s4
8389,drinking,s4
8390,drinking,s4
8391,drinking,s4
8392,drinking,s4
8393,drinking,s4
8394,drinking,s4
8395,drinking,s4
8396,drinking,s4
8397,drinking,s4
8398,drinking,s4
8399,drinking,s4
8400,drinking,s4
8401,drinking,s4
8402,drinking,s4
8403,drinking,s4
8404,drinking,s4
8405,drinking,s4
8406,drinking,s4
8407,drinking,s4
8408,drinking,s4
8409,drinking,s4
8410,drinking,s4
8411,drinking,s4
8412,drinking,s4
8413,drinking,s4
8414,drinking,s4
8415,drinking,s4
8416,drinking,s4
8417,drinking,s4
8418,drinking,s4
8419,drinking,s4
8420,drinking,s4
8421,drinking,s4
8422,drinking,s4
8423,drinking,s4
8424,drinking,s4
8425,drinking,s4
8426,drinking,s4
8427,drinking,s4
8428,drinking,s4
8429,drinking,s4
8430,drinking,s4
8431,drinking,s4
8432,drinking,s4
8433,drinking,s4
8434,drinking,s4
8435,drinking,s4
8436,drinking,s4
8437,drinking,s4
8438,drinking,s4
8439,drinking,s4
8440,drinking,s4
8441,drinking,s4
8442,drinking,s4
8443,drinking,s4
8444,drinking,s4
8445,drinking,s4
8446,drinking,s4
8447,drinking,s4
8448,drinking,s4
8449,drinking,s4
8450,drinking,s4
8451,drinking,s4
8452,drinking,s4
8453,drinking,s4
8454,drinking,s4
8455,drinking,s4
8456,drinking,s4
8457,drinking,s4
8458,drinking,s4
8459,drinking,s4
8460,drinking,s4
8461,drinking,s4
8462,drinking,s4
8463,drinking,s4
8464,drinking,s4
8465,drinking,s4
8466,drinking,s4
8467,drinking,s4
8468,drinking,s4
8469,drinking,s4
8470,drinking,s4
8471,drinking,s4
8472,drinking,s4
8473,drinking,s4
8474,drinking,s4
8475,drinking,s4
8476,drinking,s4
8477,drinking,s4
8478,drinking,s4
8479,drinking,s4
8480,drinking,s4
8481,drinking,s4
8482,drinking,s4
8483,drinking,s4
8484,drinking,s4
8485,drinking,s4
8486,drinking,s4
8487,drinking,s4
8488,drinking,s4
8489,drinking,s4
8490,drinking,s4
8491,drinking,s4
8492,drinking,s4
8493,drinking,s4
8494,drinking,s4
8495,drinking,s4
8496,drinking,s4
8497,drinking,s4
8498,drinking,s4
8499,drinking,s4
8500,drinking,s4
8501,drinking,s4
8502,drinking,s4
8503,drinking,s4
8504,drinking,s4
8505,drinking,s4
8506,drinking,s4
8507,drinking,s4
8508,drinking,s4
8509,drinking,s4
8510,drinking,s4
8511,drinking,s4
8512,drinking,s4
8513,drinking,s4
8514,drinking,s4
8515,drinking,s4
8516,drinking,s4
8517,drinking,s4
8518,drinking,s4
8519,drinking,s4
8520,drinking,s4
8521,drinking,s4
8522,drinking,s4
8523,drinking,s4
8524,drinking,s4
8525,drinking,s4
8526,drinking,s4
8527,drinking,s4
8528,drinking,s4
8529,drinking,s4
8530,drinking,s4
8531,drinking,s4
8532,drinking,s4
8533,drinking,s4
8534,drinking,s4
8535,drinking,s4
8536,drinking,s4
8537,drinking,s4
8538,drinking,s4
8539,drinking,s4
8540,drinking,s4
8541,drinking,s4
8542,drinking,s4
8543,drinking,s4
8544,drinking,s4
8545,drinking,s4
8546,drinking,s4
8547,drinking,s4
8548,drinking,s4
8549,drinking,s4
8550,drinking,s4
8551,drinking,s4
8552,drinking,s4
8553,drinking,s4
8554,drinking,s4
8555,drinking,s4
8556,drinking,s4
8557,drinking,s4
8558,drinking,s4
8559,drinking,s4
8560,drinking,s4
8561,drinking,s4
8562,drinking,s4
8563,drinking,s4
8564,drinking,s4
8601,reach_side,s4
8602,reach_side,s4
8603,reach_side,s4
8604,reach_side,s4
8605,reach_side,s4
8606,reach_side,s4
8607,reach_side,s4
8608,reach_side,s4
8609,reach_side,s4
8610,reach_side,s4
8611,reach_side,s4
8612,reach_side,s4
8613,reach_side,s4
8614,reach_side,s4
8615,reach_side,s4
8616,reach_side,s4
8617,reach_side,s4
8618,reach_side,s4
8619,reach_side,s4
8620,reach_side,s4
8621,reach_side,s4
8622,reach_side,s4
8623,reach_side,s4
8624,reach_side,s4
8625,reach_side,s4
8626,reach_side,s4
8627,reach_side,s4
8628,reach_side,s4
8629,reach_side,s4
8630,reach_side,s4
8631,reach_side,s4
8632,reach_side,s4
8633,reach_side,s4
8634,reach_side,s4
8635,reach_side,s4
8636,reach_side,s4
8637,reach_side,s4
8638,reach_side,s4
8639,reach_side,s4
8640,reach_side,s4
8641,reach_side,s4
8642,reach_side,s4
8643,reach_side,s4
8644,reach_side,s4
8645,reach_side,s4
8646,reach_side,s4
8647,reach_side,s4
8648,reach_side,s4
8649,reach_side,s4
8650,reach_side,s4
8651,reach_side,s4
8652,reach_side,s4
8653,reach_side,s4
8654,reach_side,s4
8655,reach_side,s4
8656,reach_side,s4
8657,reach_side,s4
8658,reach_side,s4
8659,reach_side,s4
8660,reach_side,s4
8661,safe_drive,s4
8662,safe_drive,s4
8663,safe_drive,s4
8664,safe_drive,s4
8665,safe_drive,s4
8666,safe_drive,s4
8667,safe_drive,s4
8668,safe_drive,s4
8669,safe_drive,s4
8670,safe_drive,s4
8671,safe_drive,s4
8672,safe_drive,s4
8673,safe_drive,s4
8674,safe_drive,s4
8675,safe_drive,s4
8676,safe_drive,s4
8677,safe_drive,s4
8678,safe_drive,s4
8679,safe_drive,s4
8680,safe_drive,s4
8681,safe_drive,s4
8682,safe_drive,s4
8683,safe_drive,s4
8684,safe_drive,s4
8685,safe_drive,s4
8686,safe_drive,s4
8687,safe_drive,s4
8688,safe_drive,s4
8689,safe_drive,s4
8690,safe_drive,s4
8691,safe_drive,s4
8692,safe_drive,s4
8693,safe_drive,s4
8694,safe_drive,s4
8695,safe_drive,s4
8696,safe_drive,s4
8697,safe_drive,s4
8698,safe_drive,s4
8699,safe_drive,s4
8700,safe_drive,s4
8701,safe_drive,s4
8702,safe_drive,s4
8703,safe_drive,s4
8704,safe_drive,s4
8705,safe_drive,s4
8706,safe_drive,s4
8707,safe_drive,s4
8708,safe_drive,s4
8709,safe_drive,s4
8710,safe_drive,s4
8711,safe_drive,s4
8712,safe_drive,s4
8713,safe_drive,s4
8714,safe_drive,s4
8715,safe_drive,s4
8716,safe_drive,s4
8717,safe_drive,s4
8718,safe_drive,s4
8719,safe_drive,s4
8720,safe_drive,s4
8721,safe_drive,s4
8722,safe_drive,s4
8723,safe_drive,s4
8724,safe_drive,s4
8725,safe_drive,s4
8726,safe_drive,s4
8727,safe_drive,s4
8728,safe_drive,s4
8729,safe_drive,s4
8730,safe_drive,s4
8731,safe_drive,s4
8732,safe_drive,s4
8733,safe_drive,s4
8734,safe_drive,s4
8735,safe_drive,s4
8736,safe_drive,s4
8737,safe_drive,s4
8738,safe_drive,s4
8739,safe_drive,s4
8740,safe_drive,s4
8741,safe_drive,s4
8742,safe_drive,s4
8743,safe_drive,s4
8744,safe_drive,s4
8745,safe_drive,s4
8746,safe_drive,s4
8747,safe_drive,s4
8748,safe_drive,s4
8749,safe_drive,s4
8750,safe_drive,s4
8751,safe_drive,s4
8752,safe_drive,s4
8753,safe_drive,s4
8754,safe_drive,s4
8755,safe_drive,s4
8756,safe_drive,s4
8757,safe_drive,s4
8758,safe_drive,s4
8759,safe_drive,s4
8760,safe_drive,s4
8761,safe_drive,s4
8762,safe_drive,s4
8763,safe_drive,s4
8764,safe_drive,s4
8765,safe_drive,s4
8766,safe_drive,s4
8767,safe_drive,s4
8768,safe_drive,s4
8769,safe_drive,s4
8770,safe_drive,s4
8771,safe_drive,s4
8772,safe_drive,s4
8773,safe_drive,s4
8774,safe_drive,s4
8775,safe_drive,s4
8776,safe_drive,s4
8777,safe_drive,s4
8778,safe_drive,s4
8779,safe_drive,s4
8780,safe_drive,s4
8781,safe_drive,s4
8782,safe_drive,s4
8783,safe_drive,s4
8784,safe_drive,s4
8785,safe_drive,s4
8786,safe_drive,s4
8787,safe_drive,s4
8788,safe_drive,s4
8789,safe_drive,s4
8790,safe_drive,s4
8791,safe_drive,s4
8792,safe_drive,s4
8793,safe_drive,s4
8794,safe_drive,s4
8795,safe_drive,s4
8796,safe_drive,s4
8797,safe_drive,s4
8798,safe_drive,s4
8799,safe_drive,s4
8800,safe_drive,s4
8801,safe_drive,s4
8802,safe_drive,s4
8803,safe_drive,s4
8804,safe_drive,s4
8805,safe_drive,s4
8806,safe_drive,s4
8807,safe_drive,s4
8808,safe_drive,s4
8809,safe_drive,s4
8810,safe_drive,s4
8811,safe_drive,s4
8812,safe_drive,s4
8813,safe_drive,s4
8814,safe_drive,s4
8815,safe_drive,s4
8816,safe_drive,s4
8817,safe_drive,s4
8818,safe_drive,s4
8819,safe_drive,s4
8820,safe_drive,s4
8821,safe_drive,s4
8822,safe_drive,s4
8823,safe_drive,s4
8824,safe_drive,s4
8825,safe_drive,s4
8826,safe_drive,s4
8827,safe_drive,s4
8828,safe_drive,s4
8829,safe_drive,s4
8830,safe_drive,s4
8831,safe_drive,s4
8832,safe_drive,s4
8833,safe_drive,s4
8834,safe_drive,s4
8835,safe_drive,s4
8836,safe_drive,s4
8837,safe_drive,s4
8838,safe_drive,s4
8839,safe_drive,s4
8840,safe_drive,s4
8841,safe_drive,s4
8842,safe_drive,s4
8843,safe_drive,s4
8844,safe_drive,s4
8845,safe_drive,s4
8846,safe_drive,s4
8847,safe_drive,s4
8848,safe_drive,s4
8849,safe_drive,s4
8850,safe_drive,s4
8851,safe_drive,s4
8852,safe_drive,s4
8853,safe_drive,s4
8854,safe_drive,s4
8855,safe_drive,s4
8856,safe_drive,s4
8857,safe_drive,s4
8858,safe_drive,s4
8859,safe_drive,s4
8860,safe_drive,s4
8861,safe_drive,s4
8862,safe_drive,s4
8863,safe_drive,s4
8864,safe_drive,s4
8865,safe_drive,s4
8866,safe_drive,s4
8867,safe_drive,s4
8868,safe_drive,s4
8869,safe_drive,s4
8870,safe_drive,s4
8871,safe_drive,s4
8872,safe_drive,s4
8873,safe_drive,s4
8874,safe_drive,s4
8875,safe_drive,s4
8876,safe_drive,s4
8877,safe_drive,s4
8878,safe_drive,s4
8879,safe_drive,s4
8880,safe_drive,s4
8881,safe_drive,s4
8882,safe_drive,s4
8883,safe_drive,s4
8884,safe_drive,s4
8885,safe_drive,s4
8886,safe_drive,s4
8887,safe_drive,s4
8888,safe_drive,s4
8889,safe_drive,s4
8890,safe_drive,s4
8891,safe_drive,s4
8892,safe_drive,s4
8893,safe_drive,s4
8894,safe_drive,s4
8895,safe_drive,s4
8896,safe_drive,s4
8897,safe_drive,s4
8898,safe_drive,s4
8899,safe_drive,s4
8900,safe_drive,s4
8901,safe_drive,s4
8902,safe_drive,s4
8903,safe_drive,s4
8904,safe_drive,s4
8905,safe_drive,s4
8906,safe_drive,s4
8907,safe_drive,s4
8908,safe_drive,s4
8909,safe_drive,s4
8910,safe_drive,s4
8911,safe_drive,s4
8912,safe_drive,s4
8913,safe_drive,s4
8914,safe_drive,s4
8915,safe_drive,s4
8916,safe_drive,s4
8917,safe_drive,s4
8918,safe_drive,s4
8919,safe_drive,s4
8920,safe_drive,s4
8921,safe_drive,s4
8922,safe_drive,s4
8923,safe_drive,s4
8924,safe_drive,s4
8925,safe_drive,s4
8926,safe_drive,s4
8927,safe_drive,s4
8928,safe_drive,s4
8929,safe_drive,s4
8930,safe_drive,s4
8931,safe_drive,s4
8932,safe_drive,s4
8933,safe_drive,s4
8934,safe_drive,s4
8935,safe_drive,s4
8936,safe_drive,s4
8937,safe_drive,s4
8938,safe_drive,s4
8939,safe_drive,s4
8940,safe_drive,s4
8941,safe_drive,s4
8942,safe_drive,s4
8943,safe_drive,s4
8944,safe_drive,s4
8945,safe_drive,s4
8946,safe_drive,s4
8947,safe_drive,s4
8948,safe_drive,s4
8949,safe_drive,s4
8950,safe_drive,s4
8951,safe_drive,s4
8952,safe_drive,s4
8953,safe_drive,s4
8954,safe_drive,s4
8955,safe_drive,s4
8956,safe_drive,s4
8957,safe_drive,s4
8958,safe_drive,s4
8959,safe_drive,s4
8960,safe_drive,s4
8961,safe_drive,s4
8962,safe_drive,s4
8963,safe_drive,s4
8964,safe_drive,s4
8965,safe_drive,s4
8966,safe_drive,s4
8967,safe_drive,s4
8968,safe_drive,s4
8969,safe_drive,s4
8970,safe_drive,s4
8971,safe_drive,s4
8972,safe_drive,s4
8973,safe_drive,s4
8974,safe_drive,s4
8975,safe_drive,s4
8976,safe_drive,s4
8977,safe_drive,s4
8978,safe_drive,s4
8979,safe_drive,s4
8980,safe_drive,s4
8981,safe_drive,s4
8982,safe_drive,s4
8983,safe_drive,s4
8984,safe_drive,s4
8985,safe_drive,s4
8986,safe_drive,s4
8987,safe_drive,s4
8988,safe_drive,s4
8989,safe_drive,s4
8990,safe_drive,s4
8991,safe_drive,s4
8992,safe_drive,s4
8993,safe_drive,s4
8994,safe_drive,s4
8995,safe_drive,s4
8996,safe_drive,s4
8997,safe_drive,s4
8998,safe_drive,s4
8999,safe_drive,s4
9000,safe_drive,s4
9001,safe_drive,s4
9002,safe_drive,s4
9003,safe_drive,s4
9004,safe_drive,s4
9005,safe_drive,s4
9006,safe_drive,s4
9007,safe_drive,s4
9008,safe_drive,s4
9009,safe_drive,s4
9010,safe_drive,s4
9011,safe_drive,s4
9012,safe_drive,s4
9013,safe_drive,s4
9014,safe_drive,s4
9015,safe_drive,s4
9016,safe_drive,s4
9017,safe_drive,s4
9018,safe_drive,s4
9019,safe_drive,s4
9020,safe_drive,s4
9021,safe_drive,s4
9022,safe_drive,s4
9023,safe_drive,s4
9024,safe_drive,s4
9025,safe_drive,s4
9026,safe_drive,s4
9027,safe_drive,s4
9028,safe_drive,s4
9029,safe_drive,s4
9030,safe_drive,s4
9031,safe_drive,s4
9032,safe_drive,s4
9033,safe_drive,s4
9034,safe_drive,s4
9035,safe_drive,s4
9036,safe_drive,s4
9037,safe_drive,s4
9038,safe_drive,s4
9039,safe_drive,s4
9040,safe_drive,s4
9041,safe_drive,s4
9042,safe_drive,s4
9043,safe_drive,s4
9044,safe_drive,s4
9045,safe_drive,s4
9046,safe_drive,s4
9047,safe_drive,s4
9048,safe_drive,s4
9049,safe_drive,s4
9050,safe_drive,s4
9051,safe_drive,s4
9052,safe_drive,s4
9053,safe_drive,s4
9054,safe_drive,s4
9055,safe_drive,s4
9056,safe_drive,s4
9057,safe_drive,s4
9058,safe_drive,s4
9059,safe_drive,s4
9060,reach_side,s4
9061,reach_side,s4
9062,reach_side,s4
9063,reach_side,s4
9064,reach_side,s4
9065,reach_side,s4
9066,reach_side,s4
9067,reach_side,s4
9068,reach_side,s4
9069,reach_side,s4
9070,reach_side,s4
9071,reach_side,s4
9072,reach_side,s4
9073,reach_side,s4
9074,reach_side,s4
9075,reach_side,s4
9076,reach_side,s4
9077,reach_side,s4
9078,reach_side,s4
9079,reach_side,s4
9080,reach_side,s4
9081,reach_side,s4
9082,reach_side,s4
9083,reach_side,s4
9084,reach_side,s4
9085,reach_side,s4
9086,reach_side,s4
9087,reach_side,s4
9088,reach_side,s4
9089,reach_side,s4
9090,reach_side,s4
9091,reach_side,s4
9092,reach_side,s4
9093,reach_side,s4
9094,reach_side,s4
9095,reach_side,s4
9096,reach_side,s4
9097,reach_side,s4
9098,reach_side,s4
9099,reach_side,s4
9100,reach_side,s4
9101,reach_side,s4
9102,reach_side,s4
9103,reach_side,s4
9104,reach_side,s4
9105,reach_side,s4
9106,reach_side,s4
9107,reach_side,s4
9108,reach_side,s4
9109,reach_side,s4
9110,reach_side,s4
9111,reach_side,s4
9112,reach_side,s4
9113,reach_side,s4
9114,reach_side,s4
9115,reach_side,s4
9116,reach_side,s4
9117,reach_side,s4
9118,reach_side,s4
9119,reach_side,s4
9120,reach_side,s4
9121,reach_side,s4
9122,reach_side,s4
9123,reach_side,s4
9124,reach_side,s4
9125,reach_side,s4
9126,reach_side,s4
9127,reach_side,s4
9128,reach_side,s4
9129,reach_side,s4
9130,reach_side,s4
9131,reach_side,s4
9132,reach_side,s4
9133,reach_side,s4
10119,safe_drive,s4
10120,safe_drive,s4
10121,safe_drive,s4
10122,safe_drive,s4
10123,safe_drive,s4
10124,safe_drive,s4
10125,safe_drive,s4
10126,safe_drive,s4
10127,safe_drive,s4
10128,safe_drive,s4
10129,safe_drive,s4
10130,safe_drive,s4
10131,safe_drive,s4
10132,safe_drive,s4
10133,safe_drive,s4
10134,safe_drive,s4
10135,safe_drive,s4
10136,safe_drive,s4
10137,safe_drive,s4
10138,safe_drive,s4
10139,safe_drive,s4
10140,safe_drive,s4
10141,safe_drive,s4
10142,safe_drive,s4
10143,safe_drive,s4
10144,safe_drive,s4
10145,safe_drive,s4
10146,safe_drive,s4
10147,safe_drive,s4
10148,safe_drive,s4
10149,safe_drive,s4
10150,safe_drive,s4
10151,safe_drive,s4
10152,safe_drive,s4
10153,safe_drive,s4
10154,safe_drive,s4
10155,safe_drive,s4
10156,safe_drive,s4
10157,safe_drive,s4
10158,safe_drive,s4
10159,safe_drive,s4
10160,safe_drive,s4
10161,safe_drive,s4
10162,safe_drive,s4
10163,safe_drive,s4
10164,safe_drive,s4
10165,safe_drive,s4
10166,safe_drive,s4
10167,safe_drive,s4
10168,safe_drive,s4
10169,safe_drive,s4
10170,safe_drive,s4
10171,safe_drive,s4
10172,safe_drive,s4
10173,safe_drive,s4
10174,safe_drive,s4
10175,safe_drive,s4
10176,safe_drive,s4
10177,safe_drive,s4
10178,safe_drive,s4
10179,safe_drive,s4
10180,safe_drive,s4
10181,safe_drive,s4
10182,safe_drive,s4
10183,reach_side,s4
10184,reach_side,s4
10185,reach_side,s4
10186,reach_side,s4
10187,reach_side,s4
10188,reach_side,s4
10189,reach_side,s4
10190,reach_side,s4
10191,reach_side,s4
10192,reach_side,s4
10193,reach_side,s4
10194,reach_side,s4
10195,reach_side,s4
10196,reach_side,s4
10197,reach_side,s4
10198,reach_side,s4
10199,reach_side,s4
10200,reach_side,s4
10201,reach_side,s4
10202,reach_side,s4
10203,reach_side,s4
10204,reach_side,s4
10205,reach_side,s4
10206,reach_side,s4
10207,reach_side,s4
10208,reach_side,s4
10209,reach_side,s4
10210,reach_side,s4
10211,reach_side,s4
10212,reach_side,s4
10213,reach_side,s4
10214,reach_side,s4
10215,reach_side,s4
10216,reach_side,s4
10217,reach_side,s4
10218,reach_side,s4
10219,reach_side,s4
10220,reach_side,s4
10221,reach_side,s4
10222,reach_side,s4
10223,reach_side,s4
10224,reach_side,s4
10225,reach_side,s4
10226,reach_side,s4
10227,reach_side,s4
10228,reach_side,s4
10229,reach_side,s4
10230,reach_side,s4
10231,reach_side,s4
10232,reach_side,s4
10233,reach_side,s4
10234,reach_side,s4
10235,reach_side,s4
10236,reach_side,s4
10237,reach_side,s4
10238,reach_side,s4
10239,reach_side,s4
10240,reach_side,s4
10241,reach_side,s4
10242,reach_side,s4
10243,reach_side,s4
10244,reach_side,s4
10245,reach_side,s4
10246,reach_side,s4
10247,reach_side,s4
10248,reach_side,s4
10249,reach_side,s4
10250,reach_side,s4
10251,reach_side,s4
10252,reach_side,s4
10253,reach_side,s4
10254,reach_side,s4
10255,safe_drive,s4
10256,safe_drive,s4
10257,safe_drive,s4
10258,safe_drive,s4
10259,safe_drive,s4
10260,safe_drive,s4
10261,safe_drive,s4
10262,safe_drive,s4
10263,safe_drive,s4
10264,safe_drive,s4
10265,safe_drive,s4
10266,safe_drive,s4
10267,safe_drive,s4
10268,safe_drive,s4
10269,safe_drive,s4
10270,safe_drive,s4
10271,safe_drive,s4
10272,safe_drive,s4
10273,safe_drive,s4
10274,safe_drive,s4
10275,safe_drive,s4
10276,safe_drive,s4
10277,safe_drive,s4
10278,safe_drive,s4
10279,safe_drive,s4
10280,safe_drive,s4
10281,safe_drive,s4
10282,safe_drive,s4
10283,safe_drive,s4
10284,safe_drive,s4
10285,safe_drive,s4
10286,safe_drive,s4
10287,safe_drive,s4
10288,safe_drive,s4
10289,safe_drive,s4
10290,safe_drive,s4
10291,safe_drive,s4
10292,safe_drive,s4
10293,safe_drive,s4
10294,safe_drive,s4
10295,safe_drive,s4
10296,safe_drive,s4
10297,safe_drive,s4
10298,safe_drive,s4
10299,safe_drive,s4
10300,safe_drive,s4
10301,safe_drive,s4
10302,safe_drive,s4
10303,safe_drive,s4
10304,safe_drive,s4
10305,safe_drive,s4
10306,safe_drive,s4
10307,safe_drive,s4
10340,safe_drive,s4
10341,safe_drive,s4
10342,safe_drive,s4
10343,safe_drive,s4
10344,safe_drive,s4
10345,safe_drive,s4
10346,safe_drive,s4
10347,safe_drive,s4
10348,safe_drive,s4
10349,safe_drive,s4
10350,safe_drive,s4
10351,safe_drive,s4
10352,safe_drive,s4
10353,safe_drive,s4
10354,safe_drive,s4
10355,safe_drive,s4
10356,safe_drive,s4
10357,safe_drive,s4
10358,safe_drive,s4
10359,safe_drive,s4
10360,safe_drive,s4
10361,safe_drive,s4
10362,safe_drive,s4
10363,safe_drive,s4
10364,safe_drive,s4
10365,safe_drive,s4
10366,safe_drive,s4
10367,safe_drive,s4
10368,safe_drive,s4
10369,safe_drive,s4
10370,safe_drive,s4
10371,safe_drive,s4
10372,safe_drive,s4
10373,safe_drive,s4
10374,safe_drive,s4
10375,safe_drive,s4
10376,safe_drive,s4
10377,safe_drive,s4
10378,safe_drive,s4
10379,safe_drive,s4
10380,safe_drive,s4
10381,safe_drive,s4
10382,safe_drive,s4
10383,safe_drive,s4
10384,safe_drive,s4
10385,safe_drive,s4
10386,safe_drive,s4
10387,safe_drive,s4
10421,safe_drive,s4
10422,safe_drive,s4
10423,safe_drive,s4
10424,safe_drive,s4
10425,safe_drive,s4
10426,safe_drive,s4
10427,safe_drive,s4
10428,safe_drive,s4
10429,safe_drive,s4
10430,safe_drive,s4
10431,safe_drive,s4
10432,safe_drive,s4
10433,safe_drive,s4
10434,safe_drive,s4
10435,safe_drive,s4
10436,safe_drive,s4
10437,safe_drive,s4
10438,safe_drive,s4
10439,safe_drive,s4
10440,safe_drive,s4
10441,safe_drive,s4
10442,safe_drive,s4
10443,safe_drive,s4
10444,safe_drive,s4
10445,safe_drive,s4
10446,safe_drive,s4
10447,safe_drive,s4
10448,safe_drive,s4
10449,safe_drive,s4
10450,safe_drive,s4
10451,safe_drive,s4
10452,safe_drive,s4
10453,safe_drive,s4
10454,safe_drive,s4
10455,safe_drive,s4
10456,safe_drive,s4
10457,safe_drive,s4
10458,safe_drive,s4
10459,safe_drive,s4
10460,safe_drive,s4
10461,safe_drive,s4
10462,safe_drive,s4
10463,safe_drive,s4
10464,safe_drive,s4
10465,safe_drive,s4
10466,safe_drive,s4
10467,safe_drive,s4
10468,safe_drive,s4
10469,safe_drive,s4
10470,safe_drive,s4
10471,safe_drive,s4
10472,reach_side,s4
10473,reach_side,s4
10474,reach_side,s4
10475,reach_side,s4
10476,reach_side,s4
10477,reach_side,s4
10478,reach_side,s4
10479,reach_side,s4
10480,reach_side,s4
10481,reach_side,s4
10482,reach_side,s4
10483,reach_side,s4
10484,reach_side,s4
10485,reach_side,s4
10486,reach_side,s4
10487,reach_side,s4
10488,reach_side,s4
10489,reach_side,s4
10490,reach_side,s4
10491,reach_side,s4
10492,reach_side,s4
10493,reach_side,s4
10494,reach_side,s4
10495,reach_side,s4
10496,reach_side,s4
10497,reach_side,s4
10498,reach_side,s4
10499,reach_side,s4
10500,reach_side,s4
10501,reach_side,s4
10502,reach_side,s4
10503,reach_side,s4
10504,reach_side,s4
10505,reach_side,s4
10506,reach_side,s4
10507,reach_side,s4
10508,reach_side,s4
10509,reach_side,s4
10510,reach_side,s4
10511,reach_side,s4
10512,reach_side,s4
10513,reach_side,s4
10514,reach_side,s4
10515,reach_side,s4
10516,reach_side,s4
10517,reach_side,s4
10518,reach_side,s4
10519,reach_side,s4
10520,reach_side,s4
10521,reach_side,s4
10522,reach_side,s4
10523,reach_side,s4
10524,reach_side,s4
10525,reach_side,s4
10526,reach_side,s4
10527,reach_side,s4
10528,reach_side,s4
10529,reach_side,s4
10530,reach_side,s4
10531,reach_side,s4
10532,reach_side,s4
10533,reach_side,s4
10534,reach_side,s4
10535,reach_side,s4
10536,reach_side,s4
10537,reach_side,s4
10538,reach_side,s4
10539,reach_side,s4
11110,reach_side,s4
11111,reach_side,s4
11112,reach_side,s4
11113,reach_side,s4
11114,reach_side,s4
11115,reach_side,s4
11116,reach_side,s4
11117,reach_side,s4
11118,reach_side,s4
11119,reach_side,s4
11120,reach_side,s4
11121,reach_side,s4
11122,reach_side,s4
11123,reach_side,s4
11124,reach_side,s4
11125,reach_side,s4
11126,reach_side,s4
11127,reach_side,s4
11128,reach_side,s4
11129,reach_side,s4
11130,reach_side,s4
11131,reach_side,s4
11132,reach_side,s4
11133,reach_side,s4
11134,reach_side,s4
11135,reach_side,s4
11136,reach_side,s4
11137,reach_side,s4
11138,reach_side,s4
11139,reach_side,s4
11140,reach_side,s4
11141,reach_side,s4
11142,reach_side,s4
11143,reach_side,s4
11144,reach_side,s4
11145,reach_side,s4
11146,reach_side,s4
11147,reach_side,s4
11148,reach_side,s4
11149,reach_side,s4
11150,reach_side,s4
11151,reach_side,s4
11152,reach_side,s4
11153,reach_side,s4
11154,reach_side,s4
11155,reach_side,s4
11156,reach_side,s4
11157,reach_side,s4
11158,reach_side,s4
11159,reach_side,s4
11160,reach_side,s4
11161,reach_side,s4
11162,reach_side,s4
11163,reach_side,s4
11164,reach_side,s4
11165,reach_side,s4
11166,reach_side,s4
11167,reach_side,s4
11168,reach_side,s4
11169,reach_side,s4
11170,reach_side,s4
11171,reach_side,s4
11172,reach_side,s4
11173,reach_side,s4
11174,reach_side,s4
11175,reach_side,s4
11176,safe_drive,s4
11177,safe_drive,s4
11178,safe_drive,s4
11179,safe_drive,s4
11180,safe_drive,s4
11181,safe_drive,s4
11182,safe_drive,s4
11183,safe_drive,s4
11184,safe_drive,s4
11185,safe_drive,s4
11186,safe_drive,s4
11187,safe_drive,s4
11188,safe_drive,s4
11189,safe_drive,s4
11190,safe_drive,s4
11191,safe_drive,s4
11192,safe_drive,s4
11193,safe_drive,s4
11194,safe_drive,s4
11195,safe_drive,s4
11196,safe_drive,s4
11197,safe_drive,s4
11198,safe_drive,s4
11199,safe_drive,s4
11200,safe_drive,s4
11201,safe_drive,s4
11202,safe_drive,s4
11203,safe_drive,s4
11204,safe_drive,s4
11205,safe_drive,s4
11206,safe_drive,s4
11207,safe_drive,s4
11208,safe_drive,s4
11209,safe_drive,s4
11210,safe_drive,s4
11211,safe_drive,s4
11212,safe_drive,s4
11213,safe_drive,s4
11214,safe_drive,s4
11215,safe_drive,s4
11216,safe_drive,s4
11217,safe_drive,s4
11218,safe_drive,s4
11219,safe_drive,s4
11220,safe_drive,s4
11221,safe_drive,s4
11222,safe_drive,s4
11223,safe_drive,s4
11224,safe_drive,s4
11225,safe_drive,s4
11226,safe_drive,s4
11227,safe_drive,s4
11228,safe_drive,s4
11229,safe_drive,s4
11230,safe_drive,s4
11231,safe_drive,s4
11232,safe_drive,s4
11233,safe_drive,s4
11234,safe_drive,s4
11235,safe_drive,s4
11236,safe_drive,s4
11237,safe_drive,s4
11238,safe_drive,s4
11239,safe_drive,s4
11240,safe_drive,s4
11276,safe_drive,s4
11277,safe_drive,s4
11278,safe_drive,s4
11279,safe_drive,s4
11280,safe_drive,s4
11281,safe_drive,s4
11282,safe_drive,s4
11283,safe_drive,s4
11284,safe_drive,s4
11285,safe_drive,s4
11286,safe_drive,s4
11287,safe_drive,s4
11288,safe_drive,s4
11289,safe_drive,s4
11290,safe_drive,s4
11291,safe_drive,s4
11342,safe_drive,s4
11343,safe_drive,s4
11344,safe_drive,s4
11345,safe_drive,s4
11346,safe_drive,s4
11347,safe_drive,s4
11348,safe_drive,s4
11349,safe_drive,s4
11400,reach_side,s4
11401,reach_side,s4
11402,reach_side,s4
11403,reach_side,s4
11404,reach_side,s4
11405,reach_side,s4
11406,reach_side,s4
11407,reach_side,s4
11408,reach_side,s4
11409,reach_side,s4
11410,reach_side,s4
11411,reach_side,s4
11412,reach_side,s4
11413,reach_side,s4
11414,reach_side,s4
11415,reach_side,s4
11416,reach_side,s4
11417,reach_side,s4
11418,reach_side,s4
11419,reach_side,s4
11420,reach_side,s4
11421,reach_side,s4
11422,reach_side,s4
11423,reach_side,s4
11424,reach_side,s4
11425,reach_side,s4
11426,reach_side,s4
11427,reach_side,s4
11428,reach_side,s4
11429,reach_side,s4
11430,reach_side,s4
11431,reach_side,s4
11432,reach_side,s4
11433,reach_side,s4
11434,reach_side,s4
11435,reach_side,s4
11436,reach_side,s4
11437,reach_side,s4
11438,reach_side,s4
11439,reach_side,s4
11440,reach_side,s4
11441,reach_side,s4
11442,reach_side,s4
11443,reach_side,s4
11615,drinking,s4
11616,drinking,s4
11617,drinking,s4
11618,drinking,s4
11619,drinking,s4
11620,drinking,s4
11621,drinking,s4
11622,drinking,s4
11623,drinking,s4
11624,drinking,s4
11625,drinking,s4
11626,drinking,s4
11627,drinking,s4
11628,drinking,s4
11629,drinking,s4
11630,drinking,s4
11631,drinking,s4
11632,drinking,s4
11633,drinking,s4
11634,drinking,s4
11635,drinking,s4
11636,drinking,s4
11637,drinking,s4
11638,drinking,s4
11639,drinking,s4
11640,drinking,s4
11641,drinking,s4
11642,drinking,s4
11643,drinking,s4
11644,drinking,s4
11645,drinking,s4
11646,drinking,s4
11647,drinking,s4
11648,drinking,s4
11649,drinking,s4
11650,drinking,s4
11651,drinking,s4
11652,drinking,s4
11653,drinking,s4
11654,drinking,s4
11655,drinking,s4
11656,drinking,s4
11657,drinking,s4
11658,drinking,s4
11659,drinking,s4
11660,drinking,s4
11661,drinking,s4
11662,drinking,s4
11663,drinking,s4
11664,drinking,s4
11665,drinking,s4
11666,drinking,s4
11667,drinking,s4
11668,drinking,s4
11669,drinking,s4
11670,drinking,s4
11671,drinking,s4
11672,drinking,s4
11673,drinking,s4
11674,drinking,s4
11675,drinking,s4
11676,drinking,s4
11677,drinking,s4
11678,drinking,s4
11679,drinking,s4
11680,drinking,s4
11681,drinking,s4
11682,drinking,s4
11683,drinking,s4
11684,drinking,s4
11685,drinking,s4
11686,drinking,s4
11687,drinking,s4
11688,drinking,s4
11689,drinking,s4
11690,drinking,s4
11691,drinking,s4
11692,drinking,s4
11693,drinking,s4
11694,drinking,s4
11695,drinking,s4
11696,drinking,s4
11697,drinking,s4
11698,drinking,s4
11699,drinking,s4
11700,drinking,s4
11701,drinking,s4
11702,drinking,s4
11703,drinking,s4
11704,drinking,s4
11705,drinking,s4
11706,drinking,s4
11707,drinking,s4
11708,drinking,s4
11709,drinking,s4
11710,drinking,s4
11711,drinking,s4
11712,drinking,s4
11713,drinking,s4
11714,drinking,s4
11715,drinking,s4
11716,drinking,s4
11717,drinking,s4
11718,drinking,s4
11719,drinking,s4
11720,drinking,s4
11721,drinking,s4
11722,drinking,s4
11723,drinking,s4
11724,drinking,s4
11725,drinking,s4
11726,drinking,s4
11727,drinking,s4
11728,drinking,s4
11729,drinking,s4
11730,drinking,s4
11731,drinking,s4
11732,drinking,s4
11733,drinking,s4
11734,drinking,s4
11735,drinking,s4
11736,drinking,s4
11737,drinking,s4
11738,drinking,s4
11739,drinking,s4
11740,drinking,s4
11741,drinking,s4
11742,drinking,s4
11743,drinking,s4
11744,drinking,s4
11745,drinking,s4
11746,drinking,s4
11747,drinking,s4
11748,drinking,s4
11749,drinking,s4
11750,drinking,s4
11751,drinking,s4
11752,drinking,s4
11753,drinking,s4
11754,drinking,s4
11755,drinking,s4
11756,drinking,s4
11757,drinking,s4
11758,drinking,s4
11759,drinking,s4
11760,drinking,s4
11761,drinking,s4
11762,drinking,s4
11763,drinking,s4
11764,drinking,s4
11765,drinking,s4
11766,drinking,s4
11767,drinking,s4
11768,drinking,s4
11769,drinking,s4
11770,drinking,s4
11771,drinking,s4
11772,drinking,s4
11773,drinking,s4
11774,drinking,s4
11775,drinking,s4
11776,drinking,s4
11777,drinking,s4
11778,drinking,s4
11779,drinking,s4
11780,drinking,s4
11781,drinking,s4
11782,drinking,s4
11783,drinking,s4
11784,drinking,s4
11785,drinking,s4
11786,drinking,s4
11787,drinking,s4
11788,drinking,s4
11789,drinking,s4
11790,drinking,s4
11791,drinking,s4
11792,drinking,s4
11793,drinking,s4
11794,drinking,s4
11795,drinking,s4
11796,drinking,s4
11797,drinking,s4
11798,drinking,s4
11799,drinking,s4
11800,drinking,s4
11801,drinking,s4
11802,drinking,s4
11803,drinking,s4
11804,drinking,s4
11805,drinking,s4
11806,drinking,s4
11807,drinking,s4
11808,drinking,s4
11809,drinking,s4
11810,drinking,s4
11811,drinking,s4
11812,drinking,s4
11813,drinking,s4
11814,drinking,s4
11815,drinking,s4
11816,drinking,s4
11817,drinking,s4
11818,drinking,s4
11819,drinking,s4
11820,drinking,s4
11821,drinking,s4
11822,drinking,s4
11823,drinking,s4
11824,drinking,s4
11825,drinking,s4
11826,drinking,s4
11827,drinking,s4
11828,drinking,s4
11829,drinking,s4
11830,drinking,s4
11831,drinking,s4
11832,drinking,s4
11833,drinking,s4
11834,drinking,s4
11835,drinking,s4
11836,drinking,s4
11837,drinking,s4
11838,drinking,s4
11839,drinking,s4
11840,drinking,s4
11841,drinking,s4
11842,drinking,s4
11843,drinking,s4
11844,drinking,s4
11845,drinking,s4
11846,drinking,s4
11847,drinking,s4
11848,drinking,s4
11849,drinking,s4
11850,drinking,s4
11851,drinking,s4
11852,drinking,s4
11853,drinking,s4
11854,drinking,s4
11855,drinking,s4
11856,drinking,s4
11857,drinking,s4
11858,drinking,s4
11859,drinking,s4
11860,drinking,s4
11861,drinking,s4
11862,drinking,s4
11863,drinking,s4
11864,drinking,s4
11865,drinking,s4
11866,drinking,s4
11867,drinking,s4
11868,drinking,s4
11869,drinking,s4
11870,drinking,s4
11871,drinking,s4
11872,drinking,s4
11873,drinking,s4
11874,drinking,s4
11875,drinking,s4
11876,drinking,s4
11877,drinking,s4
11878,drinking,s4
11879,drinking,s4
11880,drinking,s4
11881,drinking,s4
11882,drinking,s4
11883,drinking,s4
11884,drinking,s4
11885,drinking,s4
11886,drinking,s4
11887,drinking,s4
11888,drinking,s4
11889,drinking,s4
11890,drinking,s4
11891,drinking,s4
11892,drinking,s4
11893,drinking,s4
11894,drinking,s4
11895,drinking,s4
11896,drinking,s4
11897,drinking,s4
11898,drinking,s4
11899,drinking,s4
11900,drinking,s4
11901,drinking,s4
11902,drinking,s4
11903,drinking,s4
11904,drinking,s4
11905,drinking,s4
11906,drinking,s4
11907,drinking,s4
11908,drinking,s4
11909,drinking,s4
11910,drinking,s4
11911,drinking,s4
11912,drinking,s4
11913,drinking,s4
11914,drinking,s4
11915,drinking,s4
11916,drinking,s4
11917,drinking,s4
11918,drinking,s4
11919,drinking,s4
11920,drinking,s4
11921,drinking,s4
11922,drinking,s4
11923,drinking,s4
11924,drinking,s4
11925,drinking,s4
11926,drinking,s4
11927,drinking,s4
11928,drinking,s4
11929,reach_side,s4
11930,reach_side,s4
11931,reach_side,s4
11932,reach_side,s4
11933,reach_side,s4
11934,reach_side,s4
11935,reach_side,s4
11936,reach_side,s4
11937,reach_side,s4
11938,reach_side,s4
11939,reach_side,s4
11940,reach_side,s4
11941,reach_side,s4
11942,reach_side,s4
11943,reach_side,s4
11944,reach_side,s4
11945,reach_side,s4
11946,reach_side,s4
11947,reach_side,s4
11948,reach_side,s4
11949,reach_side,s4
11950,reach_side,s4
11951,reach_side,s4
11952,reach_side,s4
11953,reach_side,s4
11954,reach_side,s4
11955,reach_side,s4
11956,reach_side,s4
11957,reach_side,s4
11958,reach_side,s4
11959,reach_side,s4
11960,reach_side,s4
11961,reach_side,s4
11962,reach_side,s4
11963,reach_side,s4
11964,reach_side,s4
11965,reach_side,s4
11966,reach_side,s4
11967,reach_side,s4
11968,reach_side,s4
11969,reach_side,s4
11970,reach_side,s4
11971,reach_side,s4
11972,reach_side,s4
11973,reach_side,s4
11974,reach_side,s4
11975,reach_side,s4
11976,reach_side,s4
11977,reach_side,s4
11978,reach_side,s4
11979,reach_side,s4
11980,reach_side,s4
11981,reach_side,s4
11982,reach_side,s4
11983,reach_side,s4
11984,reach_side,s4
11985,reach_side,s4
11986,reach_side,s4
11987,reach_side,s4
11988,reach_side,s4
11989,reach_side,s4
11990,reach_side,s4
11991,reach_side,s4
11992,reach_side,s4
11993,reach_side,s4
11994,reach_side,s4
11995,reach_side,s4
11996,reach_side,s4
11997,reach_side,s4
11998,reach_side,s4
11999,reach_side,s4
12000,reach_side,s4
12001,reach_side,s4
12002,reach_side,s4
12003,safe_drive,s4
12004,safe_drive,s4
12005,safe_drive,s4
12006,safe_drive,s4
12007,safe_drive,s4
12008,safe_drive,s4
12009,safe_drive,s4
12010,safe_drive,s4
12011,safe_drive,s4
12012,safe_drive,s4
12013,safe_drive,s4
12014,safe_drive,s4
12015,safe_drive,s4
12016,safe_drive,s4
12017,safe_drive,s4
12018,safe_drive,s4
12019,safe_drive,s4
12020,safe_drive,s4
12021,safe_drive,s4
12022,safe_drive,s4
12023,safe_drive,s4
12024,safe_drive,s4
12025,safe_drive,s4
12026,safe_drive,s4
12027,safe_drive,s4
12028,safe_drive,s4
12029,safe_drive,s4
12030,safe_drive,s4
12031,safe_drive,s4
12032,safe_drive,s4
12033,safe_drive,s4
12034,safe_drive,s4
12035,safe_drive,s4
12036,safe_drive,s4
12037,safe_drive,s4
12038,safe_drive,s4
12039,safe_drive,s4
12040,safe_drive,s4
12041,safe_drive,s4
12042,safe_drive,s4
12043,safe_drive,s4
12044,safe_drive,s4
12045,safe_drive,s4
12046,safe_drive,s4
12047,safe_drive,s4
12048,safe_drive,s4
12049,safe_drive,s4
12050,safe_drive,s4
12051,safe_drive,s4
12052,safe_drive,s4
12053,safe_drive,s4
12054,safe_drive,s4
12055,safe_drive,s4
12056,safe_drive,s4
12057,safe_drive,s4
12058,safe_drive,s4
12059,safe_drive,s4
12060,safe_drive,s4
12061,safe_drive,s4
12062,safe_drive,s4
12063,safe_drive,s4
12064,safe_drive,s4
12065,safe_drive,s4
12066,safe_drive,s4
12067,safe_drive,s4
12068,safe_drive,s4
12069,safe_drive,s4
12070,safe_drive,s4
12071,safe_drive,s4
12072,safe_drive,s4
12073,safe_drive,s4
12074,safe_drive,s4
12075,safe_drive,s4
12076,safe_drive,s4
12077,safe_drive,s4
12078,safe_drive,s4
12079,safe_drive,s4
12080,safe_drive,s4
12081,safe_drive,s4
12082,safe_drive,s4
12083,safe_drive,s4
12084,safe_drive,s4
12085,safe_drive,s4
12086,safe_drive,s4
12087,safe_drive,s4
12088,safe_drive,s4
12089,safe_drive,s4
12090,safe_drive,s4
12091,safe_drive,s4
12092,safe_drive,s4
12093,safe_drive,s4
12094,safe_drive,s4
12095,safe_drive,s4
12096,safe_drive,s4
12097,safe_drive,s4
12098,safe_drive,s4
12099,safe_drive,s4
12100,safe_drive,s4
12101,safe_drive,s4
12102,safe_drive,s4
12103,safe_drive,s4
12104,safe_drive,s4
12105,safe_drive,s4
12106,safe_drive,s4
12107,safe_drive,s4
12108,safe_drive,s4
12109,safe_drive,s4
12110,safe_drive,s4
12111,safe_drive,s4
12112,safe_drive,s4
12113,safe_drive,s4
12114,safe_drive,s4
12115,safe_drive,s4
12116,safe_drive,s4
12117,safe_drive,s4
12118,safe_drive,s4
12119,safe_drive,s4
12120,safe_drive,s4
12121,safe_drive,s4
12122,safe_drive,s4
12123,safe_drive,s4
12124,safe_drive,s4
12125,safe_drive,s4
12126,safe_drive,s4
12127,safe_drive,s4
12128,safe_drive,s4
12129,safe_drive,s4
12130,safe_drive,s4
12131,safe_drive,s4
12132,safe_drive,s4
12133,safe_drive,s4
12134,safe_drive,s4
12135,safe_drive,s4
12136,safe_drive,s4
12137,safe_drive,s4
12138,safe_drive,s4
12139,safe_drive,s4
12140,safe_drive,s4
12141,safe_drive,s4
12142,safe_drive,s4
12143,safe_drive,s4
12144,safe_drive,s4
12145,safe_drive,s4
12146,safe_drive,s4
12147,safe_drive,s4
12148,safe_drive,s4
12149,safe_drive,s4
12150,safe_drive,s4
12151,safe_drive,s4
12152,safe_drive,s4
12153,safe_drive,s4
12154,safe_drive,s4
12155,safe_drive,s4
12156,safe_drive,s4
12157,safe_drive,s4
12158,safe_drive,s4
12159,safe_drive,s4
12160,safe_drive,s4
12161,safe_drive,s4
12162,safe_drive,s4
12163,safe_drive,s4
12164,safe_drive,s4
12165,safe_drive,s4
12166,safe_drive,s4
12167,safe_drive,s4
12168,safe_drive,s4
12169,safe_drive,s4
12170,safe_drive,s4
12171,safe_drive,s4
12172,safe_drive,s4
12173,safe_drive,s4
12174,safe_drive,s4
12175,safe_drive,s4
12176,safe_drive,s4
12177,safe_drive,s4
12178,safe_drive,s4
12179,safe_drive,s4
12180,safe_drive,s4
12181,safe_drive,s4
12182,safe_drive,s4
12183,safe_drive,s4
12184,safe_drive,s4
12185,safe_drive,s4
12186,safe_drive,s4
12187,safe_drive,s4
12188,safe_drive,s4
12189,safe_drive,s4
12190,safe_drive,s4
12191,safe_drive,s4
12192,safe_drive,s4
12193,safe_drive,s4
12194,safe_drive,s4
12195,safe_drive,s4
12196,safe_drive,s4
12197,safe_drive,s4
12198,safe_drive,s4
12199,safe_drive,s4
12200,safe_drive,s4
12201,safe_drive,s4
12202,safe_drive,s4
12203,safe_drive,s4
12204,safe_drive,s4
12205,safe_drive,s4
12206,safe_drive,s4
12207,safe_drive,s4
12208,safe_drive,s4
12209,safe_drive,s4
12210,safe_drive,s4
12211,safe_drive,s4
12212,safe_drive,s4
12213,safe_drive,s4
12214,safe_drive,s4
12215,safe_drive,s4
12216,safe_drive,s4
12217,safe_drive,s4
12218,safe_drive,s4
12219,safe_drive,s4
12220,safe_drive,s4
12221,safe_drive,s4
12222,safe_drive,s4
12223,safe_drive,s4
12224,safe_drive,s4
12225,safe_drive,s4
12226,safe_drive,s4
12227,safe_drive,s4
12228,safe_drive,s4
12229,safe_drive,s4
12230,safe_drive,s4
12231,safe_drive,s4
12232,safe_drive,s4
12233,safe_drive,s4
12234,safe_drive,s4
12235,safe_drive,s4
12236,safe_drive,s4
12237,safe_drive,s4
12238,safe_drive,s4
12239,safe_drive,s4
12240,safe_drive,s4
12241,safe_drive,s4
12242,safe_drive,s4
12243,safe_drive,s4
12244,safe_drive,s4
12245,safe_drive,s4
12246,safe_drive,s4
12247,safe_drive,s4
12248,safe_drive,s4
12249,safe_drive,s4
12250,safe_drive,s4
12251,safe_drive,s4
12252,safe_drive,s4
12253,safe_drive,s4
12254,safe_drive,s4
12255,safe_drive,s4
12256,safe_drive,s4
12257,safe_drive,s4
12258,safe_drive,s4
12259,safe_drive,s4
12260,safe_drive,s4
12261,safe_drive,s4
12262,safe_drive,s4
12263,safe_drive,s4
12264,safe_drive,s4
12265,safe_drive,s4
12266,safe_drive,s4
12267,safe_drive,s4
12288,safe_drive,s4
12289,safe_drive,s4
12290,safe_drive,s4
12291,safe_drive,s4
12292,safe_drive,s4
12293,safe_drive,s4
12294,safe_drive,s4
12295,safe_drive,s4
12296,safe_drive,s4
12297,safe_drive,s4
12298,safe_drive,s4
12299,safe_drive,s4
12300,safe_drive,s4
12301,safe_drive,s4
12302,safe_drive,s4
12303,safe_drive,s4
12304,safe_drive,s4
12305,safe_drive,s4
12306,safe_drive,s4
12307,safe_drive,s4
12308,safe_drive,s4
12309,safe_drive,s4
12310,safe_drive,s4
12311,safe_drive,s4
12312,safe_drive,s4
12313,safe_drive,s4
12314,safe_drive,s4
12315,safe_drive,s4
12316,safe_drive,s4
12317,safe_drive,s4
12318,safe_drive,s4
12319,safe_drive,s4
12320,safe_drive,s4
12321,safe_drive,s4
12322,safe_drive,s4
12323,safe_drive,s4
12324,safe_drive,s4
12325,safe_drive,s4
12326,safe_drive,s4
12327,safe_drive,s4
12328,safe_drive,s4
12329,safe_drive,s4
12330,safe_drive,s4
12331,safe_drive,s4
12332,safe_drive,s4
12333,safe_drive,s4
12334,safe_drive,s4
12335,safe_drive,s4
12336,safe_drive,s4
12337,safe_drive,s4
12338,safe_drive,s4
12339,safe_drive,s4
12340,safe_drive,s4
12341,safe_drive,s4
12342,safe_drive,s4
12343,safe_drive,s4
12344,safe_drive,s4
12345,safe_drive,s4
12346,safe_drive,s4
12347,safe_drive,s4
12348,safe_drive,s4
12349,safe_drive,s4
12350,safe_drive,s4
12351,safe_drive,s4
12352,safe_drive,s4
12353,safe_drive,s4
12354,safe_drive,s4
12355,safe_drive,s4
12356,safe_drive,s4
12357,safe_drive,s4
12358,safe_drive,s4
12359,safe_drive,s4
12360,safe_drive,s4
12361,safe_drive,s4
12362,safe_drive,s4
12363,safe_drive,s4
12364,safe_drive,s4
12365,safe_drive,s4
12366,safe_drive,s4
12367,safe_drive,s4
12368,safe_drive,s4
12369,safe_drive,s4
12370,safe_drive,s4
12371,safe_drive,s4
12372,safe_drive,s4
12373,safe_drive,s4
12374,safe_drive,s4
12375,safe_drive,s4
12376,safe_drive,s4
12377,safe_drive,s4
12378,reach_side,s4
12379,reach_side,s4
12380,reach_side,s4
12381,reach_side,s4
12382,reach_side,s4
12383,reach_side,s4
12384,reach_side,s4
12385,reach_side,s4
12386,reach_side,s4
12387,reach_side,s4
12388,reach_side,s4
12389,reach_side,s4
12390,reach_side,s4
12391,reach_side,s4
12392,reach_side,s4
12393,reach_side,s4
12394,reach_side,s4
12395,reach_side,s4
12396,reach_side,s4
12397,reach_side,s4
12398,reach_side,s4
12399,reach_side,s4
12400,reach_side,s4
12401,reach_side,s4
12402,reach_side,s4
12403,reach_side,s4
12404,reach_side,s4
12405,reach_side,s4
12406,reach_side,s4
12407,reach_side,s4
12408,reach_side,s4
12409,reach_side,s4
12410,reach_side,s4
12411,reach_side,s4
12412,reach_side,s4
12413,reach_side,s4
12414,reach_side,s4
12415,reach_side,s4
12416,reach_side,s4
12417,reach_side,s4
12418,reach_side,s4
12419,reach_side,s4
12420,reach_side,s4
12421,reach_side,s4
12422,reach_side,s4
12423,reach_side,s4
12424,reach_side,s4
12425,reach_side,s4
12426,reach_side,s4
12427,reach_side,s4
12428,reach_side,s4
12429,reach_side,s4
13457,safe_drive,s4
13458,safe_drive,s4
13459,safe_drive,s4
13460,safe_drive,s4
13461,safe_drive,s4
13462,safe_drive,s4
13463,safe_drive,s4
13464,safe_drive,s4
13465,safe_drive,s4
13466,safe_drive,s4
13467,safe_drive,s4
13468,safe_drive,s4
13469,safe_drive,s4
13470,safe_drive,s4
13471,safe_drive,s4
13472,safe_drive,s4
13473,safe_drive,s4
13474,safe_drive,s4
13475,safe_drive,s4
13476,safe_drive,s4
13477,safe_drive,s4
13478,safe_drive,s4
13479,safe_drive,s4
13480,safe_drive,s4
13481,safe_drive,s4
13482,safe_drive,s4
13483,safe_drive,s4
13484,safe_drive,s4
13485,safe_drive,s4
13486,safe_drive,s4
13487,safe_drive,s4
13488,safe_drive,s4
13489,safe_drive,s4
13490,safe_drive,s4
13491,safe_drive,s4
13492,safe_drive,s4
13493,safe_drive,s4
13494,safe_drive,s4
13495,safe_drive,s4
13496,safe_drive,s4
13497,safe_drive,s4
13498,safe_drive,s4
13499,safe_drive,s4
13500,safe_drive,s4
13501,safe_drive,s4
13502,safe_drive,s4
13503,safe_drive,s4
13504,safe_drive,s4
13505,safe_drive,s4
13506,safe_drive,s4
13507,safe_drive,s4
13508,safe_drive,s4
13509,safe_drive,s4
13510,safe_drive,s4
13511,safe_drive,s4
13512,safe_drive,s4
13513,safe_drive,s4
13514,safe_drive,s4
13515,safe_drive,s4
13516,safe_drive,s4
13517,safe_drive,s4
13518,safe_drive,s4
13519,safe_drive,s4
13520,safe_drive,s4
13521,safe_drive,s4
13522,safe_drive,s4
13523,safe_drive,s4
13524,safe_drive,s4
13525,reach_side,s4
13526,reach_side,s4
13527,reach_side,s4
13528,reach_side,s4
13529,reach_side,s4
13530,reach_side,s4
13531,reach_side,s4
13532,reach_side,s4
13533,reach_side,s4
13534,reach_side,s4
13535,reach_side,s4
13536,reach_side,s4
13537,reach_side,s4
13538,reach_side,s4
13539,reach_side,s4
13540,reach_side,s4
13541,reach_side,s4
13542,reach_side,s4
13543,reach_side,s4
13544,reach_side,s4
13545,reach_side,s4
13546,reach_side,s4
13547,reach_side,s4
13548,reach_side,s4
13549,reach_side,s4
13550,reach_side,s4
13551,reach_side,s4
13552,reach_side,s4
13553,reach_side,s4
13554,reach_side,s4
13555,reach_side,s4
13556,reach_side,s4
13557,reach_side,s4
13558,reach_side,s4
13559,reach_side,s4
13560,reach_side,s4
13561,reach_side,s4
13562,reach_side,s4
13563,reach_side,s4
13564,reach_side,s4
13565,reach_side,s4
13566,reach_side,s4
13567,reach_side,s4
13568,reach_side,s4
13569,reach_side,s4
13570,reach_side,s4
13571,reach_side,s4
13572,reach_side,s4
13573,reach_side,s4
13574,reach_side,s4
13575,reach_side,s4
13576,reach_side,s4
13577,reach_side,s4
13578,reach_side,s4
13579,reach_side,s4
13580,reach_side,s4
13581,reach_side,s4
13582,reach_side,s4
13583,reach_side,s4
13584,reach_side,s4
13585,reach_side,s4
13586,reach_side,s4
13587,reach_side,s4
13588,reach_side,s4
13589,reach_side,s4
13590,reach_side,s4
13591,reach_side,s4
13592,reach_side,s4
13593,reach_side,s4
13594,reach_side,s4
13595,reach_side,s4
13596,reach_side,s4
13597,reach_side,s4
13598,reach_side,s4
13599,reach_side,s4
13600,reach_side,s4
13601,reach_side,s4
13602,reach_side,s4
13603,reach_side,s4
13604,reach_side,s4
13605,reach_side,s4
13606,reach_side,s4
13607,reach_side,s4
13608,reach_side,s4
13609,reach_side,s4
13610,reach_side,s4
13611,reach_side,s4
13612,reach_side,s4
13613,reach_side,s4
13614,reach_side,s4
13615,reach_side,s4
13616,reach_side,s4
13617,reach_side,s4
13618,reach_side,s4
13619,reach_side,s4
13620,reach_side,s4
13621,reach_side,s4
13622,safe_drive,s4
13623,safe_drive,s4
13624,safe_drive,s4
13625,safe_drive,s4
13626,safe_drive,s4
13627,safe_drive,s4
13628,safe_drive,s4
13629,safe_drive,s4
13630,safe_drive,s4
13631,safe_drive,s4
13632,safe_drive,s4
13633,safe_drive,s4
13634,safe_drive,s4
13635,safe_drive,s4
13636,safe_drive,s4
13637,safe_drive,s4
13638,safe_drive,s4
13639,safe_drive,s4
13640,safe_drive,s4
13641,safe_drive,s4
13642,safe_drive,s4
13643,safe_drive,s4
13644,safe_drive,s4
13645,safe_drive,s4
13646,safe_drive,s4
13647,safe_drive,s4
13648,safe_drive,s4
13649,safe_drive,s4
13650,safe_drive,s4
13651,safe_drive,s4
13652,safe_drive,s4
13653,safe_drive,s4
13654,safe_drive,s4
13655,safe_drive,s4
13656,safe_drive,s4
13657,safe_drive,s4
13658,safe_drive,s4
13659,safe_drive,s4
13660,safe_drive,s4
13661,safe_drive,s4
13662,safe_drive,s4
13663,safe_drive,s4
13664,safe_drive,s4
13665,safe_drive,s4
13666,safe_drive,s4
13667,safe_drive,s4
13668,safe_drive,s4
13669,safe_drive,s4
13670,safe_drive,s4
13671,safe_drive,s4
13672,safe_drive,s4
13673,safe_drive,s4
13674,safe_drive,s4
13675,safe_drive,s4
13676,safe_drive,s4
13677,safe_drive,s4
13678,safe_drive,s4
13679,safe_drive,s4
13680,safe_drive,s4
13681,safe_drive,s4
13682,safe_drive,s4
13683,safe_drive,s4
13684,safe_drive,s4
13685,safe_drive,s4
13686,safe_drive,s4
13687,safe_drive,s4
13688,safe_drive,s4
13689,safe_drive,s4
13690,safe_drive,s4
13691,safe_drive,s4
13692,safe_drive,s4
13693,safe_drive,s4
13694,safe_drive,s4
13695,safe_drive,s4
13696,safe_drive,s4
13697,safe_drive,s4
13698,safe_drive,s4
13699,safe_drive,s4
13700,safe_drive,s4
13701,safe_drive,s4
13702,safe_drive,s4
13703,safe_drive,s4
13704,safe_drive,s4
13705,safe_drive,s4
13706,safe_drive,s4
13707,safe_drive,s4
13708,safe_drive,s4
13709,safe_drive,s4
13710,safe_drive,s4
13711,safe_drive,s4
13712,safe_drive,s4
13713,safe_drive,s4
13714,safe_drive,s4
13715,safe_drive,s4
13716,safe_drive,s4
13717,safe_drive,s4
13718,safe_drive,s4
13719,safe_drive,s4
13720,safe_drive,s4
13721,safe_drive,s4
13722,safe_drive,s4
13723,safe_drive,s4
13724,safe_drive,s4
13725,safe_drive,s4
13726,safe_drive,s4
13727,safe_drive,s4
13728,safe_drive,s4
13729,safe_drive,s4
13730,safe_drive,s4
13731,safe_drive,s4
13732,safe_drive,s4
13733,safe_drive,s4
13734,safe_drive,s4
13735,safe_drive,s4
13736,safe_drive,s4
13737,safe_drive,s4
13738,safe_drive,s4
13739,safe_drive,s4
13740,safe_drive,s4
13741,safe_drive,s4
13742,safe_drive,s4
13743,safe_drive,s4
13744,safe_drive,s4
13745,safe_drive,s4
13746,safe_drive,s4
13747,safe_drive,s4
13748,safe_drive,s4
13749,safe_drive,s4
13750,safe_drive,s4
13751,safe_drive,s4
13752,safe_drive,s4
13753,safe_drive,s4
13754,safe_drive,s4
13755,safe_drive,s4
13756,safe_drive,s4
13757,safe_drive,s4
13758,safe_drive,s4
13759,safe_drive,s4
13760,safe_drive,s4
13761,safe_drive,s4
13762,safe_drive,s4
13763,safe_drive,s4
13764,safe_drive,s4
13765,safe_drive,s4
13766,safe_drive,s4
13767,safe_drive,s4
13768,safe_drive,s4
13769,safe_drive,s4
13770,safe_drive,s4
13771,safe_drive,s4
13772,safe_drive,s4
13773,safe_drive,s4
13774,safe_drive,s4
13775,safe_drive,s4
13776,safe_drive,s4
13777,safe_drive,s4
13778,safe_drive,s4
13779,safe_drive,s4
13780,safe_drive,s4
13781,safe_drive,s4
13782,safe_drive,s4
13783,safe_drive,s4
13784,safe_drive,s4
13785,safe_drive,s4
13786,safe_drive,s4
13787,safe_drive,s4
13788,safe_drive,s4
13789,safe_drive,s4
13790,safe_drive,s4
13791,safe_drive,s4
13792,reach_side,s4
13793,reach_side,s4
13794,reach_side,s4
13795,reach_side,s4
13796,reach_side,s4
13797,reach_side,s4
13798,reach_side,s4
13799,reach_side,s4
13800,reach_side,s4
13801,reach_side,s4
13802,reach_side,s4
13803,reach_side,s4
13804,reach_side,s4
13805,reach_side,s4
13806,reach_side,s4
13807,reach_side,s4
13808,reach_side,s4
13809,reach_side,s4
13810,reach_side,s4
13811,reach_side,s4
13812,reach_side,s4
13813,reach_side,s4
13814,reach_side,s4
13815,reach_side,s4
13816,reach_side,s4
13817,reach_side,s4
13818,reach_side,s4
13819,reach_side,s4
13820,reach_side,s4
13821,reach_side,s4
13822,reach_side,s4
13823,reach_side,s4
13824,reach_side,s4
13825,reach_side,s4
13826,reach_side,s4
13827,reach_side,s4
13828,reach_side,s4
13829,reach_side,s4
13830,reach_side,s4
13831,reach_side,s4
13832,reach_side,s4
13833,reach_side,s4
13834,reach_side,s4
13835,reach_side,s4
13836,reach_side,s4
13837,reach_side,s4
13838,reach_side,s4
13839,reach_side,s4
13840,reach_side,s4
13841,reach_side,s4
13842,reach_side,s4
13843,reach_side,s4
13844,reach_side,s4
13845,reach_side,s4
14400,reach_side,s4
14401,reach_side,s4
14402,reach_side,s4
14403,reach_side,s4
14404,reach_side,s4
14405,reach_side,s4
14406,reach_side,s4
14407,reach_side,s4
14408,reach_side,s4
14409,reach_side,s4
14410,reach_side,s4
14411,reach_side,s4
14412,reach_side,s4
14413,reach_side,s4
14414,reach_side,s4
14415,reach_side,s4
14416,reach_side,s4
14417,reach_side,s4
14418,reach_side,s4
14419,reach_side,s4
14420,reach_side,s4
14421,reach_side,s4
14422,reach_side,s4
14423,reach_side,s4
14424,reach_side,s4
14425,reach_side,s4
14426,reach_side,s4
14427,reach_side,s4
14428,reach_side,s4
14429,reach_side,s4
14430,reach_side,s4
14431,reach_side,s4
14432,reach_side,s4
14433,reach_side,s4
14434,reach_side,s4
14435,reach_side,s4
14436,reach_side,s4
14437,reach_side,s4
14438,reach_side,s4
14439,reach_side,s4
14440,reach_side,s4
14441,reach_side,s4
14442,reach_side,s4
14443,reach_side,s4
14444,reach_side,s4
14445,reach_side,s4
14446,reach_side,s4
14447,reach_side,s4
14448,reach_side,s4
14449,reach_side,s4
14450,reach_side,s4
14451,reach_side,s4
14452,reach_side,s4
14453,reach_side,s4
14454,reach_side,s4
14455,reach_side,s4
14456,reach_side,s4
14457,reach_side,s4
14458,reach_side,s4
14459,reach_side,s4
14460,reach_side,s4
14461,reach_side,s4
14462,safe_drive,s4
14463,safe_drive,s4
14464,safe_drive,s4
14465,safe_drive,s4
14466,safe_drive,s4
14467,safe_drive,s4
14468,safe_drive,s4
14469,safe_drive,s4
14470,safe_drive,s4
14471,safe_drive,s4
14472,safe_drive,s4
14473,safe_drive,s4
14474,safe_drive,s4
14475,safe_drive,s4
14476,safe_drive,s4
14477,safe_drive,s4
14478,safe_drive,s4
14479,safe_drive,s4
14480,safe_drive,s4
14481,safe_drive,s4
14482,safe_drive,s4
14483,safe_drive,s4
14484,safe_drive,s4
14485,safe_drive,s4
14486,safe_drive,s4
14487,safe_drive,s4
14488,safe_drive,s4
14489,safe_drive,s4
14490,safe_drive,s4
14491,safe_drive,s4
14492,safe_drive,s4
14493,safe_drive,s4
14494,safe_drive,s4
14495,safe_drive,s4
14529,safe_drive,s4
14530,safe_drive,s4
14531,safe_drive,s4
14532,safe_drive,s4
14533,safe_drive,s4
14534,safe_drive,s4
14535,safe_drive,s4
14536,safe_drive,s4
14537,safe_drive,s4
14538,safe_drive,s4
14539,safe_drive,s4
14540,safe_drive,s4
14541,safe_drive,s4
14542,safe_drive,s4
14543,safe_drive,s4
14544,safe_drive,s4
14545,safe_drive,s4
14546,safe_drive,s4
14547,safe_drive,s4
14548,safe_drive,s4
14549,safe_drive,s4
14550,safe_drive,s4
14551,safe_drive,s4
14552,safe_drive,s4
14553,safe_drive,s4
14554,safe_drive,s4
14555,safe_drive,s4
14556,safe_drive,s4
14557,safe_drive,s4
14558,safe_drive,s4
14559,safe_drive,s4
14560,safe_drive,s4
14561,safe_drive,s4
14562,safe_drive,s4
14563,safe_drive,s4
14564,safe_drive,s4
14565,safe_drive,s4
14566,safe_drive,s4
14567,safe_drive,s4
14568,safe_drive,s4
14569,safe_drive,s4
14570,safe_drive,s4
14571,safe_drive,s4
14572,safe_drive,s4
14573,safe_drive,s4
14574,safe_drive,s4
14575,safe_drive,s4
14576,safe_drive,s4
14577,safe_drive,s4
14578,safe_drive,s4
14579,safe_drive,s4
14580,safe_drive,s4
14581,safe_drive,s4
14582,safe_drive,s4
14583,safe_drive,s4
14584,safe_drive,s4
14585,safe_drive,s4
14586,safe_drive,s4
14587,safe_drive,s4
14588,safe_drive,s4
14589,safe_drive,s4
14590,safe_drive,s4
14591,safe_drive,s4
14592,safe_drive,s4
14593,safe_drive,s4
14594,safe_drive,s4
14595,safe_drive,s4
14596,safe_drive,s4
14597,safe_drive,s4
14598,safe_drive,s4
14599,safe_drive,s4
14600,safe_drive,s4
14601,safe_drive,s4
14602,safe_drive,s4
14603,safe_drive,s4
14604,safe_drive,s4
14605,safe_drive,s4
14606,safe_drive,s4
14607,safe_drive,s4
14608,safe_drive,s4
14609,safe_drive,s4
14610,safe_drive,s4
14611,safe_drive,s4
14612,safe_drive,s4
14613,safe_drive,s4
14614,safe_drive,s4
14615,safe_drive,s4
14616,safe_drive,s4
14617,safe_drive,s4
14618,safe_drive,s4
14619,safe_drive,s4
14620,safe_drive,s4
14621,safe_drive,s4
14622,safe_drive,s4
14623,safe_drive,s4
14624,safe_drive,s4
14625,safe_drive,s4
14626,safe_drive,s4
14627,safe_drive,s4
14628,safe_drive,s4
14629,safe_drive,s4
14630,safe_drive,s4
14631,safe_drive,s4
14632,safe_drive,s4
14633,safe_drive,s4
14634,safe_drive,s4
14635,safe_drive,s4
14636,safe_drive,s4
14637,safe_drive,s4
14638,safe_drive,s4
14639,safe_drive,s4
14640,safe_drive,s4
14641,safe_drive,s4
14642,safe_drive,s4
14643,safe_drive,s4
14644,safe_drive,s4
14645,safe_drive,s4
14646,safe_drive,s4
14647,safe_drive,s4
14648,safe_drive,s4
14649,safe_drive,s4
14650,safe_drive,s4
14651,safe_drive,s4
14652,safe_drive,s4
14653,safe_drive,s4
14654,safe_drive,s4
14655,safe_drive,s4
14656,safe_drive,s4
14657,safe_drive,s4
14658,safe_drive,s4
14659,safe_drive,s4
14660,safe_drive,s4
14661,safe_drive,s4
14662,safe_drive,s4
14663,safe_drive,s4
14664,safe_drive,s4
14665,safe_drive,s4
14666,safe_drive,s4
14667,safe_drive,s4
14668,safe_drive,s4
14669,safe_drive,s4
14670,safe_drive,s4
14671,safe_drive,s4
14672,safe_drive,s4
14673,safe_drive,s4
14674,safe_drive,s4
14675,safe_drive,s4
14676,safe_drive,s4
14677,safe_drive,s4
14678,safe_drive,s4
14679,safe_drive,s4
14680,safe_drive,s4
14681,safe_drive,s4
14682,safe_drive,s4
14683,safe_drive,s4
14684,safe_drive,s4
14685,safe_drive,s4
14686,safe_drive,s4
14687,safe_drive,s4
14688,safe_drive,s4
14689,safe_drive,s4
14690,safe_drive,s4
14691,safe_drive,s4
14692,safe_drive,s4
14693,safe_drive,s4
14694,safe_drive,s4
14695,safe_drive,s4
14696,safe_drive,s4
14697,safe_drive,s4
14698,safe_drive,s4
14699,safe_drive,s4
14700,safe_drive,s4
14701,safe_drive,s4
14702,safe_drive,s4
14703,safe_drive,s4
14704,safe_drive,s4
14705,safe_drive,s4
14706,safe_drive,s4
14707,safe_drive,s4
14708,safe_drive,s4
14709,safe_drive,s4
14710,safe_drive,s4
14711,safe_drive,s4
14712,safe_drive,s4
14713,safe_drive,s4
14714,safe_drive,s4
14715,safe_drive,s4
14716,safe_drive,s4
14717,safe_drive,s4
14718,safe_drive,s4
14719,safe_drive,s4
14720,safe_drive,s4
14721,safe_drive,s4
14722,safe_drive,s4
14723,safe_drive,s4
14724,safe_drive,s4
14725,safe_drive,s4
14726,safe_drive,s4
14727,safe_drive,s4
14728,safe_drive,s4
14729,safe_drive,s4
14730,safe_drive,s4
14731,safe_drive,s4
14732,safe_drive,s4
14733,safe_drive,s4
14734,safe_drive,s4
14735,safe_drive,s4
14736,safe_drive,s4
14737,safe_drive,s4
14738,safe_drive,s4
14739,safe_drive,s4
14740,safe_drive,s4
14741,safe_drive,s4
14742,safe_drive,s4
14743,safe_drive,s4
14744,safe_drive,s4
14745,safe_drive,s4
14746,safe_drive,s4
14747,safe_drive,s4
14748,safe_drive,s4
14749,safe_drive,s4
14750,safe_drive,s4
14751,safe_drive,s4
14752,safe_drive,s4
14753,safe_drive,s4
14754,safe_drive,s4
14755,safe_drive,s4
14756,safe_drive,s4
14757,safe_drive,s4
14758,safe_drive,s4
14759,safe_drive,s4
14760,safe_drive,s4
14797,reach_side,s4
14798,reach_side,s4
14799,reach_side,s4
14800,reach_side,s4
14801,reach_side,s4
14802,reach_side,s4
14803,reach_side,s4
14804,reach_side,s4
14805,reach_side,s4
14806,reach_side,s4
14807,reach_side,s4
14808,reach_side,s4
14809,reach_side,s4
14810,reach_side,s4
14811,reach_side,s4
14812,reach_side,s4
14813,reach_side,s4
14814,reach_side,s4
14815,reach_side,s4
14816,reach_side,s4
14817,reach_side,s4
14818,reach_side,s4
14819,reach_side,s4
14820,reach_side,s4
14821,reach_side,s4
14822,reach_side,s4
14823,reach_side,s4
14824,reach_side,s4
14825,reach_side,s4
14826,reach_side,s4
14827,reach_side,s4
14828,reach_side,s4
14829,reach_side,s4
14830,reach_side,s4
14831,reach_side,s4
14832,reach_side,s4
14833,reach_side,s4
14834,reach_side,s4
14835,reach_side,s4
14836,reach_side,s4
14837,reach_side,s4
14838,reach_side,s4
14839,reach_side,s4
14840,reach_side,s4
15101,safe_drive,s4
15102,safe_drive,s4
15103,safe_drive,s4
15104,safe_drive,s4
15105,safe_drive,s4
15106,safe_drive,s4
15107,safe_drive,s4
15108,safe_drive,s4
15109,safe_drive,s4
15110,safe_drive,s4
15111,safe_drive,s4
15112,safe_drive,s4
15113,safe_drive,s4
15114,safe_drive,s4
15115,safe_drive,s4
15116,safe_drive,s4
15117,safe_drive,s4
15118,safe_drive,s4
15119,safe_drive,s4
15120,safe_drive,s4
15175,reach_side,s4
15176,reach_side,s4
15177,reach_side,s4
15178,reach_side,s4
15179,reach_side,s4
15180,reach_side,s4
15181,reach_side,s4
15182,reach_side,s4
15183,reach_side,s4
15184,reach_side,s4
15185,reach_side,s4
15186,reach_side,s4
15187,reach_side,s4
15188,reach_side,s4
15189,reach_side,s4
15190,reach_side,s4
15191,reach_side,s4
15192,reach_side,s4
15193,reach_side,s4
15194,reach_side,s4
15195,reach_side,s4
15196,reach_side,s4
15197,reach_side,s4
15198,reach_side,s4
15199,reach_side,s4
15200,reach_side,s4
15201,reach_side,s4
15202,reach_side,s4
15203,reach_side,s4
15204,reach_side,s4
15205,reach_side,s4
15206,reach_side,s4
15207,reach_side,s4
15208,reach_side,s4
15209,reach_side,s4
15210,reach_side,s4
15211,reach_side,s4
15212,reach_side,s4
15213,reach_side,s4
15214,safe_drive,s4
15215,safe_drive,s4
15216,safe_drive,s4
15217,safe_drive,s4
15218,safe_drive,s4
15219,safe_drive,s4
15220,safe_drive,s4
15221,safe_drive,s4
15222,safe_drive,s4
15223,safe_drive,s4
15224,safe_drive,s4
15225,safe_drive,s4
15226,safe_drive,s4
15227,safe_drive,s4
15228,safe_drive,s4
15229,safe_drive,s4
15230,safe_drive,s4
15231,safe_drive,s4
15232,safe_drive,s4
15233,safe_drive,s4
15234,safe_drive,s4
15235,safe_drive,s4
15236,safe_drive,s4
15237,safe_drive,s4
15238,safe_drive,s4
15293,safe_drive,s4
15294,safe_drive,s4
15295,safe_drive,s4
15296,safe_drive,s4
15297,safe_drive,s4
15298,safe_drive,s4
15299,safe_drive,s4
15300,safe_drive,s4
15301,safe_drive,s4
15302,safe_drive,s4
15303,safe_drive,s4
15304,safe_drive,s4
15305,safe_drive,s4
15306,safe_drive,s4
15307,safe_drive,s4
15308,safe_drive,s4
15309,safe_drive,s4
15310,safe_drive,s4
15311,safe_drive,s4
15312,safe_drive,s4
15313,safe_drive,s4
15314,safe_drive,s4
15315,safe_drive,s4
15316,safe_drive,s4
15317,safe_drive,s4
15318,safe_drive,s4
15319,safe_drive,s4
15320,safe_drive,s4
15321,safe_drive,s4
15322,safe_drive,s4
15323,safe_drive,s4
15324,safe_drive,s4
15325,safe_drive,s4
15326,safe_drive,s4
15327,safe_drive,s4
15328,safe_drive,s4
15329,safe_drive,s4
15330,safe_drive,s4
15331,safe_drive,s4
15332,safe_drive,s4
15333,safe_drive,s4
15334,safe_drive,s4
15335,safe_drive,s4
15336,safe_drive,s4
15337,safe_drive,s4
15338,safe_drive,s4
15339,safe_drive,s4
15340,safe_drive,s4
15341,safe_drive,s4
15342,safe_drive,s4
15343,safe_drive,s4
15344,safe_drive,s4
15345,safe_drive,s4
15346,safe_drive,s4
15347,safe_drive,s4
15348,safe_drive,s4
15366,safe_drive,s4
15367,safe_drive,s4
15368,safe_drive,s4
15369,safe_drive,s4
15370,safe_drive,s4
15371,safe_drive,s4
15372,safe_drive,s4
15373,safe_drive,s4
15374,safe_drive,s4
15375,safe_drive,s4
15376,safe_drive,s4
15377,safe_drive,s4
15378,safe_drive,s4
15379,safe_drive,s4
15380,safe_drive,s4
15381,safe_drive,s4
15382,safe_drive,s4
15383,safe_drive,s4
15384,safe_drive,s4
15385,safe_drive,s4
15386,safe_drive,s4
15387,safe_drive,s4
15388,safe_drive,s4
15389,safe_drive,s4
15390,safe_drive,s4
15391,safe_drive,s4
15392,safe_drive,s4
15393,safe_drive,s4
15394,safe_drive,s4
15395,safe_drive,s4
15396,safe_drive,s4
15397,safe_drive,s4
15398,safe_drive,s4
15399,safe_drive,s4
15400,safe_drive,s4
15401,safe_drive,s4
15402,safe_drive,s4
15403,safe_drive,s4
15404,safe_drive,s4
15405,safe_drive,s4
15406,safe_drive,s4
15407,safe_drive,s4
15408,safe_drive,s4
15409,safe_drive,s4
15410,safe_drive,s4
15411,safe_drive,s4
15412,safe_drive,s4
15413,safe_drive,s4
15414,safe_drive,s4
15415,safe_drive,s4
15416,safe_drive,s4
15417,safe_drive,s4
15418,safe_drive,s4
15419,safe_drive,s4
15420,safe_drive,s4
15421,safe_drive,s4
15422,safe_drive,s4
15423,safe_drive,s4
15424,safe_drive,s4
15425,safe_drive,s4
15426,safe_drive,s4
15427,safe_drive,s4
15428,safe_drive,s4
15429,safe_drive,s4
15430,safe_drive,s4
15431,safe_drive,s4
15432,safe_drive,s4
15433,safe_drive,s4
15434,safe_drive,s4
15435,safe_drive,s4
15436,safe_drive,s4
15437,safe_drive,s4
15438,safe_drive,s4
15439,safe_drive,s4
15440,safe_drive,s4
15441,safe_drive,s4
15442,safe_drive,s4
15443,safe_drive,s4
15444,safe_drive,s4
15445,safe_drive,s4
15446,safe_drive,s4
15447,safe_drive,s4
15448,safe_drive,s4
15449,safe_drive,s4
15450,safe_drive,s4
15451,safe_drive,s4
15452,safe_drive,s4
15453,safe_drive,s4
15454,safe_drive,s4
15455,safe_drive,s4
15456,safe_drive,s4
15457,safe_drive,s4
15458,safe_drive,s4
15459,safe_drive,s4
15460,safe_drive,s4
15461,safe_drive,s4
15462,safe_drive,s4
15463,safe_drive,s4
15464,safe_drive,s4
15465,safe_drive,s4
15466,safe_drive,s4
15467,safe_drive,s4
15468,safe_drive,s4
15469,safe_drive,s4
15470,safe_drive,s4
15471,safe_drive,s4
15472,safe_drive,s4
15473,safe_drive,s4
15474,safe_drive,s4
15475,safe_drive,s4
15476,safe_drive,s4
15477,safe_drive,s4
15478,safe_drive,s4
15479,safe_drive,s4
15480,reach_side,s4
15481,reach_side,s4
15482,reach_side,s4
15483,reach_side,s4
15484,reach_side,s4
15485,reach_side,s4
15486,reach_side,s4
15487,reach_side,s4
15488,reach_side,s4
15489,reach_side,s4
15490,reach_side,s4
15491,reach_side,s4
15492,reach_side,s4
15493,reach_side,s4
15494,reach_side,s4
15495,reach_side,s4
15496,reach_side,s4
15497,reach_side,s4
15498,reach_side,s4
15499,reach_side,s4
15500,reach_side,s4
15501,reach_side,s4
15502,reach_side,s4
15503,reach_side,s4
15504,reach_side,s4
15505,reach_side,s4
15506,reach_side,s4
15507,reach_side,s4
15508,reach_side,s4
15509,reach_side,s4
15510,reach_side,s4
15511,reach_side,s4
15512,reach_side,s4
15513,reach_side,s4
15514,reach_side,s4
15545,reach_side,s4
15546,reach_side,s4
15547,reach_side,s4
15548,reach_side,s4
15549,reach_side,s4
15550,reach_side,s4
15551,reach_side,s4
15552,reach_side,s4
15553,reach_side,s4
15554,reach_side,s4
15555,reach_side,s4
15556,reach_side,s4
15557,reach_side,s4
15558,reach_side,s4
15559,reach_side,s4
15560,reach_side,s4
15561,reach_side,s4
15562,reach_side,s4
15563,reach_side,s4
15564,reach_side,s4
15565,reach_side,s4
15566,reach_side,s4
15567,reach_side,s4
15568,reach_side,s4
15569,reach_side,s4
15570,reach_side,s4
15571,reach_side,s4
15572,reach_side,s4
15573,reach_side,s4
15574,reach_side,s4
15575,reach_side,s4
15576,reach_side,s4
15577,reach_side,s4
15578,reach_side,s4
15579,reach_side,s4
15580,reach_side,s4
15581,reach_side,s4
15582,reach_side,s4
15583,reach_side,s4
15584,reach_side,s4
15585,reach_side,s4
15586,reach_side,s4
15587,reach_side,s4
15588,reach_side,s4
15589,reach_side,s4
15590,reach_side,s4
15591,reach_side,s4
15592,reach_side,s4
15593,reach_side,s4
15594,reach_side,s4
15595,reach_side,s4
15596,reach_side,s4
15597,reach_side,s4
15598,reach_side,s4
15599,reach_side,s4
15600,reach_side,s4
15601,reach_side,s4
15602,reach_side,s4
15603,reach_side,s4
15604,reach_side,s4
15605,reach_side,s4
15606,reach_side,s4
15607,reach_side,s4
15608,reach_side,s4
15609,reach_side,s4
15610,reach_side,s4
15611,reach_side,s4
15612,reach_side,s4
15613,reach_side,s4
15614,reach_side,s4
15615,reach_side,s4
15616,reach_side,s4
15617,reach_side,s4
15618,reach_side,s4
15619,reach_side,s4
15620,reach_side,s4
15621,reach_side,s4
15622,reach_side,s4
15679,drinking,s4
15680,drinking,s4
15681,drinking,s4
15682,drinking,s4
15683,drinking,s4
15684,drinking,s4
15685,drinking,s4
15686,drinking,s4
15687,drinking,s4
15688,drinking,s4
15689,drinking,s4
15690,drinking,s4
15691,drinking,s4
15692,drinking,s4
15693,drinking,s4
15694,drinking,s4
15695,drinking,s4
15696,drinking,s4
15697,drinking,s4
15698,drinking,s4
15699,drinking,s4
15700,drinking,s4
15701,drinking,s4
15702,drinking,s4
15703,drinking,s4
15704,drinking,s4
15705,drinking,s4
15706,drinking,s4
15707,drinking,s4
15708,drinking,s4
15709,drinking,s4
15710,drinking,s4
15711,drinking,s4
15712,drinking,s4
15713,drinking,s4
15714,drinking,s4
15715,drinking,s4
15716,drinking,s4
15717,drinking,s4
15718,drinking,s4
15719,drinking,s4
15720,drinking,s4
15721,drinking,s4
15722,drinking,s4
15723,drinking,s4
15724,drinking,s4
15725,drinking,s4
15726,drinking,s4
15727,drinking,s4
15728,drinking,s4
15729,drinking,s4
15730,drinking,s4
15731,drinking,s4
15732,drinking,s4
15733,drinking,s4
15734,drinking,s4
15735,drinking,s4
15736,drinking,s4
15737,drinking,s4
15738,drinking,s4
15739,drinking,s4
15740,drinking,s4
15741,drinking,s4
15742,drinking,s4
15743,drinking,s4
15744,drinking,s4
15745,drinking,s4
15746,drinking,s4
15747,drinking,s4
15748,drinking,s4
15749,drinking,s4
15750,drinking,s4
15751,drinking,s4
15752,drinking,s4
15753,drinking,s4
15754,drinking,s4
15755,drinking,s4
15756,drinking,s4
15757,drinking,s4
15758,drinking,s4
15759,drinking,s4
15760,drinking,s4
15761,drinking,s4
15762,drinking,s4
15763,drinking,s4
15764,drinking,s4
15765,drinking,s4
15766,drinking,s4
15767,drinking,s4
15768,drinking,s4
15769,drinking,s4
15770,drinking,s4
15771,drinking,s4
15772,drinking,s4
15773,drinking,s4
15774,drinking,s4
15775,drinking,s4
15776,drinking,s4
15777,drinking,s4
15778,drinking,s4
15779,drinking,s4
15780,drinking,s4
15781,drinking,s4
15782,drinking,s4
15783,drinking,s4
15784,drinking,s4
15785,drinking,s4
15786,drinking,s4
15787,drinking,s4
15788,drinking,s4
15789,drinking,s4
15790,drinking,s4
15791,drinking,s4
15792,drinking,s4
15793,drinking,s4
15794,drinking,s4
15795,drinking,s4
15796,drinking,s4
15797,drinking,s4
15798,drinking,s4
15799,drinking,s4
15800,drinking,s4
15801,drinking,s4
15802,drinking,s4
15803,drinking,s4
15804,drinking,s4
15805,drinking,s4
15806,drinking,s4
15807,drinking,s4
15808,drinking,s4
15809,drinking,s4
15810,drinking,s4
15811,drinking,s4
15812,drinking,s4
15813,drinking,s4
15814,drinking,s4
15815,drinking,s4
15816,drinking,s4
15817,drinking,s4
15818,drinking,s4
15819,drinking,s4
15820,drinking,s4
15821,drinking,s4
15822,drinking,s4
15823,drinking,s4
15824,drinking,s4
15825,drinking,s4
15826,drinking,s4
15827,drinking,s4
15828,drinking,s4
15829,drinking,s4
15830,drinking,s4
15831,drinking,s4
15832,drinking,s4
15833,drinking,s4
15834,drinking,s4
15835,drinking,s4
15836,drinking,s4
15837,drinking,s4
15838,drinking,s4
15839,drinking,s4
15840,drinking,s4
15841,drinking,s4
15842,drinking,s4
15843,drinking,s4
15844,drinking,s4
15845,drinking,s4
15846,drinking,s4
15847,drinking,s4
15848,drinking,s4
15849,drinking,s4
15850,drinking,s4
15851,drinking,s4
15852,drinking,s4
15853,drinking,s4
15854,drinking,s4
15855,drinking,s4
15856,drinking,s4
15857,drinking,s4
15858,drinking,s4
15859,drinking,s4
15860,drinking,s4
15861,drinking,s4
15862,drinking,s4
15863,drinking,s4
15864,drinking,s4
15865,drinking,s4
15866,drinking,s4
15867,drinking,s4
15868,drinking,s4
15869,drinking,s4
15870,drinking,s4
15871,drinking,s4
15872,drinking,s4
15873,drinking,s4
15874,drinking,s4
15875,drinking,s4
15876,drinking,s4
15877,drinking,s4
15878,drinking,s4
15879,drinking,s4
15880,drinking,s4
15881,drinking,s4
15882,drinking,s4
15883,drinking,s4
15884,drinking,s4
15885,drinking,s4
15886,drinking,s4
15887,drinking,s4
15888,drinking,s4
15889,drinking,s4
15890,drinking,s4
15891,drinking,s4
15892,drinking,s4
15893,drinking,s4
15894,drinking,s4
15895,drinking,s4
15896,drinking,s4
15897,drinking,s4
15898,drinking,s4
15899,drinking,s4
15900,drinking,s4
15901,drinking,s4
15902,drinking,s4
15903,drinking,s4
15904,drinking,s4
15905,drinking,s4
15906,drinking,s4
15907,drinking,s4
15908,drinking,s4
15909,drinking,s4
15910,drinking,s4
15911,drinking,s4
15912,drinking,s4
15913,drinking,s4
15914,drinking,s4
15915,drinking,s4
15916,drinking,s4
15979,reach_side,s4
15980,reach_side,s4
15981,reach_side,s4
15982,reach_side,s4
15983,reach_side,s4
15984,reach_side,s4
15985,reach_side,s4
15986,reach_side,s4
15987,reach_side,s4
15988,reach_side,s4
15989,reach_side,s4
15990,reach_side,s4
15991,reach_side,s4
15992,reach_side,s4
15993,reach_side,s4
15994,reach_side,s4
15995,reach_side,s4
15996,reach_side,s4
15997,reach_side,s4
15998,reach_side,s4
15999,reach_side,s4
16000,reach_side,s4
16001,reach_side,s4
16002,reach_side,s4
16003,reach_side,s4
16004,reach_side,s4
16005,reach_side,s4
16006,reach_side,s4
16007,reach_side,s4
16008,reach_side,s4
16009,reach_side,s4
16010,reach_side,s4
16011,reach_side,s4
16012,reach_side,s4
16013,reach_side,s4
16014,reach_side,s4
16015,reach_side,s4
16016,reach_side,s4
16017,reach_side,s4
16018,reach_side,s4
16019,reach_side,s4
16020,reach_side,s4
16021,reach_side,s4
16022,reach_side,s4
16023,reach_side,s4
16024,reach_side,s4
16025,reach_side,s4
16026,reach_side,s4
16027,reach_side,s4
16028,reach_side,s4
16029,reach_side,s4
16030,reach_side,s4
16031,reach_side,s4
16032,reach_side,s4
16033,reach_side,s4
16034,reach_side,s4
16035,reach_side,s4
16036,reach_side,s4
16037,reach_side,s4
16038,reach_side,s4
16039,reach_side,s4
16040,reach_side,s4
16041,reach_side,s4
16042,reach_side,s4
16043,reach_side,s4
16044,reach_side,s4
16045,reach_side,s4
16046,reach_side,s4
16047,reach_side,s4
16048,reach_side,s4
16049,reach_side,s4
16050,reach_side,s4
16051,reach_side,s4
16052,reach_side,s4
16053,reach_side,s4
16054,reach_side,s4
16055,reach_side,s4
16056,reach_side,s4
16057,reach_side,s4
16058,reach_side,s4
16059,reach_side,s4
16060,reach_side,s4
16061,reach_side,s4
16062,reach_side,s4
16063,reach_side,s4
16064,reach_side,s4
16065,reach_side,s4
16066,safe_drive,s4
16067,safe_drive,s4
16068,safe_drive,s4
16069,safe_drive,s4
16070,safe_drive,s4
16071,safe_drive,s4
16072,safe_drive,s4
16073,safe_drive,s4
16074,safe_drive,s4
16075,safe_drive,s4
16076,safe_drive,s4
16077,safe_drive,s4
16078,safe_drive,s4
16079,safe_drive,s4
16080,safe_drive,s4
16081,safe_drive,s4
16082,safe_drive,s4
16083,safe_drive,s4
16084,safe_drive,s4
16085,safe_drive,s4
16086,safe_drive,s4
16087,safe_drive,s4
16088,safe_drive,s4
16089,safe_drive,s4
16090,safe_drive,s4
16091,safe_drive,s4
16092,safe_drive,s4
16093,safe_drive,s4
16094,safe_drive,s4
16095,safe_drive,s4
16096,safe_drive,s4
16097,safe_drive,s4
16098,safe_drive,s4
16099,safe_drive,s4
16100,safe_drive,s4
16101,safe_drive,s4
16102,safe_drive,s4
16103,safe_drive,s4
16104,safe_drive,s4
16105,safe_drive,s4
16106,safe_drive,s4
16107,safe_drive,s4
16108,safe_drive,s4
16109,safe_drive,s4
16110,safe_drive,s4
16111,safe_drive,s4
16112,safe_drive,s4
16113,safe_drive,s4
16114,safe_drive,s4
16115,safe_drive,s4
16116,safe_drive,s4
16117,safe_drive,s4
16118,safe_drive,s4
16119,safe_drive,s4
16120,safe_drive,s4
16121,safe_drive,s4
16122,safe_drive,s4
16123,safe_drive,s4
16124,safe_drive,s4
16125,safe_drive,s4
16126,safe_drive,s4
16127,safe_drive,s4
16128,safe_drive,s4
16129,safe_drive,s4
16130,safe_drive,s4
16131,safe_drive,s4
16132,safe_drive,s4
16133,safe_drive,s4
16134,safe_drive,s4
16135,safe_drive,s4
16136,safe_drive,s4
16137,safe_drive,s4
16138,safe_drive,s4
16139,safe_drive,s4
16140,safe_drive,s4
16141,safe_drive,s4
16142,safe_drive,s4
16143,safe_drive,s4
16144,safe_drive,s4
16145,safe_drive,s4
16146,safe_drive,s4
16147,safe_drive,s4
16148,safe_drive,s4
16149,safe_drive,s4
16150,safe_drive,s4
16151,safe_drive,s4
16152,safe_drive,s4
16153,safe_drive,s4
16154,safe_drive,s4
16155,safe_drive,s4
16156,safe_drive,s4
16157,safe_drive,s4
16158,safe_drive,s4
16159,safe_drive,s4
