frame_id,gaze_label,gaze_zone,is_blinking,hands_label,hands_position
0,gaze_zone/front,front,True,unknown,unknown
1,gaze_zone/front,front,True,unknown,unknown
2,gaze_zone/front,front,True,unknown,unknown
3,gaze_zone/front,front,True,hands_on_wheel/both_hands,both_hands
4,gaze_zone/front,front,True,hands_on_wheel/both_hands,both_hands
5,gaze_zone/front,front,True,hands_on_wheel/both_hands,both_hands
6,gaze_zone/front,front,True,hands_on_wheel/both_hands,both_hands
7,gaze_zone/front,front,True,hands_on_wheel/both_hands,both_hands
8,gaze_zone/front,front,False,hands_on_wheel/both_hands,both_hands
9,gaze_zone/front,front,False,hands_on_wheel/both_hands,both_hands
10,gaze_zone/front,front,False,hands_on_wheel/both_hands,both_hands
11,gaze_zone/front,front,False,hands_on_wheel/both_hands,both_hands
12,gaze_zone/front,front,False,hands_on_wheel/both_hands,both_hands
13,gaze_zone/front,front,False,hands_on_wheel/both_hands,both_hands
14,gaze_zone/front,front,False,hands_on_wheel/both_hands,both_hands
15,gaze_zone/front,front,False,hands_on_wheel/both_hands,both_hands
16,gaze_zone/front,front,True,hands_on_wheel/both_hands,both_hands
17,gaze_zone/front,front,True,hands_on_wheel/both_hands,both_hands
18,gaze_zone/front,front,True,hands_on_wheel/both_hands,both_hands
19,gaze_zone/front,front,True,hands_on_wheel/both_hands,both_hands
20,gaze_zone/front,front,True,hands_on_wheel/both_hands,both_hands
21,gaze_zone/front,front,True,hands_on_wheel/both_hands,both_hands
22,gaze_zone/front,front,True,hands_on_wheel/both_hands,both_hands
23,gaze_zone/front,front,True,hands_on_wheel/both_hands,both_hands
24,gaze_zone/front,front,True,hands_on_wheel/both_hands,both_hands
25,gaze_zone/front,front,True,hands_on_wheel/both_hands,both_hands
26,gaze_zone/front,front,True,hands_on_wheel/both_hands,both_hands
27,gaze_zone/front,front,True,hands_on_wheel/both_hands,both_hands
28,gaze_zone/front,front,True,hands_on_wheel/both_hands,both_hands
29,gaze_zone/front,front,True,hands_on_wheel/both_hands,both_hands
30,gaze_zone/front,front,True,hands_on_wheel/both_hands,both_hands
31,gaze_zone/front,front,False,hands_on_wheel/both_hands,both_hands
32,gaze_zone/front,front,False,hands_on_wheel/both_hands,both_hands
33,gaze_zone/front,front,False,hands_on_wheel/both_hands,both_hands
34,gaze_zone/front,front,False,hands_on_wheel/both_hands,both_hands
35,gaze_zone/front,front,False,hands_on_wheel/both_hands,both_hands
36,gaze_zone/front,front,True,hands_on_wheel/both_hands,both_hands
37,gaze_zone/front,front,True,hands_on_wheel/both_hands,both_hands
38,gaze_zone/front,front,True,hands_on_wheel/both_hands,both_hands
39,gaze_zone/front,front,True,hands_on_wheel/both_hands,both_hands
40,gaze_zone/front,front,True,hands_on_wheel/both_hands,both_hands
41,gaze_zone/front,front,True,hands_on_wheel/both_hands,both_hands
42,gaze_zone/front,front,True,hands_on_wheel/both_hands,both_hands
43,gaze_zone/front,front,True,hands_on_wheel/both_hands,both_hands
44,gaze_zone/front,front,True,hands_on_wheel/both_hands,both_hands
45,gaze_zone/front,front,True,hands_on_wheel/both_hands,both_hands
46,gaze_zone/front,front,True,hands_on_wheel/both_hands,both_hands
47,gaze_zone/front,front,True,hands_on_wheel/both_hands,both_hands
48,gaze_zone/front,front,True,hands_on_wheel/both_hands,both_hands
49,gaze_zone/front,front,False,hands_on_wheel/both_hands,both_hands
50,gaze_zone/front,front,False,hands_on_wheel/both_hands,both_hands
51,gaze_zone/front,front,False,hands_on_wheel/both_hands,both_hands
52,gaze_zone/front,front,False,hands_on_wheel/both_hands,both_hands
53,gaze_zone/front,front,False,hands_on_wheel/both_hands,both_hands
54,gaze_zone/front,front,False,hands_on_wheel/both_hands,both_hands
55,gaze_zone/front,front,False,hands_on_wheel/both_hands,both_hands
56,gaze_zone/front,front,False,hands_on_wheel/both_hands,both_hands
57,gaze_zone/front,front,False,hands_on_wheel/both_hands,both_hands
58,gaze_zone/front,front,False,hands_on_wheel/both_hands,both_hands
59,gaze_zone/front,front,False,hands_on_wheel/both_hands,both_hands
60,gaze_zone/front,front,False,hands_on_wheel/both_hands,both_hands
61,gaze_zone/front,front,False,hands_on_wheel/both_hands,both_hands
62,gaze_zone/front,front,False,hands_on_wheel/both_hands,both_hands
63,gaze_zone/front,front,True,hands_on_wheel/both_hands,both_hands
64,gaze_zone/front,front,True,hands_on_wheel/both_hands,both_hands
65,gaze_zone/front,front,True,hands_on_wheel/both_hands,both_hands
66,gaze_zone/front,front,True,hands_on_wheel/both_hands,both_hands
67,gaze_zone/front,front,True,hands_on_wheel/both_hands,both_hands
68,gaze_zone/left_mirror,left_mirror,True,hands_on_wheel/both_hands,both_hands
69,gaze_zone/left_mirror,left_mirror,True,hands_on_wheel/both_hands,both_hands
70,gaze_zone/left_mirror,left_mirror,True,hands_on_wheel/both_hands,both_hands
71,gaze_zone/left_mirror,left_mirror,True,hands_on_wheel/both_hands,both_hands
72,gaze_zone/left_mirror,left_mirror,True,hands_on_wheel/both_hands,both_hands
73,gaze_zone/left_mirror,left_mirror,True,hands_on_wheel/both_hands,both_hands
74,gaze_zone/left_mirror,left_mirror,True,hands_on_wheel/both_hands,both_hands
75,gaze_zone/left_mirror,left_mirror,False,hands_on_wheel/both_hands,both_hands
76,gaze_zone/left_mirror,left_mirror,False,hands_on_wheel/both_hands,both_hands
77,gaze_zone/left_mirror,left_mirror,False,hands_on_wheel/both_hands,both_hands
78,gaze_zone/left_mirror,left_mirror,False,hands_on_wheel/both_hands,both_hands
79,gaze_zone/left_mirror,left_mirror,False,hands_on_wheel/both_hands,both_hands
80,gaze_zone/left_mirror,left_mirror,False,hands_on_wheel/both_hands,both_hands
81,gaze_zone/left_mirror,left_mirror,False,hands_on_wheel/both_hands,both_hands
82,gaze_zone/left_mirror,left_mirror,False,hands_on_wheel/both_hands,both_hands
83,gaze_zone/left_mirror,left_mirror,False,hands_on_wheel/both_hands,both_hands
84,gaze_zone/left_mirror,left_mirror,False,hands_on_wheel/both_hands,both_hands
85,gaze_zone/left_mirror,left_mirror,False,hands_on_wheel/both_hands,both_hands
86,gaze_zone/left_mirror,left_mirror,False,hands_on_wheel/both_hands,both_hands
87,gaze_zone/left_mirror,left_mirror,False,hands_on_wheel/both_hands,both_hands
88,gaze_zone/left_mirror,left_mirror,False,hands_on_wheel/both_hands,both_hands
89,gaze_zone/left_mirror,left_mirror,False,hands_on_wheel/both_hands,both_hands
90,gaze_zone/left_mirror,left_mirror,False,hands_on_wheel/both_hands,both_hands
91,gaze_zone/left_mirror,left_mirror,False,hands_on_wheel/both_hands,both_hands
92,gaze_zone/left_mirror,left_mirror,False,hands_on_wheel/both_hands,both_hands
93,gaze_zone/left_mirror,left_mirror,False,hands_on_wheel/both_hands,both_hands
94,gaze_zone/left_mirror,left_mirror,False,hands_on_wheel/both_hands,both_hands
95,gaze_zone/left_mirror,left_mirror,False,hands_on_wheel/both_hands,both_hands
96,gaze_zone/left_mirror,left_mirror,False,hands_on_wheel/both_hands,both_hands
97,gaze_zone/left_mirror,left_mirror,False,hands_on_wheel/both_hands,both_hands
98,gaze_zone/left_mirror,left_mirror,False,hands_on_wheel/both_hands,both_hands
99,gaze_zone/left_mirror,left_mirror,False,hands_on_wheel/both_hands,both_hands
100,gaze_zone/left_mirror,left_mirror,False,hands_on_wheel/both_hands,both_hands
101,gaze_zone/left_mirror,left_mirror,False,hands_on_wheel/both_hands,both_hands
102,gaze_zone/left_mirror,left_mirror,False,hands_on_wheel/both_hands,both_hands
103,gaze_zone/left_mirror,left_mirror,False,hands_on_wheel/both_hands,both_hands
104,gaze_zone/left_mirror,left_mirror,False,hands_on_wheel/both_hands,both_hands
105,gaze_zone/left_mirror,left_mirror,False,hands_on_wheel/both_hands,both_hands
106,gaze_zone/left_mirror,left_mirror,False,hands_on_wheel/both_hands,both_hands
107,gaze_zone/left_mirror,left_mirror,False,hands_on_wheel/both_hands,both_hands
108,gaze_zone/left_mirror,left_mirror,False,hands_on_wheel/both_hands,both_hands
109,gaze_zone/left_mirror,left_mirror,False,hands_on_wheel/both_hands,both_hands
110,gaze_zone/left_mirror,left_mirror,False,hands_on_wheel/both_hands,both_hands
111,gaze_zone/left_mirror,left_mirror,False,hands_on_wheel/both_hands,both_hands
112,gaze_zone/left_mirror,left_mirror,False,hands_on_wheel/both_hands,both_hands
113,gaze_zone/left_mirror,left_mirror,False,hands_on_wheel/both_hands,both_hands
114,gaze_zone/left_mirror,left_mirror,False,hands_on_wheel/both_hands,both_hands
115,gaze_zone/left_mirror,left_mirror,False,hands_on_wheel/both_hands,both_hands
116,gaze_zone/left_mirror,left_mirror,False,hands_on_wheel/both_hands,both_hands
117,gaze_zone/left_mirror,left_mirror,False,hands_on_wheel/both_hands,both_hands
118,gaze_zone/left_mirror,left_mirror,False,hands_on_wheel/both_hands,both_hands
119,gaze_zone/left_mirror,left_mirror,False,hands_on_wheel/both_hands,both_hands
120,gaze_zone/left_mirror,left_mirror,False,hands_on_wheel/both_hands,both_hands
121,gaze_zone/left_mirror,left_mirror,False,hands_on_wheel/both_hands,both_hands
122,gaze_zone/left_mirror,left_mirror,True,hands_on_wheel/both_hands,both_hands
123,gaze_zone/left_mirror,left_mirror,True,hands_on_wheel/both_hands,both_hands
124,gaze_zone/left_mirror,left_mirror,True,hands_on_wheel/both_hands,both_hands
125,gaze_zone/left_mirror,left_mirror,True,hands_on_wheel/both_hands,both_hands
126,gaze_zone/left_mirror,left_mirror,True,hands_on_wheel/both_hands,both_hands
127,gaze_zone/left_mirror,left_mirror,True,hands_on_wheel/both_hands,both_hands
128,gaze_zone/left_mirror,left_mirror,True,hands_on_wheel/both_hands,both_hands
129,gaze_zone/left_mirror,left_mirror,True,hands_on_wheel/both_hands,both_hands
130,gaze_zone/left_mirror,left_mirror,True,hands_on_wheel/both_hands,both_hands
131,gaze_zone/left_mirror,left_mirror,True,hands_on_wheel/both_hands,both_hands
132,gaze_zone/left_mirror,left_mirror,True,hands_on_wheel/both_hands,both_hands
133,gaze_zone/left_mirror,left_mirror,True,hands_on_wheel/both_hands,both_hands
134,gaze_zone/left_mirror,left_mirror,True,hands_on_wheel/both_hands,both_hands
135,gaze_zone/left_mirror,left_mirror,True,hands_on_wheel/both_hands,both_hands
136,gaze_zone/left_mirror,left_mirror,True,hands_on_wheel/both_hands,both_hands
137,gaze_zone/left_mirror,left_mirror,True,hands_on_wheel/both_hands,both_hands
138,gaze_zone/left_mirror,left_mirror,True,hands_on_wheel/both_hands,both_hands
139,gaze_zone/left_mirror,left_mirror,True,hands_on_wheel/both_hands,both_hands
140,gaze_zone/left_mirror,left_mirror,False,hands_on_wheel/both_hands,both_hands
141,gaze_zone/left_mirror,left_mirror,False,hands_on_wheel/both_hands,both_hands
142,gaze_zone/left_mirror,left_mirror,False,hands_on_wheel/both_hands,both_hands
143,gaze_zone/left_mirror,left_mirror,False,hands_on_wheel/both_hands,both_hands
144,gaze_zone/left_mirror,left_mirror,False,hands_on_wheel/both_hands,both_hands
145,gaze_zone/left_mirror,left_mirror,False,hands_on_wheel/both_hands,both_hands
146,gaze_zone/left_mirror,left_mirror,False,hands_on_wheel/both_hands,both_hands
147,gaze_zone/front,front,False,hands_on_wheel/both_hands,both_hands
148,gaze_zone/front,front,False,hands_on_wheel/both_hands,both_hands
149,gaze_zone/front,front,False,hands_on_wheel/both_hands,both_hands
150,gaze_zone/front,front,False,hands_on_wheel/both_hands,both_hands
151,gaze_zone/front,front,False,hands_on_wheel/both_hands,both_hands
152,gaze_zone/front,front,False,hands_on_wheel/both_hands,both_hands
153,gaze_zone/front,front,False,hands_on_wheel/both_hands,both_hands
154,gaze_zone/front,front,False,hands_on_wheel/both_hands,both_hands
155,gaze_zone/front,front,True,hands_on_wheel/both_hands,both_hands
156,gaze_zone/front,front,True,hands_on_wheel/both_hands,both_hands
157,gaze_zone/front,front,True,hands_on_wheel/both_hands,both_hands
158,gaze_zone/front,front,True,hands_on_wheel/both_hands,both_hands
159,gaze_zone/front,front,True,hands_on_wheel/both_hands,both_hands
160,gaze_zone/front,front,True,hands_on_wheel/both_hands,both_hands
161,gaze_zone/front,front,True,hands_on_wheel/both_hands,both_hands
162,gaze_zone/front,front,True,hands_on_wheel/both_hands,both_hands
163,gaze_zone/front,front,True,hands_on_wheel/both_hands,both_hands
164,gaze_zone/front,front,True,hands_on_wheel/both_hands,both_hands
165,gaze_zone/front,front,True,hands_on_wheel/both_hands,both_hands
166,gaze_zone/front,front,True,hands_on_wheel/both_hands,both_hands
167,gaze_zone/front,front,False,hands_on_wheel/both_hands,both_hands
168,gaze_zone/left_mirror,left_mirror,False,hands_on_wheel/both_hands,both_hands
169,gaze_zone/left_mirror,left_mirror,False,hands_on_wheel/both_hands,both_hands
170,gaze_zone/left_mirror,left_mirror,False,hands_on_wheel/both_hands,both_hands
171,gaze_zone/left_mirror,left_mirror,False,hands_on_wheel/both_hands,both_hands
172,gaze_zone/left_mirror,left_mirror,False,hands_on_wheel/both_hands,both_hands
173,gaze_zone/left_mirror,left_mirror,False,hands_on_wheel/both_hands,both_hands
174,gaze_zone/left_mirror,left_mirror,False,hands_on_wheel/both_hands,both_hands
175,gaze_zone/left_mirror,left_mirror,False,hands_on_wheel/both_hands,both_hands
176,gaze_zone/left_mirror,left_mirror,False,hands_on_wheel/both_hands,both_hands
177,gaze_zone/left_mirror,left_mirror,False,hands_on_wheel/both_hands,both_hands
178,gaze_zone/left_mirror,left_mirror,False,hands_on_wheel/both_hands,both_hands
179,gaze_zone/left_mirror,left_mirror,False,hands_on_wheel/both_hands,both_hands
180,gaze_zone/left_mirror,left_mirror,False,hands_on_wheel/both_hands,both_hands
181,gaze_zone/left_mirror,left_mirror,False,hands_on_wheel/both_hands,both_hands
182,gaze_zone/left_mirror,left_mirror,False,hands_on_wheel/both_hands,both_hands
183,gaze_zone/left_mirror,left_mirror,False,hands_on_wheel/both_hands,both_hands
184,gaze_zone/left_mirror,left_mirror,False,hands_on_wheel/both_hands,both_hands
185,gaze_zone/left_mirror,left_mirror,False,hands_on_wheel/both_hands,both_hands
186,gaze_zone/left_mirror,left_mirror,False,hands_on_wheel/both_hands,both_hands
187,gaze_zone/left_mirror,left_mirror,False,hands_on_wheel/both_hands,both_hands
188,gaze_zone/left_mirror,left_mirror,False,hands_on_wheel/both_hands,both_hands
189,gaze_zone/left_mirror,left_mirror,False,hands_on_wheel/both_hands,both_hands
190,gaze_zone/left_mirror,left_mirror,False,hands_on_wheel/both_hands,both_hands
191,gaze_zone/left_mirror,left_mirror,False,hands_on_wheel/both_hands,both_hands
192,gaze_zone/left_mirror,left_mirror,False,hands_on_wheel/both_hands,both_hands
193,gaze_zone/left_mirror,left_mirror,False,hands_on_wheel/both_hands,both_hands
194,gaze_zone/left_mirror,left_mirror,False,hands_on_wheel/both_hands,both_hands
195,gaze_zone/left_mirror,left_mirror,False,hands_on_wheel/both_hands,both_hands
196,gaze_zone/left_mirror,left_mirror,False,hands_on_wheel/both_hands,both_hands
197,gaze_zone/left_mirror,left_mirror,False,hands_on_wheel/both_hands,both_hands
198,gaze_zone/left_mirror,left_mirror,False,hands_on_wheel/both_hands,both_hands
199,gaze_zone/left_mirror,left_mirror,False,hands_on_wheel/both_hands,both_hands
200,gaze_zone/left_mirror,left_mirror,False,hands_on_wheel/both_hands,both_hands
201,gaze_zone/left_mirror,left_mirror,False,hands_on_wheel/both_hands,both_hands
202,gaze_zone/left_mirror,left_mirror,False,hands_on_wheel/both_hands,both_hands
203,gaze_zone/left_mirror,left_mirror,False,hands_on_wheel/both_hands,both_hands
204,gaze_zone/left_mirror,left_mirror,False,hands_on_wheel/both_hands,both_hands
205,gaze_zone/left_mirror,left_mirror,False,hands_on_wheel/both_hands,both_hands
206,gaze_zone/left_mirror,left_mirror,False,hands_on_wheel/both_hands,both_hands
207,gaze_zone/left_mirror,left_mirror,False,hands_on_wheel/both_hands,both_hands
208,gaze_zone/left_mirror,left_mirror,False,hands_on_wheel/both_hands,both_hands
209,gaze_zone/left_mirror,left_mirror,False,hands_on_wheel/both_hands,both_hands
210,gaze_zone/left_mirror,left_mirror,False,hands_on_wheel/both_hands,both_hands
211,gaze_zone/left_mirror,left_mirror,False,hands_on_wheel/both_hands,both_hands
212,gaze_zone/left_mirror,left_mirror,False,hands_on_wheel/both_hands,both_hands
213,gaze_zone/left_mirror,left_mirror,False,hands_on_wheel/both_hands,both_hands
214,gaze_zone/left_mirror,left_mirror,False,hands_on_wheel/both_hands,both_hands
215,gaze_zone/left_mirror,left_mirror,False,hands_on_wheel/both_hands,both_hands
216,gaze_zone/left_mirror,left_mirror,False,hands_on_wheel/both_hands,both_hands
217,gaze_zone/left_mirror,left_mirror,False,hands_on_wheel/both_hands,both_hands
218,gaze_zone/left_mirror,left_mirror,False,hands_on_wheel/both_hands,both_hands
219,gaze_zone/left_mirror,left_mirror,False,hands_on_wheel/both_hands,both_hands
220,gaze_zone/left_mirror,left_mirror,False,hands_on_wheel/both_hands,both_hands
221,gaze_zone/left_mirror,left_mirror,False,hands_on_wheel/both_hands,both_hands
222,gaze_zone/left_mirror,left_mirror,False,hands_on_wheel/both_hands,both_hands
223,gaze_zone/left_mirror,left_mirror,False,hands_on_wheel/both_hands,both_hands
224,gaze_zone/left_mirror,left_mirror,False,hands_on_wheel/both_hands,both_hands
225,gaze_zone/left_mirror,left_mirror,False,hands_on_wheel/both_hands,both_hands
226,gaze_zone/left_mirror,left_mirror,False,hands_on_wheel/both_hands,both_hands
227,gaze_zone/left_mirror,left_mirror,False,hands_on_wheel/both_hands,both_hands
228,gaze_zone/left_mirror,left_mirror,False,hands_on_wheel/both_hands,both_hands
229,gaze_zone/left_mirror,left_mirror,False,hands_on_wheel/both_hands,both_hands
230,gaze_zone/left_mirror,left_mirror,False,hands_on_wheel/both_hands,both_hands
231,gaze_zone/left_mirror,left_mirror,False,hands_on_wheel/both_hands,both_hands
232,gaze_zone/left_mirror,left_mirror,False,hands_on_wheel/both_hands,both_hands
233,gaze_zone/left_mirror,left_mirror,False,hands_on_wheel/both_hands,both_hands
234,gaze_zone/left_mirror,left_mirror,False,hands_on_wheel/both_hands,both_hands
235,gaze_zone/left_mirror,left_mirror,False,hands_on_wheel/both_hands,both_hands
236,gaze_zone/left_mirror,left_mirror,False,hands_on_wheel/both_hands,both_hands
237,gaze_zone/left_mirror,left_mirror,False,hands_on_wheel/both_hands,both_hands
238,gaze_zone/left_mirror,left_mirror,False,hands_on_wheel/both_hands,both_hands
239,gaze_zone/left_mirror,left_mirror,False,hands_on_wheel/both_hands,both_hands
240,gaze_zone/left_mirror,left_mirror,False,hands_on_wheel/both_hands,both_hands
241,gaze_zone/left_mirror,left_mirror,False,hands_on_wheel/both_hands,both_hands
242,gaze_zone/left_mirror,left_mirror,False,hands_on_wheel/both_hands,both_hands
243,gaze_zone/left_mirror,left_mirror,False,hands_on_wheel/both_hands,both_hands
244,gaze_zone/left_mirror,left_mirror,False,hands_on_wheel/both_hands,both_hands
245,gaze_zone/left_mirror,left_mirror,False,hands_on_wheel/both_hands,both_hands
246,gaze_zone/left_mirror,left_mirror,False,hands_on_wheel/both_hands,both_hands
247,gaze_zone/left_mirror,left_mirror,False,hands_on_wheel/both_hands,both_hands
248,gaze_zone/left_mirror,left_mirror,False,hands_on_wheel/both_hands,both_hands
249,gaze_zone/left_mirror,left_mirror,False,hands_on_wheel/both_hands,both_hands
250,gaze_zone/left_mirror,left_mirror,False,hands_on_wheel/both_hands,both_hands
251,gaze_zone/left_mirror,left_mirror,False,hands_on_wheel/both_hands,both_hands
252,gaze_zone/left_mirror,left_mirror,False,hands_on_wheel/both_hands,both_hands
253,gaze_zone/left_mirror,left_mirror,False,hands_on_wheel/both_hands,both_hands
254,gaze_zone/left_mirror,left_mirror,False,hands_on_wheel/both_hands,both_hands
255,gaze_zone/left_mirror,left_mirror,False,hands_on_wheel/both_hands,both_hands
256,gaze_zone/left_mirror,left_mirror,False,hands_on_wheel/both_hands,both_hands
257,gaze_zone/left_mirror,left_mirror,False,hands_on_wheel/both_hands,both_hands
258,gaze_zone/left_mirror,left_mirror,False,hands_on_wheel/both_hands,both_hands
259,gaze_zone/left_mirror,left_mirror,False,hands_on_wheel/both_hands,both_hands
260,gaze_zone/left_mirror,left_mirror,False,hands_on_wheel/both_hands,both_hands
261,gaze_zone/left_mirror,left_mirror,False,hands_on_wheel/both_hands,both_hands
262,gaze_zone/left_mirror,left_mirror,False,hands_on_wheel/both_hands,both_hands
263,gaze_zone/left_mirror,left_mirror,False,hands_on_wheel/both_hands,both_hands
264,gaze_zone/left_mirror,left_mirror,False,hands_on_wheel/both_hands,both_hands
265,gaze_zone/left_mirror,left_mirror,False,hands_on_wheel/both_hands,both_hands
266,gaze_zone/left_mirror,left_mirror,False,hands_on_wheel/both_hands,both_hands
267,gaze_zone/left_mirror,left_mirror,True,hands_on_wheel/both_hands,both_hands
268,gaze_zone/left_mirror,left_mirror,True,hands_on_wheel/both_hands,both_hands
269,gaze_zone/left_mirror,left_mirror,True,hands_on_wheel/both_hands,both_hands
270,gaze_zone/left_mirror,left_mirror,True,hands_on_wheel/both_hands,both_hands
271,gaze_zone/left_mirror,left_mirror,True,hands_on_wheel/both_hands,both_hands
272,gaze_zone/left_mirror,left_mirror,True,hands_on_wheel/both_hands,both_hands
273,gaze_zone/left,left,True,hands_on_wheel/both_hands,both_hands
274,gaze_zone/left,left,True,hands_on_wheel/both_hands,both_hands
275,gaze_zone/left,left,True,hands_on_wheel/both_hands,both_hands
276,gaze_zone/left,left,True,hands_on_wheel/both_hands,both_hands
277,gaze_zone/left,left,False,hands_on_wheel/both_hands,both_hands
278,gaze_zone/left,left,False,hands_on_wheel/both_hands,both_hands
279,gaze_zone/left,left,False,hands_on_wheel/both_hands,both_hands
280,gaze_zone/left,left,False,hands_on_wheel/both_hands,both_hands
281,gaze_zone/left,left,False,hands_on_wheel/both_hands,both_hands
282,gaze_zone/left,left,False,hands_on_wheel/both_hands,both_hands
283,gaze_zone/left,left,False,hands_on_wheel/both_hands,both_hands
284,gaze_zone/left,left,False,hands_on_wheel/both_hands,both_hands
285,gaze_zone/left,left,False,hands_on_wheel/both_hands,both_hands
286,gaze_zone/left,left,False,hands_on_wheel/both_hands,both_hands
287,gaze_zone/left,left,False,hands_on_wheel/both_hands,both_hands
288,gaze_zone/left,left,False,hands_on_wheel/both_hands,both_hands
289,gaze_zone/left,left,False,hands_on_wheel/both_hands,both_hands
290,gaze_zone/left,left,False,hands_on_wheel/both_hands,both_hands
291,gaze_zone/left,left,False,hands_on_wheel/both_hands,both_hands
292,gaze_zone/left,left,False,hands_on_wheel/both_hands,both_hands
293,gaze_zone/left,left,False,hands_on_wheel/both_hands,both_hands
294,gaze_zone/left,left,False,hands_on_wheel/both_hands,both_hands
295,gaze_zone/left,left,False,hands_on_wheel/both_hands,both_hands
296,gaze_zone/left,left,False,hands_on_wheel/both_hands,both_hands
297,gaze_zone/left,left,False,hands_on_wheel/both_hands,both_hands
298,gaze_zone/left,left,False,hands_on_wheel/both_hands,both_hands
299,gaze_zone/left,left,False,hands_on_wheel/both_hands,both_hands
300,gaze_zone/left,left,False,hands_on_wheel/both_hands,both_hands
301,gaze_zone/left,left,False,hands_on_wheel/both_hands,both_hands
302,gaze_zone/left,left,False,hands_on_wheel/both_hands,both_hands
303,gaze_zone/left,left,True,hands_on_wheel/both_hands,both_hands
304,gaze_zone/left,left,True,hands_on_wheel/both_hands,both_hands
305,gaze_zone/left,left,True,hands_on_wheel/both_hands,both_hands
306,gaze_zone/left,left,True,hands_on_wheel/both_hands,both_hands
307,gaze_zone/left,left,True,hands_on_wheel/both_hands,both_hands
308,gaze_zone/left,left,True,hands_on_wheel/both_hands,both_hands
309,gaze_zone/left,left,True,hands_on_wheel/both_hands,both_hands
310,gaze_zone/left,left,True,hands_on_wheel/both_hands,both_hands
311,gaze_zone/left,left,True,hands_on_wheel/both_hands,both_hands
312,gaze_zone/left,left,True,hands_on_wheel/both_hands,both_hands
313,gaze_zone/left,left,True,hands_on_wheel/both_hands,both_hands
314,gaze_zone/left,left,False,hands_on_wheel/both_hands,both_hands
315,gaze_zone/left,left,False,hands_on_wheel/both_hands,both_hands
316,gaze_zone/left,left,False,hands_on_wheel/both_hands,both_hands
317,gaze_zone/left,left,False,hands_on_wheel/both_hands,both_hands
318,gaze_zone/left,left,False,hands_on_wheel/both_hands,both_hands
319,gaze_zone/left,left,False,hands_on_wheel/both_hands,both_hands
320,gaze_zone/left,left,False,hands_on_wheel/both_hands,both_hands
321,gaze_zone/left,left,False,hands_on_wheel/both_hands,both_hands
322,gaze_zone/left,left,False,hands_on_wheel/both_hands,both_hands
323,gaze_zone/left,left,False,hands_on_wheel/both_hands,both_hands
324,gaze_zone/left,left,False,hands_on_wheel/both_hands,both_hands
325,gaze_zone/left,left,False,hands_on_wheel/both_hands,both_hands
326,gaze_zone/left,left,False,hands_on_wheel/both_hands,both_hands
327,gaze_zone/left,left,False,hands_on_wheel/both_hands,both_hands
328,gaze_zone/left,left,False,hands_on_wheel/both_hands,both_hands
329,gaze_zone/left,left,False,hands_on_wheel/both_hands,both_hands
330,gaze_zone/left,left,False,hands_on_wheel/both_hands,both_hands
331,gaze_zone/left,left,False,hands_on_wheel/both_hands,both_hands
332,gaze_zone/left,left,False,hands_on_wheel/both_hands,both_hands
333,gaze_zone/left,left,False,hands_on_wheel/both_hands,both_hands
334,gaze_zone/left,left,False,hands_on_wheel/both_hands,both_hands
335,gaze_zone/left,left,False,hands_on_wheel/both_hands,both_hands
336,gaze_zone/left,left,False,hands_on_wheel/both_hands,both_hands
337,gaze_zone/left,left,False,hands_on_wheel/both_hands,both_hands
338,gaze_zone/left,left,False,hands_on_wheel/both_hands,both_hands
339,gaze_zone/left,left,False,hands_on_wheel/both_hands,both_hands
340,gaze_zone/left,left,False,hands_on_wheel/both_hands,both_hands
341,gaze_zone/left,left,False,hands_on_wheel/both_hands,both_hands
342,gaze_zone/left,left,False,hands_on_wheel/both_hands,both_hands
343,gaze_zone/left,left,False,hands_on_wheel/both_hands,both_hands
344,gaze_zone/left,left,False,hands_on_wheel/both_hands,both_hands
345,gaze_zone/left,left,False,hands_on_wheel/both_hands,both_hands
346,gaze_zone/left,left,False,hands_on_wheel/both_hands,both_hands
347,gaze_zone/left,left,False,hands_on_wheel/both_hands,both_hands
348,gaze_zone/left,left,False,hands_on_wheel/both_hands,both_hands
349,gaze_zone/left,left,False,hands_on_wheel/both_hands,both_hands
350,gaze_zone/left,left,False,hands_on_wheel/both_hands,both_hands
351,gaze_zone/left,left,False,hands_on_wheel/both_hands,both_hands
352,gaze_zone/left,left,False,hands_on_wheel/both_hands,both_hands
353,gaze_zone/left,left,False,hands_on_wheel/both_hands,both_hands
354,gaze_zone/left,left,False,hands_on_wheel/both_hands,both_hands
355,gaze_zone/left,left,False,hands_on_wheel/both_hands,both_hands
356,gaze_zone/left,left,False,hands_on_wheel/both_hands,both_hands
357,gaze_zone/left,left,False,hands_on_wheel/both_hands,both_hands
358,gaze_zone/left,left,False,hands_on_wheel/both_hands,both_hands
359,gaze_zone/left,left,False,hands_on_wheel/both_hands,both_hands
360,gaze_zone/left,left,False,hands_on_wheel/both_hands,both_hands
361,gaze_zone/left,left,False,hands_on_wheel/both_hands,both_hands
362,gaze_zone/left,left,False,hands_on_wheel/both_hands,both_hands
363,gaze_zone/left,left,False,hands_on_wheel/both_hands,both_hands
364,gaze_zone/left,left,False,hands_on_wheel/both_hands,both_hands
365,gaze_zone/left,left,False,hands_on_wheel/both_hands,both_hands
366,gaze_zone/left,left,False,hands_on_wheel/both_hands,both_hands
367,gaze_zone/left,left,False,hands_on_wheel/both_hands,both_hands
368,gaze_zone/left,left,False,hands_on_wheel/both_hands,both_hands
369,gaze_zone/left,left,False,hands_on_wheel/both_hands,both_hands
370,gaze_zone/left,left,False,hands_on_wheel/both_hands,both_hands
371,gaze_zone/left,left,False,hands_on_wheel/both_hands,both_hands
372,gaze_zone/left,left,False,hands_on_wheel/both_hands,both_hands
373,gaze_zone/left,left,False,hands_on_wheel/both_hands,both_hands
374,gaze_zone/left,left,False,hands_on_wheel/both_hands,both_hands
375,gaze_zone/left,left,False,hands_on_wheel/both_hands,both_hands
376,gaze_zone/left,left,False,hands_on_wheel/both_hands,both_hands
377,gaze_zone/left,left,False,hands_on_wheel/both_hands,both_hands
378,gaze_zone/left,left,False,hands_on_wheel/both_hands,both_hands
379,gaze_zone/left,left,False,hands_on_wheel/both_hands,both_hands
380,gaze_zone/left,left,False,hands_on_wheel/both_hands,both_hands
381,gaze_zone/left,left,False,hands_on_wheel/both_hands,both_hands
382,gaze_zone/left,left,False,hands_on_wheel/both_hands,both_hands
383,gaze_zone/left,left,False,hands_on_wheel/both_hands,both_hands
384,gaze_zone/left,left,False,hands_on_wheel/both_hands,both_hands
385,gaze_zone/left,left,False,hands_on_wheel/both_hands,both_hands
386,gaze_zone/left,left,False,hands_on_wheel/both_hands,both_hands
387,gaze_zone/left,left,False,hands_on_wheel/both_hands,both_hands
388,gaze_zone/left,left,False,hands_on_wheel/both_hands,both_hands
389,gaze_zone/left,left,False,hands_on_wheel/both_hands,both_hands
390,gaze_zone/left,left,False,hands_on_wheel/both_hands,both_hands
391,gaze_zone/left,left,False,hands_on_wheel/both_hands,both_hands
392,gaze_zone/left,left,False,hands_on_wheel/both_hands,both_hands
393,gaze_zone/left,left,False,hands_on_wheel/both_hands,both_hands
394,gaze_zone/left,left,False,hands_on_wheel/both_hands,both_hands
395,gaze_zone/left,left,False,hands_on_wheel/both_hands,both_hands
396,gaze_zone/left,left,False,hands_on_wheel/both_hands,both_hands
397,gaze_zone/left,left,False,hands_on_wheel/both_hands,both_hands
398,gaze_zone/left,left,False,hands_on_wheel/both_hands,both_hands
399,gaze_zone/left,left,False,hands_on_wheel/both_hands,both_hands
400,gaze_zone/left,left,False,hands_on_wheel/both_hands,both_hands
401,gaze_zone/left,left,False,hands_on_wheel/both_hands,both_hands
402,gaze_zone/left,left,True,hands_on_wheel/both_hands,both_hands
403,gaze_zone/left,left,True,hands_on_wheel/both_hands,both_hands
404,gaze_zone/left,left,True,hands_on_wheel/both_hands,both_hands
405,gaze_zone/left,left,True,hands_on_wheel/both_hands,both_hands
406,gaze_zone/left,left,True,hands_on_wheel/both_hands,both_hands
407,gaze_zone/left,left,True,hands_on_wheel/both_hands,both_hands
408,gaze_zone/left,left,True,hands_on_wheel/both_hands,both_hands
409,gaze_zone/left,left,True,hands_on_wheel/both_hands,both_hands
410,gaze_zone/left,left,True,hands_on_wheel/both_hands,both_hands
411,gaze_zone/left,left,True,hands_on_wheel/both_hands,both_hands
412,gaze_zone/left,left,True,hands_on_wheel/both_hands,both_hands
413,gaze_zone/left,left,False,hands_on_wheel/both_hands,both_hands
414,gaze_zone/left,left,False,hands_on_wheel/both_hands,both_hands
415,gaze_zone/left,left,False,hands_on_wheel/both_hands,both_hands
416,gaze_zone/left,left,False,hands_on_wheel/both_hands,both_hands
417,gaze_zone/left,left,False,hands_on_wheel/both_hands,both_hands
418,gaze_zone/left,left,False,hands_on_wheel/both_hands,both_hands
419,gaze_zone/left,left,False,hands_on_wheel/both_hands,both_hands
420,gaze_zone/left,left,False,hands_on_wheel/both_hands,both_hands
421,gaze_zone/left,left,False,hands_on_wheel/both_hands,both_hands
422,gaze_zone/left,left,False,hands_on_wheel/both_hands,both_hands
423,gaze_zone/left,left,False,hands_on_wheel/both_hands,both_hands
424,gaze_zone/left,left,False,hands_on_wheel/both_hands,both_hands
425,gaze_zone/left,left,False,hands_on_wheel/both_hands,both_hands
426,gaze_zone/left,left,True,hands_on_wheel/both_hands,both_hands
427,gaze_zone/left,left,True,hands_on_wheel/both_hands,both_hands
428,gaze_zone/left,left,True,hands_on_wheel/both_hands,both_hands
429,gaze_zone/left,left,True,hands_on_wheel/both_hands,both_hands
430,gaze_zone/left,left,True,hands_on_wheel/both_hands,both_hands
431,gaze_zone/left,left,True,hands_on_wheel/both_hands,both_hands
432,gaze_zone/left,left,True,hands_on_wheel/both_hands,both_hands
433,gaze_zone/left,left,True,hands_on_wheel/both_hands,both_hands
434,gaze_zone/left,left,True,hands_on_wheel/both_hands,both_hands
435,gaze_zone/left,left,True,hands_on_wheel/both_hands,both_hands
436,gaze_zone/left,left,True,hands_on_wheel/both_hands,both_hands
437,gaze_zone/left,left,True,hands_on_wheel/both_hands,both_hands
438,gaze_zone/left,left,True,hands_on_wheel/both_hands,both_hands
439,gaze_zone/left,left,True,hands_on_wheel/both_hands,both_hands
440,gaze_zone/left,left,True,hands_on_wheel/both_hands,both_hands
441,gaze_zone/left,left,True,hands_on_wheel/both_hands,both_hands
442,gaze_zone/left,left,True,hands_on_wheel/both_hands,both_hands
443,gaze_zone/left,left,True,hands_on_wheel/both_hands,both_hands
444,gaze_zone/left,left,False,hands_on_wheel/both_hands,both_hands
445,gaze_zone/left,left,False,hands_on_wheel/both_hands,both_hands
446,gaze_zone/left,left,False,hands_on_wheel/both_hands,both_hands
447,gaze_zone/left,left,False,hands_on_wheel/both_hands,both_hands
448,gaze_zone/left,left,False,hands_on_wheel/both_hands,both_hands
449,gaze_zone/left,left,False,hands_on_wheel/both_hands,both_hands
450,gaze_zone/left,left,False,hands_on_wheel/both_hands,both_hands
451,gaze_zone/left,left,False,hands_on_wheel/both_hands,both_hands
452,gaze_zone/left,left,False,hands_on_wheel/both_hands,both_hands
453,gaze_zone/left,left,False,hands_on_wheel/both_hands,both_hands
454,gaze_zone/left,left,False,hands_on_wheel/both_hands,both_hands
455,gaze_zone/left,left,False,hands_on_wheel/both_hands,both_hands
456,gaze_zone/left,left,False,hands_on_wheel/both_hands,both_hands
457,gaze_zone/left,left,False,hands_on_wheel/both_hands,both_hands
458,gaze_zone/left,left,False,hands_on_wheel/both_hands,both_hands
459,gaze_zone/left,left,False,hands_on_wheel/both_hands,both_hands
460,gaze_zone/left,left,False,hands_on_wheel/both_hands,both_hands
461,gaze_zone/left,left,False,hands_on_wheel/both_hands,both_hands
462,gaze_zone/left,left,False,hands_on_wheel/both_hands,both_hands
463,gaze_zone/left,left,True,hands_on_wheel/both_hands,both_hands
464,gaze_zone/left,left,True,hands_on_wheel/both_hands,both_hands
465,gaze_zone/left,left,True,hands_on_wheel/both_hands,both_hands
466,gaze_zone/left,left,True,hands_on_wheel/both_hands,both_hands
467,gaze_zone/front,front,True,hands_on_wheel/both_hands,both_hands
468,gaze_zone/front,front,True,hands_on_wheel/both_hands,both_hands
469,gaze_zone/front,front,True,hands_on_wheel/both_hands,both_hands
470,gaze_zone/front,front,True,hands_on_wheel/both_hands,both_hands
471,gaze_zone/front,front,True,hands_on_wheel/both_hands,both_hands
472,gaze_zone/front,front,False,hands_on_wheel/both_hands,both_hands
473,gaze_zone/front,front,False,hands_on_wheel/both_hands,both_hands
474,gaze_zone/front,front,False,hands_on_wheel/both_hands,both_hands
475,gaze_zone/front,front,False,hands_on_wheel/both_hands,both_hands
476,gaze_zone/front,front,False,hands_on_wheel/both_hands,both_hands
477,gaze_zone/front,front,True,hands_on_wheel/both_hands,both_hands
478,gaze_zone/front,front,True,hands_on_wheel/both_hands,both_hands
479,gaze_zone/front,front,True,hands_on_wheel/both_hands,both_hands
480,gaze_zone/front,front,True,hands_on_wheel/both_hands,both_hands
481,gaze_zone/front,front,True,hands_on_wheel/both_hands,both_hands
482,gaze_zone/front,front,True,hands_on_wheel/both_hands,both_hands
483,gaze_zone/front,front,True,hands_on_wheel/both_hands,both_hands
484,gaze_zone/front,front,True,hands_on_wheel/both_hands,both_hands
485,gaze_zone/front,front,True,hands_on_wheel/both_hands,both_hands
486,gaze_zone/front,front,False,hands_on_wheel/both_hands,both_hands
487,gaze_zone/front,front,False,hands_on_wheel/both_hands,both_hands
488,gaze_zone/front,front,False,hands_on_wheel/both_hands,both_hands
489,gaze_zone/front,front,False,hands_on_wheel/both_hands,both_hands
490,gaze_zone/front,front,False,hands_on_wheel/both_hands,both_hands
491,gaze_zone/front,front,False,hands_on_wheel/both_hands,both_hands
492,gaze_zone/front,front,False,hands_on_wheel/both_hands,both_hands
493,gaze_zone/front,front,False,hands_on_wheel/both_hands,both_hands
494,gaze_zone/front,front,False,hands_on_wheel/both_hands,both_hands
495,gaze_zone/front,front,False,hands_on_wheel/both_hands,both_hands
496,gaze_zone/front,front,False,hands_on_wheel/both_hands,both_hands
497,gaze_zone/front,front,False,hands_on_wheel/both_hands,both_hands
498,gaze_zone/front,front,True,hands_on_wheel/both_hands,both_hands
499,gaze_zone/front,front,True,hands_on_wheel/both_hands,both_hands
500,gaze_zone/front,front,True,hands_on_wheel/both_hands,both_hands
501,gaze_zone/front,front,True,hands_on_wheel/both_hands,both_hands
502,gaze_zone/front,front,True,hands_on_wheel/both_hands,both_hands
503,gaze_zone/front,front,True,hands_on_wheel/both_hands,both_hands
504,gaze_zone/front,front,True,hands_on_wheel/both_hands,both_hands
505,gaze_zone/front,front,True,hands_on_wheel/both_hands,both_hands
506,gaze_zone/front,front,False,hands_on_wheel/both_hands,both_hands
507,gaze_zone/front,front,False,hands_on_wheel/both_hands,both_hands
508,gaze_zone/front,front,False,hands_on_wheel/both_hands,both_hands
509,gaze_zone/front,front,True,hands_on_wheel/both_hands,both_hands
510,gaze_zone/front,front,True,hands_on_wheel/both_hands,both_hands
511,gaze_zone/front,front,True,hands_on_wheel/both_hands,both_hands
512,gaze_zone/front,front,True,hands_on_wheel/both_hands,both_hands
513,gaze_zone/front,front,True,hands_on_wheel/both_hands,both_hands
514,gaze_zone/front,front,True,hands_on_wheel/both_hands,both_hands
515,gaze_zone/front,front,True,hands_on_wheel/both_hands,both_hands
516,gaze_zone/front,front,True,hands_on_wheel/both_hands,both_hands
517,gaze_zone/front,front,False,hands_on_wheel/both_hands,both_hands
518,gaze_zone/front,front,False,hands_on_wheel/both_hands,both_hands
519,gaze_zone/front,front,False,hands_on_wheel/both_hands,both_hands
520,gaze_zone/front,front,False,hands_on_wheel/both_hands,both_hands
521,gaze_zone/front,front,False,hands_on_wheel/both_hands,both_hands
522,gaze_zone/front,front,False,hands_on_wheel/both_hands,both_hands
523,gaze_zone/front,front,False,hands_on_wheel/both_hands,both_hands
524,gaze_zone/front,front,False,hands_on_wheel/both_hands,both_hands
525,gaze_zone/front,front,False,hands_on_wheel/both_hands,both_hands
526,gaze_zone/front,front,False,hands_on_wheel/both_hands,both_hands
527,gaze_zone/front,front,False,hands_on_wheel/both_hands,both_hands
528,gaze_zone/front,front,False,hands_on_wheel/both_hands,both_hands
529,gaze_zone/front,front,False,hands_on_wheel/both_hands,both_hands
530,gaze_zone/front,front,True,hands_on_wheel/both_hands,both_hands
531,gaze_zone/front,front,True,hands_on_wheel/both_hands,both_hands
532,gaze_zone/front,front,True,hands_on_wheel/both_hands,both_hands
533,gaze_zone/front,front,True,hands_on_wheel/both_hands,both_hands
534,gaze_zone/front,front,True,hands_on_wheel/both_hands,both_hands
535,gaze_zone/front,front,True,hands_on_wheel/both_hands,both_hands
536,gaze_zone/front,front,True,hands_on_wheel/both_hands,both_hands
537,gaze_zone/front,front,True,hands_on_wheel/both_hands,both_hands
538,gaze_zone/front,front,True,hands_on_wheel/both_hands,both_hands
539,gaze_zone/front,front,True,hands_on_wheel/both_hands,both_hands
540,gaze_zone/front,front,True,hands_on_wheel/both_hands,both_hands
541,gaze_zone/front,front,False,hands_on_wheel/both_hands,both_hands
542,gaze_zone/front,front,False,hands_on_wheel/both_hands,both_hands
543,gaze_zone/front,front,False,hands_on_wheel/both_hands,both_hands
544,gaze_zone/front,front,False,hands_on_wheel/both_hands,both_hands
545,gaze_zone/front,front,True,hands_on_wheel/both_hands,both_hands
546,gaze_zone/front,front,True,hands_on_wheel/both_hands,both_hands
547,gaze_zone/front,front,True,hands_on_wheel/both_hands,both_hands
548,gaze_zone/front,front,True,hands_on_wheel/both_hands,both_hands
549,gaze_zone/front,front,True,hands_on_wheel/both_hands,both_hands
550,gaze_zone/front,front,True,hands_on_wheel/both_hands,both_hands
551,gaze_zone/front,front,True,hands_on_wheel/both_hands,both_hands
552,gaze_zone/front,front,True,hands_on_wheel/both_hands,both_hands
553,gaze_zone/front,front,True,hands_on_wheel/both_hands,both_hands
554,gaze_zone/front,front,False,hands_on_wheel/both_hands,both_hands
555,gaze_zone/front,front,False,hands_on_wheel/both_hands,both_hands
556,gaze_zone/front,front,False,hands_on_wheel/both_hands,both_hands
557,gaze_zone/front,front,False,hands_on_wheel/both_hands,both_hands
558,gaze_zone/front,front,False,hands_on_wheel/both_hands,both_hands
559,gaze_zone/front,front,False,hands_on_wheel/both_hands,both_hands
560,gaze_zone/front,front,False,hands_on_wheel/both_hands,both_hands
561,gaze_zone/front,front,False,hands_on_wheel/both_hands,both_hands
562,gaze_zone/front,front,False,hands_on_wheel/both_hands,both_hands
563,gaze_zone/front,front,False,hands_on_wheel/both_hands,both_hands
564,gaze_zone/front,front,False,hands_on_wheel/both_hands,both_hands
565,gaze_zone/front,front,False,hands_on_wheel/both_hands,both_hands
566,gaze_zone/front,front,False,hands_on_wheel/both_hands,both_hands
567,gaze_zone/front,front,False,hands_on_wheel/both_hands,both_hands
568,gaze_zone/front,front,False,hands_on_wheel/both_hands,both_hands
569,gaze_zone/front,front,False,hands_on_wheel/both_hands,both_hands
570,gaze_zone/front,front,False,hands_on_wheel/both_hands,both_hands
571,gaze_zone/front,front,False,hands_on_wheel/both_hands,both_hands
572,gaze_zone/front,front,False,hands_on_wheel/both_hands,both_hands
573,gaze_zone/front,front,False,hands_on_wheel/both_hands,both_hands
574,gaze_zone/front,front,False,hands_on_wheel/both_hands,both_hands
575,gaze_zone/front,front,False,hands_on_wheel/both_hands,both_hands
576,gaze_zone/front,front,False,hands_on_wheel/both_hands,both_hands
577,gaze_zone/front,front,False,hands_on_wheel/both_hands,both_hands
578,gaze_zone/front,front,False,hands_on_wheel/both_hands,both_hands
579,gaze_zone/front,front,False,hands_on_wheel/both_hands,both_hands
580,gaze_zone/front,front,False,hands_on_wheel/both_hands,both_hands
581,gaze_zone/front,front,False,hands_on_wheel/both_hands,both_hands
582,gaze_zone/front,front,False,hands_on_wheel/both_hands,both_hands
583,gaze_zone/front,front,False,hands_on_wheel/both_hands,both_hands
584,gaze_zone/front,front,False,hands_on_wheel/both_hands,both_hands
585,gaze_zone/front,front,False,hands_on_wheel/both_hands,both_hands
586,gaze_zone/front,front,False,hands_on_wheel/both_hands,both_hands
587,gaze_zone/front,front,False,hands_on_wheel/both_hands,both_hands
588,gaze_zone/front,front,False,hands_on_wheel/both_hands,both_hands
589,gaze_zone/front,front,False,hands_on_wheel/both_hands,both_hands
590,gaze_zone/front,front,False,hands_on_wheel/both_hands,both_hands
591,gaze_zone/front,front,False,hands_on_wheel/both_hands,both_hands
592,gaze_zone/front,front,False,hands_on_wheel/both_hands,both_hands
593,gaze_zone/front,front,False,hands_on_wheel/both_hands,both_hands
594,gaze_zone/front,front,False,hands_on_wheel/both_hands,both_hands
595,gaze_zone/front,front,False,hands_on_wheel/both_hands,both_hands
596,gaze_zone/front,front,False,hands_on_wheel/both_hands,both_hands
597,gaze_zone/front,front,False,hands_on_wheel/both_hands,both_hands
598,gaze_zone/front,front,False,hands_on_wheel/both_hands,both_hands
599,gaze_zone/front,front,False,hands_on_wheel/both_hands,both_hands
600,gaze_zone/front,front,False,hands_on_wheel/both_hands,both_hands
601,gaze_zone/front,front,False,hands_on_wheel/both_hands,both_hands
602,gaze_zone/front,front,False,hands_on_wheel/both_hands,both_hands
603,gaze_zone/front,front,False,hands_on_wheel/both_hands,both_hands
604,gaze_zone/front,front,False,hands_on_wheel/both_hands,both_hands
605,gaze_zone/front,front,False,hands_on_wheel/both_hands,both_hands
606,gaze_zone/front,front,False,hands_on_wheel/both_hands,both_hands
607,gaze_zone/front,front,False,hands_on_wheel/both_hands,both_hands
608,gaze_zone/front,front,False,hands_on_wheel/both_hands,both_hands
609,gaze_zone/front,front,False,hands_on_wheel/both_hands,both_hands
610,gaze_zone/front,front,True,hands_on_wheel/both_hands,both_hands
611,gaze_zone/front,front,True,hands_on_wheel/both_hands,both_hands
612,gaze_zone/front,front,True,hands_on_wheel/both_hands,both_hands
613,gaze_zone/front,front,True,hands_on_wheel/both_hands,both_hands
614,gaze_zone/front,front,True,hands_on_wheel/both_hands,both_hands
615,gaze_zone/front,front,True,hands_on_wheel/both_hands,both_hands
616,gaze_zone/front,front,True,hands_on_wheel/both_hands,both_hands
617,gaze_zone/front,front,True,hands_on_wheel/both_hands,both_hands
618,gaze_zone/front,front,True,hands_on_wheel/both_hands,both_hands
619,gaze_zone/front,front,True,hands_on_wheel/both_hands,both_hands
620,gaze_zone/front,front,True,hands_on_wheel/both_hands,both_hands
621,gaze_zone/front,front,True,hands_on_wheel/both_hands,both_hands
622,gaze_zone/front,front,True,hands_on_wheel/both_hands,both_hands
623,gaze_zone/front,front,False,hands_on_wheel/both_hands,both_hands
624,gaze_zone/front,front,False,hands_on_wheel/both_hands,both_hands
625,gaze_zone/front,front,False,hands_on_wheel/both_hands,both_hands
626,gaze_zone/front,front,False,hands_on_wheel/both_hands,both_hands
627,gaze_zone/front,front,False,hands_on_wheel/both_hands,both_hands
628,gaze_zone/front,front,False,hands_on_wheel/both_hands,both_hands
629,gaze_zone/front,front,False,hands_on_wheel/both_hands,both_hands
630,gaze_zone/front,front,False,hands_on_wheel/both_hands,both_hands
631,gaze_zone/front,front,False,hands_on_wheel/both_hands,both_hands
632,gaze_zone/front,front,False,hands_on_wheel/both_hands,both_hands
633,gaze_zone/front,front,False,hands_on_wheel/both_hands,both_hands
634,gaze_zone/front,front,False,hands_on_wheel/both_hands,both_hands
635,gaze_zone/front,front,False,hands_on_wheel/both_hands,both_hands
636,gaze_zone/front,front,False,hands_on_wheel/both_hands,both_hands
637,gaze_zone/front,front,False,hands_on_wheel/both_hands,both_hands
638,gaze_zone/front,front,False,hands_on_wheel/both_hands,both_hands
639,gaze_zone/front,front,False,hands_on_wheel/both_hands,both_hands
640,gaze_zone/front,front,False,hands_on_wheel/both_hands,both_hands
641,gaze_zone/front,front,False,hands_on_wheel/both_hands,both_hands
642,gaze_zone/front,front,False,hands_on_wheel/both_hands,both_hands
643,gaze_zone/front,front,False,hands_on_wheel/both_hands,both_hands
644,gaze_zone/front,front,False,hands_on_wheel/both_hands,both_hands
645,gaze_zone/front,front,False,hands_on_wheel/both_hands,both_hands
646,gaze_zone/front,front,False,hands_on_wheel/both_hands,both_hands
647,gaze_zone/front,front,False,hands_on_wheel/both_hands,both_hands
648,gaze_zone/front,front,False,hands_on_wheel/both_hands,both_hands
649,gaze_zone/front,front,False,hands_on_wheel/both_hands,both_hands
650,gaze_zone/front,front,False,hands_on_wheel/both_hands,both_hands
651,gaze_zone/front,front,False,hands_on_wheel/both_hands,both_hands
652,gaze_zone/front,front,True,hands_on_wheel/both_hands,both_hands
653,gaze_zone/front,front,True,hands_on_wheel/both_hands,both_hands
654,gaze_zone/front,front,True,hands_on_wheel/both_hands,both_hands
655,gaze_zone/front,front,True,hands_on_wheel/both_hands,both_hands
656,gaze_zone/front,front,True,hands_on_wheel/both_hands,both_hands
657,gaze_zone/front,front,True,hands_on_wheel/both_hands,both_hands
658,gaze_zone/front,front,True,hands_on_wheel/both_hands,both_hands
659,gaze_zone/front,front,True,hands_on_wheel/both_hands,both_hands
660,gaze_zone/front,front,True,hands_on_wheel/both_hands,both_hands
661,gaze_zone/front,front,True,hands_on_wheel/both_hands,both_hands
662,gaze_zone/front,front,True,hands_on_wheel/both_hands,both_hands
663,gaze_zone/front,front,True,hands_on_wheel/both_hands,both_hands
664,gaze_zone/front,front,False,hands_on_wheel/both_hands,both_hands
665,gaze_zone/front,front,False,hands_on_wheel/both_hands,both_hands
666,gaze_zone/front,front,False,hands_on_wheel/both_hands,both_hands
667,gaze_zone/front,front,False,hands_on_wheel/both_hands,both_hands
668,gaze_zone/front,front,False,hands_on_wheel/both_hands,both_hands
669,gaze_zone/front,front,False,hands_on_wheel/both_hands,both_hands
670,gaze_zone/front,front,False,hands_on_wheel/both_hands,both_hands
671,gaze_zone/front,front,False,hands_on_wheel/both_hands,both_hands
672,gaze_zone/front,front,False,hands_on_wheel/both_hands,both_hands
673,gaze_zone/front,front,False,hands_on_wheel/both_hands,both_hands
674,gaze_zone/front,front,False,hands_on_wheel/both_hands,both_hands
675,gaze_zone/front,front,False,hands_on_wheel/both_hands,both_hands
676,gaze_zone/front,front,False,hands_on_wheel/both_hands,both_hands
677,gaze_zone/front,front,False,hands_on_wheel/both_hands,both_hands
678,gaze_zone/front,front,False,hands_on_wheel/both_hands,both_hands
679,gaze_zone/front,front,False,hands_on_wheel/both_hands,both_hands
680,gaze_zone/front,front,False,hands_on_wheel/both_hands,both_hands
681,gaze_zone/front,front,False,hands_on_wheel/both_hands,both_hands
682,gaze_zone/front,front,False,hands_on_wheel/both_hands,both_hands
683,gaze_zone/front,front,False,hands_on_wheel/both_hands,both_hands
684,gaze_zone/front,front,False,hands_on_wheel/both_hands,both_hands
685,gaze_zone/front,front,False,hands_on_wheel/both_hands,both_hands
686,gaze_zone/front,front,False,hands_on_wheel/both_hands,both_hands
687,gaze_zone/front,front,False,hands_on_wheel/both_hands,both_hands
688,gaze_zone/front,front,False,hands_on_wheel/both_hands,both_hands
689,gaze_zone/front,front,False,hands_on_wheel/both_hands,both_hands
690,gaze_zone/front,front,False,hands_on_wheel/both_hands,both_hands
691,gaze_zone/front,front,False,hands_on_wheel/both_hands,both_hands
692,gaze_zone/front,front,False,hands_on_wheel/both_hands,both_hands
693,gaze_zone/front,front,False,hands_on_wheel/both_hands,both_hands
694,gaze_zone/front,front,False,hands_on_wheel/both_hands,both_hands
695,gaze_zone/front,front,False,hands_on_wheel/both_hands,both_hands
696,gaze_zone/front,front,False,hands_on_wheel/both_hands,both_hands
697,gaze_zone/front,front,False,hands_on_wheel/both_hands,both_hands
698,gaze_zone/front,front,False,hands_on_wheel/both_hands,both_hands
699,gaze_zone/front,front,False,hands_on_wheel/both_hands,both_hands
700,gaze_zone/front,front,False,hands_on_wheel/both_hands,both_hands
701,gaze_zone/front,front,False,hands_on_wheel/both_hands,both_hands
702,gaze_zone/front,front,False,hands_on_wheel/both_hands,both_hands
703,gaze_zone/center_mirror,center_mirror,False,hands_on_wheel/both_hands,both_hands
704,gaze_zone/center_mirror,center_mirror,False,hands_on_wheel/both_hands,both_hands
705,gaze_zone/center_mirror,center_mirror,False,hands_on_wheel/both_hands,both_hands
706,gaze_zone/center_mirror,center_mirror,False,hands_on_wheel/both_hands,both_hands
707,gaze_zone/center_mirror,center_mirror,False,hands_on_wheel/both_hands,both_hands
708,gaze_zone/center_mirror,center_mirror,False,hands_on_wheel/both_hands,both_hands
709,gaze_zone/center_mirror,center_mirror,False,hands_on_wheel/both_hands,both_hands
710,gaze_zone/center_mirror,center_mirror,False,hands_on_wheel/both_hands,both_hands
711,gaze_zone/center_mirror,center_mirror,False,hands_on_wheel/both_hands,both_hands
712,gaze_zone/center_mirror,center_mirror,False,hands_on_wheel/both_hands,both_hands
713,gaze_zone/center_mirror,center_mirror,False,hands_on_wheel/both_hands,both_hands
714,gaze_zone/center_mirror,center_mirror,False,hands_on_wheel/both_hands,both_hands
715,gaze_zone/center_mirror,center_mirror,False,hands_on_wheel/both_hands,both_hands
716,gaze_zone/center_mirror,center_mirror,False,hands_on_wheel/both_hands,both_hands
717,gaze_zone/center_mirror,center_mirror,False,hands_on_wheel/both_hands,both_hands
718,gaze_zone/center_mirror,center_mirror,False,hands_on_wheel/both_hands,both_hands
719,gaze_zone/center_mirror,center_mirror,False,hands_on_wheel/both_hands,both_hands
720,gaze_zone/center_mirror,center_mirror,False,hands_on_wheel/both_hands,both_hands
721,gaze_zone/center_mirror,center_mirror,False,hands_on_wheel/both_hands,both_hands
722,gaze_zone/center_mirror,center_mirror,False,hands_on_wheel/both_hands,both_hands
723,gaze_zone/center_mirror,center_mirror,False,hands_on_wheel/both_hands,both_hands
724,gaze_zone/center_mirror,center_mirror,False,hands_on_wheel/both_hands,both_hands
725,gaze_zone/center_mirror,center_mirror,False,hands_on_wheel/both_hands,both_hands
726,gaze_zone/center_mirror,center_mirror,False,hands_on_wheel/both_hands,both_hands
727,gaze_zone/center_mirror,center_mirror,False,hands_on_wheel/both_hands,both_hands
728,gaze_zone/center_mirror,center_mirror,False,hands_on_wheel/both_hands,both_hands
729,gaze_zone/center_mirror,center_mirror,False,hands_on_wheel/both_hands,both_hands
730,gaze_zone/center_mirror,center_mirror,False,hands_on_wheel/both_hands,both_hands
731,gaze_zone/center_mirror,center_mirror,False,hands_on_wheel/both_hands,both_hands
732,gaze_zone/center_mirror,center_mirror,False,hands_on_wheel/both_hands,both_hands
733,gaze_zone/center_mirror,center_mirror,False,hands_on_wheel/both_hands,both_hands
734,gaze_zone/center_mirror,center_mirror,True,hands_on_wheel/both_hands,both_hands
735,gaze_zone/center_mirror,center_mirror,True,hands_on_wheel/both_hands,both_hands
736,gaze_zone/center_mirror,center_mirror,True,hands_on_wheel/both_hands,both_hands
737,gaze_zone/center_mirror,center_mirror,True,hands_on_wheel/both_hands,both_hands
738,gaze_zone/center_mirror,center_mirror,True,hands_on_wheel/both_hands,both_hands
739,gaze_zone/center_mirror,center_mirror,True,hands_on_wheel/both_hands,both_hands
740,gaze_zone/center_mirror,center_mirror,True,hands_on_wheel/both_hands,both_hands
741,gaze_zone/center_mirror,center_mirror,True,hands_on_wheel/both_hands,both_hands
742,gaze_zone/center_mirror,center_mirror,True,hands_on_wheel/both_hands,both_hands
743,gaze_zone/center_mirror,center_mirror,True,hands_on_wheel/both_hands,both_hands
744,gaze_zone/center_mirror,center_mirror,True,hands_on_wheel/both_hands,both_hands
745,gaze_zone/center_mirror,center_mirror,False,hands_on_wheel/both_hands,both_hands
746,gaze_zone/center_mirror,center_mirror,False,hands_on_wheel/both_hands,both_hands
747,gaze_zone/center_mirror,center_mirror,False,hands_on_wheel/both_hands,both_hands
748,gaze_zone/center_mirror,center_mirror,False,hands_on_wheel/both_hands,both_hands
749,gaze_zone/center_mirror,center_mirror,False,hands_on_wheel/both_hands,both_hands
750,gaze_zone/center_mirror,center_mirror,False,hands_on_wheel/both_hands,both_hands
751,gaze_zone/center_mirror,center_mirror,False,hands_on_wheel/both_hands,both_hands
752,gaze_zone/center_mirror,center_mirror,False,hands_on_wheel/both_hands,both_hands
753,gaze_zone/center_mirror,center_mirror,False,hands_on_wheel/both_hands,both_hands
754,gaze_zone/center_mirror,center_mirror,False,hands_on_wheel/both_hands,both_hands
755,gaze_zone/center_mirror,center_mirror,False,hands_on_wheel/both_hands,both_hands
756,gaze_zone/center_mirror,center_mirror,False,hands_on_wheel/both_hands,both_hands
757,gaze_zone/center_mirror,center_mirror,False,hands_on_wheel/both_hands,both_hands
758,gaze_zone/center_mirror,center_mirror,False,hands_on_wheel/both_hands,both_hands
759,gaze_zone/center_mirror,center_mirror,False,hands_on_wheel/both_hands,both_hands
760,gaze_zone/center_mirror,center_mirror,False,hands_on_wheel/both_hands,both_hands
761,gaze_zone/center_mirror,center_mirror,False,hands_on_wheel/both_hands,both_hands
762,gaze_zone/center_mirror,center_mirror,False,hands_on_wheel/both_hands,both_hands
763,gaze_zone/center_mirror,center_mirror,False,hands_on_wheel/both_hands,both_hands
764,gaze_zone/center_mirror,center_mirror,False,hands_on_wheel/both_hands,both_hands
765,gaze_zone/center_mirror,center_mirror,False,hands_on_wheel/both_hands,both_hands
766,gaze_zone/center_mirror,center_mirror,False,hands_on_wheel/both_hands,both_hands
767,gaze_zone/center_mirror,center_mirror,False,hands_on_wheel/both_hands,both_hands
768,gaze_zone/center_mirror,center_mirror,False,hands_on_wheel/both_hands,both_hands
769,gaze_zone/center_mirror,center_mirror,False,hands_on_wheel/both_hands,both_hands
770,gaze_zone/center_mirror,center_mirror,False,hands_on_wheel/both_hands,both_hands
771,gaze_zone/center_mirror,center_mirror,False,hands_on_wheel/both_hands,both_hands
772,gaze_zone/center_mirror,center_mirror,False,hands_on_wheel/both_hands,both_hands
773,gaze_zone/center_mirror,center_mirror,False,hands_on_wheel/both_hands,both_hands
774,gaze_zone/center_mirror,center_mirror,False,hands_on_wheel/both_hands,both_hands
775,gaze_zone/center_mirror,center_mirror,False,hands_on_wheel/both_hands,both_hands
776,gaze_zone/center_mirror,center_mirror,True,hands_on_wheel/both_hands,both_hands
777,gaze_zone/center_mirror,center_mirror,True,hands_on_wheel/both_hands,both_hands
778,gaze_zone/center_mirror,center_mirror,True,hands_on_wheel/both_hands,both_hands
779,gaze_zone/center_mirror,center_mirror,True,hands_on_wheel/both_hands,both_hands
780,gaze_zone/center_mirror,center_mirror,True,hands_on_wheel/both_hands,both_hands
781,gaze_zone/center_mirror,center_mirror,True,hands_on_wheel/both_hands,both_hands
782,gaze_zone/center_mirror,center_mirror,True,hands_on_wheel/both_hands,both_hands
783,gaze_zone/center_mirror,center_mirror,True,hands_on_wheel/both_hands,both_hands
784,gaze_zone/center_mirror,center_mirror,True,hands_on_wheel/both_hands,both_hands
785,gaze_zone/center_mirror,center_mirror,True,hands_on_wheel/both_hands,both_hands
786,gaze_zone/center_mirror,center_mirror,True,hands_on_wheel/both_hands,both_hands
787,gaze_zone/center_mirror,center_mirror,True,hands_on_wheel/both_hands,both_hands
788,gaze_zone/center_mirror,center_mirror,True,hands_on_wheel/both_hands,both_hands
789,gaze_zone/center_mirror,center_mirror,False,hands_on_wheel/both_hands,both_hands
790,gaze_zone/center_mirror,center_mirror,False,hands_on_wheel/both_hands,both_hands
791,gaze_zone/center_mirror,center_mirror,False,hands_on_wheel/both_hands,both_hands
792,gaze_zone/center_mirror,center_mirror,False,hands_on_wheel/both_hands,both_hands
793,gaze_zone/center_mirror,center_mirror,False,hands_on_wheel/both_hands,both_hands
794,gaze_zone/center_mirror,center_mirror,False,hands_on_wheel/both_hands,both_hands
795,gaze_zone/center_mirror,center_mirror,False,hands_on_wheel/both_hands,both_hands
796,gaze_zone/center_mirror,center_mirror,False,hands_on_wheel/both_hands,both_hands
797,gaze_zone/center_mirror,center_mirror,False,hands_on_wheel/both_hands,both_hands
798,gaze_zone/center_mirror,center_mirror,False,hands_on_wheel/both_hands,both_hands
799,gaze_zone/center_mirror,center_mirror,False,hands_on_wheel/both_hands,both_hands
800,gaze_zone/center_mirror,center_mirror,False,hands_on_wheel/both_hands,both_hands
801,gaze_zone/center_mirror,center_mirror,False,hands_on_wheel/both_hands,both_hands
802,gaze_zone/center_mirror,center_mirror,False,hands_on_wheel/both_hands,both_hands
803,gaze_zone/center_mirror,center_mirror,False,hands_on_wheel/both_hands,both_hands
804,gaze_zone/center_mirror,center_mirror,False,hands_on_wheel/both_hands,both_hands
805,gaze_zone/center_mirror,center_mirror,False,hands_on_wheel/both_hands,both_hands
806,gaze_zone/center_mirror,center_mirror,False,hands_on_wheel/both_hands,both_hands
807,gaze_zone/center_mirror,center_mirror,False,hands_on_wheel/both_hands,both_hands
808,gaze_zone/center_mirror,center_mirror,False,hands_on_wheel/both_hands,both_hands
809,gaze_zone/center_mirror,center_mirror,False,hands_on_wheel/both_hands,both_hands
810,gaze_zone/center_mirror,center_mirror,False,hands_on_wheel/both_hands,both_hands
811,gaze_zone/center_mirror,center_mirror,False,hands_on_wheel/both_hands,both_hands
812,gaze_zone/center_mirror,center_mirror,False,hands_on_wheel/both_hands,both_hands
813,gaze_zone/center_mirror,center_mirror,False,hands_on_wheel/both_hands,both_hands
814,gaze_zone/center_mirror,center_mirror,False,hands_on_wheel/both_hands,both_hands
815,gaze_zone/center_mirror,center_mirror,False,hands_on_wheel/both_hands,both_hands
816,gaze_zone/center_mirror,center_mirror,False,hands_on_wheel/both_hands,both_hands
817,gaze_zone/center_mirror,center_mirror,False,hands_on_wheel/both_hands,both_hands
818,gaze_zone/center_mirror,center_mirror,False,hands_on_wheel/both_hands,both_hands
819,gaze_zone/center_mirror,center_mirror,False,hands_on_wheel/both_hands,both_hands
820,gaze_zone/center_mirror,center_mirror,False,hands_on_wheel/both_hands,both_hands
821,gaze_zone/center_mirror,center_mirror,False,hands_on_wheel/both_hands,both_hands
822,gaze_zone/center_mirror,center_mirror,False,hands_on_wheel/both_hands,both_hands
823,gaze_zone/center_mirror,center_mirror,False,hands_on_wheel/both_hands,both_hands
824,gaze_zone/center_mirror,center_mirror,False,hands_on_wheel/both_hands,both_hands
825,gaze_zone/center_mirror,center_mirror,False,hands_on_wheel/both_hands,both_hands
826,gaze_zone/center_mirror,center_mirror,False,hands_on_wheel/both_hands,both_hands
827,gaze_zone/center_mirror,center_mirror,False,hands_on_wheel/both_hands,both_hands
828,gaze_zone/center_mirror,center_mirror,False,hands_on_wheel/both_hands,both_hands
829,gaze_zone/center_mirror,center_mirror,False,hands_on_wheel/both_hands,both_hands
830,gaze_zone/center_mirror,center_mirror,False,hands_on_wheel/both_hands,both_hands
831,gaze_zone/center_mirror,center_mirror,False,hands_on_wheel/both_hands,both_hands
832,gaze_zone/center_mirror,center_mirror,False,hands_on_wheel/both_hands,both_hands
833,gaze_zone/center_mirror,center_mirror,False,hands_on_wheel/both_hands,both_hands
834,gaze_zone/center_mirror,center_mirror,False,hands_on_wheel/both_hands,both_hands
835,gaze_zone/center_mirror,center_mirror,False,hands_on_wheel/both_hands,both_hands
836,gaze_zone/center_mirror,center_mirror,False,hands_on_wheel/both_hands,both_hands
837,gaze_zone/center_mirror,center_mirror,False,hands_on_wheel/both_hands,both_hands
838,gaze_zone/center_mirror,center_mirror,False,hands_on_wheel/both_hands,both_hands
839,gaze_zone/center_mirror,center_mirror,False,hands_on_wheel/both_hands,both_hands
840,gaze_zone/center_mirror,center_mirror,False,hands_on_wheel/both_hands,both_hands
841,gaze_zone/center_mirror,center_mirror,False,hands_on_wheel/both_hands,both_hands
842,gaze_zone/center_mirror,center_mirror,False,hands_on_wheel/both_hands,both_hands
843,gaze_zone/center_mirror,center_mirror,True,hands_on_wheel/both_hands,both_hands
844,gaze_zone/center_mirror,center_mirror,True,hands_on_wheel/both_hands,both_hands
845,gaze_zone/center_mirror,center_mirror,True,hands_on_wheel/both_hands,both_hands
846,gaze_zone/center_mirror,center_mirror,True,hands_on_wheel/both_hands,both_hands
847,gaze_zone/center_mirror,center_mirror,True,hands_on_wheel/both_hands,both_hands
848,gaze_zone/center_mirror,center_mirror,True,hands_on_wheel/both_hands,both_hands
849,gaze_zone/center_mirror,center_mirror,True,hands_on_wheel/both_hands,both_hands
850,gaze_zone/center_mirror,center_mirror,True,hands_on_wheel/both_hands,both_hands
851,gaze_zone/center_mirror,center_mirror,True,hands_on_wheel/both_hands,both_hands
852,gaze_zone/center_mirror,center_mirror,True,hands_on_wheel/both_hands,both_hands
853,gaze_zone/center_mirror,center_mirror,True,hands_on_wheel/both_hands,both_hands
854,gaze_zone/center_mirror,center_mirror,True,hands_on_wheel/both_hands,both_hands
855,gaze_zone/center_mirror,center_mirror,True,hands_on_wheel/both_hands,both_hands
856,gaze_zone/center_mirror,center_mirror,False,hands_on_wheel/both_hands,both_hands
857,gaze_zone/center_mirror,center_mirror,False,hands_on_wheel/both_hands,both_hands
858,gaze_zone/center_mirror,center_mirror,False,hands_on_wheel/both_hands,both_hands
859,gaze_zone/center_mirror,center_mirror,False,hands_on_wheel/both_hands,both_hands
860,gaze_zone/center_mirror,center_mirror,False,hands_on_wheel/both_hands,both_hands
861,gaze_zone/center_mirror,center_mirror,False,hands_on_wheel/both_hands,both_hands
862,gaze_zone/center_mirror,center_mirror,False,hands_on_wheel/both_hands,both_hands
863,gaze_zone/center_mirror,center_mirror,False,hands_on_wheel/both_hands,both_hands
864,gaze_zone/center_mirror,center_mirror,False,hands_on_wheel/both_hands,both_hands
865,gaze_zone/center_mirror,center_mirror,False,hands_on_wheel/both_hands,both_hands
866,gaze_zone/center_mirror,center_mirror,False,hands_on_wheel/both_hands,both_hands
867,gaze_zone/center_mirror,center_mirror,False,hands_on_wheel/both_hands,both_hands
868,gaze_zone/center_mirror,center_mirror,False,hands_on_wheel/both_hands,both_hands
869,gaze_zone/center_mirror,center_mirror,True,hands_on_wheel/both_hands,both_hands
870,gaze_zone/center_mirror,center_mirror,True,hands_on_wheel/both_hands,both_hands
871,gaze_zone/center_mirror,center_mirror,True,hands_on_wheel/both_hands,both_hands
872,gaze_zone/center_mirror,center_mirror,True,hands_on_wheel/both_hands,both_hands
873,gaze_zone/center_mirror,center_mirror,True,hands_on_wheel/both_hands,both_hands
874,gaze_zone/center_mirror,center_mirror,True,hands_on_wheel/both_hands,both_hands
875,gaze_zone/center_mirror,center_mirror,True,hands_on_wheel/both_hands,both_hands
876,gaze_zone/center_mirror,center_mirror,True,hands_on_wheel/both_hands,both_hands
877,gaze_zone/center_mirror,center_mirror,True,hands_on_wheel/both_hands,both_hands
878,gaze_zone/center_mirror,center_mirror,True,hands_on_wheel/both_hands,both_hands
879,gaze_zone/center_mirror,center_mirror,False,hands_on_wheel/both_hands,both_hands
880,gaze_zone/center_mirror,center_mirror,False,hands_on_wheel/both_hands,both_hands
881,gaze_zone/center_mirror,center_mirror,False,hands_on_wheel/both_hands,both_hands
882,gaze_zone/center_mirror,center_mirror,False,hands_on_wheel/both_hands,both_hands
883,gaze_zone/center_mirror,center_mirror,False,hands_on_wheel/both_hands,both_hands
884,gaze_zone/center_mirror,center_mirror,False,hands_on_wheel/both_hands,both_hands
885,gaze_zone/center_mirror,center_mirror,False,hands_on_wheel/both_hands,both_hands
886,gaze_zone/center_mirror,center_mirror,False,hands_on_wheel/both_hands,both_hands
887,gaze_zone/center_mirror,center_mirror,False,hands_on_wheel/both_hands,both_hands
888,gaze_zone/center_mirror,center_mirror,False,hands_on_wheel/both_hands,both_hands
889,gaze_zone/center_mirror,center_mirror,False,hands_on_wheel/both_hands,both_hands
890,gaze_zone/center_mirror,center_mirror,False,hands_on_wheel/both_hands,both_hands
891,gaze_zone/center_mirror,center_mirror,False,hands_on_wheel/both_hands,both_hands
892,gaze_zone/center_mirror,center_mirror,False,hands_on_wheel/both_hands,both_hands
893,gaze_zone/center_mirror,center_mirror,False,hands_on_wheel/both_hands,both_hands
894,gaze_zone/center_mirror,center_mirror,False,hands_on_wheel/both_hands,both_hands
895,gaze_zone/center_mirror,center_mirror,False,hands_on_wheel/both_hands,both_hands
896,gaze_zone/center_mirror,center_mirror,False,hands_on_wheel/both_hands,both_hands
897,gaze_zone/center_mirror,center_mirror,False,hands_on_wheel/both_hands,both_hands
898,gaze_zone/center_mirror,center_mirror,False,hands_on_wheel/both_hands,both_hands
899,gaze_zone/center_mirror,center_mirror,False,hands_on_wheel/both_hands,both_hands
900,gaze_zone/center_mirror,center_mirror,False,hands_on_wheel/both_hands,both_hands
901,gaze_zone/center_mirror,center_mirror,False,hands_on_wheel/both_hands,both_hands
902,gaze_zone/center_mirror,center_mirror,False,hands_on_wheel/both_hands,both_hands
903,gaze_zone/center_mirror,center_mirror,False,hands_on_wheel/both_hands,both_hands
904,gaze_zone/center_mirror,center_mirror,False,hands_on_wheel/both_hands,both_hands
905,gaze_zone/center_mirror,center_mirror,False,hands_on_wheel/both_hands,both_hands
906,gaze_zone/center_mirror,center_mirror,False,hands_on_wheel/both_hands,both_hands
907,gaze_zone/center_mirror,center_mirror,False,hands_on_wheel/both_hands,both_hands
908,gaze_zone/center_mirror,center_mirror,False,hands_on_wheel/both_hands,both_hands
909,gaze_zone/center_mirror,center_mirror,False,hands_on_wheel/both_hands,both_hands
910,gaze_zone/center_mirror,center_mirror,True,hands_on_wheel/both_hands,both_hands
911,gaze_zone/front,front,True,hands_on_wheel/both_hands,both_hands
912,gaze_zone/front,front,True,hands_on_wheel/both_hands,both_hands
913,gaze_zone/front,front,True,hands_on_wheel/both_hands,both_hands
914,gaze_zone/front,front,True,hands_on_wheel/both_hands,both_hands
915,gaze_zone/front,front,True,hands_on_wheel/both_hands,both_hands
916,gaze_zone/front,front,True,hands_on_wheel/both_hands,both_hands
917,gaze_zone/front,front,True,hands_on_wheel/both_hands,both_hands
918,gaze_zone/front,front,True,hands_on_wheel/both_hands,both_hands
919,gaze_zone/front,front,True,hands_on_wheel/both_hands,both_hands
920,gaze_zone/front,front,True,hands_on_wheel/both_hands,both_hands
921,gaze_zone/front,front,False,hands_on_wheel/both_hands,both_hands
922,gaze_zone/front,front,False,hands_on_wheel/both_hands,both_hands
923,gaze_zone/front,front,False,hands_on_wheel/both_hands,both_hands
924,gaze_zone/front,front,False,hands_on_wheel/both_hands,both_hands
925,gaze_zone/front,front,False,hands_on_wheel/both_hands,both_hands
926,gaze_zone/front,front,False,hands_on_wheel/both_hands,both_hands
927,gaze_zone/front,front,False,hands_on_wheel/both_hands,both_hands
928,gaze_zone/front,front,False,hands_on_wheel/both_hands,both_hands
929,gaze_zone/front,front,False,hands_on_wheel/both_hands,both_hands
930,gaze_zone/front,front,False,hands_on_wheel/both_hands,both_hands
931,gaze_zone/front,front,False,hands_on_wheel/both_hands,both_hands
932,gaze_zone/front,front,False,hands_on_wheel/both_hands,both_hands
933,gaze_zone/front,front,False,hands_on_wheel/both_hands,both_hands
934,gaze_zone/front,front,False,hands_on_wheel/both_hands,both_hands
935,gaze_zone/front,front,False,hands_on_wheel/both_hands,both_hands
936,gaze_zone/front,front,False,hands_on_wheel/both_hands,both_hands
937,gaze_zone/front,front,False,hands_on_wheel/both_hands,both_hands
938,gaze_zone/front_right,front_right,False,hands_on_wheel/both_hands,both_hands
939,gaze_zone/front_right,front_right,False,hands_on_wheel/both_hands,both_hands
940,gaze_zone/front_right,front_right,False,hands_on_wheel/both_hands,both_hands
941,gaze_zone/front_right,front_right,False,hands_on_wheel/both_hands,both_hands
942,gaze_zone/front_right,front_right,False,hands_on_wheel/both_hands,both_hands
943,gaze_zone/front_right,front_right,False,hands_on_wheel/both_hands,both_hands
944,gaze_zone/front_right,front_right,False,hands_on_wheel/both_hands,both_hands
945,gaze_zone/front_right,front_right,False,hands_on_wheel/both_hands,both_hands
946,gaze_zone/front_right,front_right,False,hands_on_wheel/both_hands,both_hands
947,gaze_zone/front_right,front_right,False,hands_on_wheel/both_hands,both_hands
948,gaze_zone/front_right,front_right,False,hands_on_wheel/both_hands,both_hands
949,gaze_zone/front_right,front_right,False,hands_on_wheel/both_hands,both_hands
950,gaze_zone/front_right,front_right,False,hands_on_wheel/both_hands,both_hands
951,gaze_zone/front_right,front_right,False,hands_on_wheel/both_hands,both_hands
952,gaze_zone/front_right,front_right,False,hands_on_wheel/both_hands,both_hands
953,gaze_zone/front_right,front_right,False,hands_on_wheel/both_hands,both_hands
954,gaze_zone/front_right,front_right,False,hands_on_wheel/both_hands,both_hands
955,gaze_zone/front_right,front_right,False,hands_on_wheel/both_hands,both_hands
956,gaze_zone/front_right,front_right,False,hands_on_wheel/both_hands,both_hands
957,gaze_zone/front_right,front_right,False,hands_on_wheel/both_hands,both_hands
958,gaze_zone/front_right,front_right,False,hands_on_wheel/both_hands,both_hands
959,gaze_zone/front_right,front_right,False,hands_on_wheel/both_hands,both_hands
960,gaze_zone/front_right,front_right,False,hands_on_wheel/both_hands,both_hands
961,gaze_zone/front_right,front_right,False,hands_on_wheel/both_hands,both_hands
962,gaze_zone/front_right,front_right,False,hands_on_wheel/both_hands,both_hands
963,gaze_zone/front_right,front_right,False,hands_on_wheel/both_hands,both_hands
964,gaze_zone/front_right,front_right,False,hands_on_wheel/both_hands,both_hands
965,gaze_zone/front_right,front_right,False,hands_on_wheel/both_hands,both_hands
966,gaze_zone/front_right,front_right,False,hands_on_wheel/both_hands,both_hands
967,gaze_zone/front_right,front_right,False,hands_on_wheel/both_hands,both_hands
968,gaze_zone/front_right,front_right,False,hands_on_wheel/both_hands,both_hands
969,gaze_zone/front_right,front_right,False,hands_on_wheel/both_hands,both_hands
970,gaze_zone/front_right,front_right,False,hands_on_wheel/both_hands,both_hands
971,gaze_zone/front_right,front_right,False,hands_on_wheel/both_hands,both_hands
972,gaze_zone/front_right,front_right,False,hands_on_wheel/both_hands,both_hands
973,gaze_zone/front_right,front_right,False,hands_on_wheel/both_hands,both_hands
974,gaze_zone/front_right,front_right,False,hands_on_wheel/both_hands,both_hands
975,gaze_zone/front_right,front_right,False,hands_on_wheel/both_hands,both_hands
976,gaze_zone/front_right,front_right,False,hands_on_wheel/both_hands,both_hands
977,gaze_zone/front_right,front_right,False,hands_on_wheel/both_hands,both_hands
978,gaze_zone/front_right,front_right,False,hands_on_wheel/both_hands,both_hands
979,gaze_zone/front_right,front_right,False,hands_on_wheel/both_hands,both_hands
980,gaze_zone/front_right,front_right,False,hands_on_wheel/both_hands,both_hands
981,gaze_zone/front_right,front_right,False,hands_on_wheel/both_hands,both_hands
982,gaze_zone/front_right,front_right,False,hands_on_wheel/both_hands,both_hands
983,gaze_zone/front_right,front_right,False,hands_on_wheel/both_hands,both_hands
984,gaze_zone/front_right,front_right,False,hands_on_wheel/both_hands,both_hands
985,gaze_zone/front_right,front_right,False,hands_on_wheel/both_hands,both_hands
986,gaze_zone/front_right,front_right,False,hands_on_wheel/both_hands,both_hands
987,gaze_zone/front_right,front_right,True,hands_on_wheel/both_hands,both_hands
988,gaze_zone/front_right,front_right,True,hands_on_wheel/both_hands,both_hands
989,gaze_zone/front_right,front_right,True,hands_on_wheel/both_hands,both_hands
990,gaze_zone/front_right,front_right,True,hands_on_wheel/both_hands,both_hands
991,gaze_zone/front_right,front_right,True,hands_on_wheel/both_hands,both_hands
992,gaze_zone/front_right,front_right,True,hands_on_wheel/both_hands,both_hands
993,gaze_zone/front_right,front_right,True,hands_on_wheel/both_hands,both_hands
994,gaze_zone/front_right,front_right,True,hands_on_wheel/both_hands,both_hands
995,gaze_zone/front_right,front_right,True,hands_on_wheel/both_hands,both_hands
996,gaze_zone/front_right,front_right,False,hands_on_wheel/both_hands,both_hands
997,gaze_zone/front_right,front_right,False,hands_on_wheel/both_hands,both_hands
998,gaze_zone/front_right,front_right,False,hands_on_wheel/both_hands,both_hands
999,gaze_zone/front_right,front_right,False,hands_on_wheel/both_hands,both_hands
1000,gaze_zone/front_right,front_right,False,hands_on_wheel/both_hands,both_hands
1001,gaze_zone/front_right,front_right,False,hands_on_wheel/both_hands,both_hands
1002,gaze_zone/front_right,front_right,False,hands_on_wheel/both_hands,both_hands
1003,gaze_zone/front_right,front_right,False,hands_on_wheel/both_hands,both_hands
1004,gaze_zone/front_right,front_right,False,hands_on_wheel/both_hands,both_hands
1005,gaze_zone/front_right,front_right,False,hands_on_wheel/both_hands,both_hands
1006,gaze_zone/front_right,front_right,False,hands_on_wheel/both_hands,both_hands
1007,gaze_zone/front_right,front_right,False,hands_on_wheel/both_hands,both_hands
1008,gaze_zone/front_right,front_right,False,hands_on_wheel/both_hands,both_hands
1009,gaze_zone/front_right,front_right,False,hands_on_wheel/both_hands,both_hands
1010,gaze_zone/front_right,front_right,False,hands_on_wheel/both_hands,both_hands
1011,gaze_zone/front_right,front_right,False,hands_on_wheel/both_hands,both_hands
1012,gaze_zone/front_right,front_right,False,hands_on_wheel/both_hands,both_hands
1013,gaze_zone/front_right,front_right,False,hands_on_wheel/both_hands,both_hands
1014,gaze_zone/front_right,front_right,False,hands_on_wheel/both_hands,both_hands
1015,gaze_zone/front_right,front_right,False,hands_on_wheel/both_hands,both_hands
1016,gaze_zone/front_right,front_right,False,hands_on_wheel/both_hands,both_hands
1017,gaze_zone/front_right,front_right,False,hands_on_wheel/both_hands,both_hands
1018,gaze_zone/front_right,front_right,False,hands_on_wheel/both_hands,both_hands
1019,gaze_zone/front_right,front_right,False,hands_on_wheel/both_hands,both_hands
1020,gaze_zone/front_right,front_right,False,hands_on_wheel/both_hands,both_hands
1021,gaze_zone/front_right,front_right,False,hands_on_wheel/both_hands,both_hands
1022,gaze_zone/front_right,front_right,False,hands_on_wheel/both_hands,both_hands
1023,gaze_zone/front_right,front_right,False,hands_on_wheel/both_hands,both_hands
1024,gaze_zone/front_right,front_right,False,hands_on_wheel/both_hands,both_hands
1025,gaze_zone/front_right,front_right,False,hands_on_wheel/both_hands,both_hands
1026,gaze_zone/front_right,front_right,False,hands_on_wheel/both_hands,both_hands
1027,gaze_zone/front_right,front_right,False,hands_on_wheel/both_hands,both_hands
1028,gaze_zone/front_right,front_right,False,hands_on_wheel/both_hands,both_hands
1029,gaze_zone/front_right,front_right,False,hands_on_wheel/both_hands,both_hands
1030,gaze_zone/front_right,front_right,False,hands_on_wheel/both_hands,both_hands
1031,gaze_zone/front_right,front_right,False,hands_on_wheel/both_hands,both_hands
1032,gaze_zone/front_right,front_right,False,hands_on_wheel/both_hands,both_hands
1033,gaze_zone/front_right,front_right,False,hands_on_wheel/both_hands,both_hands
1034,gaze_zone/front_right,front_right,False,hands_on_wheel/both_hands,both_hands
1035,gaze_zone/front_right,front_right,False,hands_on_wheel/both_hands,both_hands
1036,gaze_zone/front_right,front_right,False,hands_on_wheel/both_hands,both_hands
1037,gaze_zone/front_right,front_right,False,hands_on_wheel/both_hands,both_hands
1038,gaze_zone/front_right,front_right,False,hands_on_wheel/both_hands,both_hands
1039,gaze_zone/front_right,front_right,False,hands_on_wheel/both_hands,both_hands
1040,gaze_zone/front_right,front_right,False,hands_on_wheel/both_hands,both_hands
1041,gaze_zone/front_right,front_right,False,hands_on_wheel/both_hands,both_hands
1042,gaze_zone/front_right,front_right,False,hands_on_wheel/both_hands,both_hands
1043,gaze_zone/front_right,front_right,False,hands_on_wheel/both_hands,both_hands
1044,gaze_zone/front_right,front_right,False,hands_on_wheel/both_hands,both_hands
1045,gaze_zone/front_right,front_right,False,hands_on_wheel/both_hands,both_hands
1046,gaze_zone/front_right,front_right,False,hands_on_wheel/both_hands,both_hands
1047,gaze_zone/front_right,front_right,False,hands_on_wheel/both_hands,both_hands
1048,gaze_zone/front_right,front_right,False,hands_on_wheel/both_hands,both_hands
1049,gaze_zone/front_right,front_right,False,hands_on_wheel/both_hands,both_hands
1050,gaze_zone/front_right,front_right,False,hands_on_wheel/both_hands,both_hands
1051,gaze_zone/front_right,front_right,False,hands_on_wheel/both_hands,both_hands
1052,gaze_zone/front_right,front_right,False,hands_on_wheel/both_hands,both_hands
1053,gaze_zone/front_right,front_right,False,hands_on_wheel/both_hands,both_hands
1054,gaze_zone/front_right,front_right,False,hands_on_wheel/both_hands,both_hands
1055,gaze_zone/front_right,front_right,False,hands_on_wheel/both_hands,both_hands
1056,gaze_zone/front_right,front_right,False,hands_on_wheel/both_hands,both_hands
1057,gaze_zone/front_right,front_right,False,hands_on_wheel/both_hands,both_hands
1058,gaze_zone/front_right,front_right,False,hands_on_wheel/both_hands,both_hands
1059,gaze_zone/front_right,front_right,False,hands_on_wheel/both_hands,both_hands
1060,gaze_zone/front_right,front_right,False,hands_on_wheel/both_hands,both_hands
1061,gaze_zone/front_right,front_right,False,hands_on_wheel/both_hands,both_hands
1062,gaze_zone/front_right,front_right,False,hands_on_wheel/both_hands,both_hands
1063,gaze_zone/front_right,front_right,False,hands_on_wheel/both_hands,both_hands
1064,gaze_zone/front_right,front_right,False,hands_on_wheel/both_hands,both_hands
1065,gaze_zone/front_right,front_right,False,hands_on_wheel/both_hands,both_hands
1066,gaze_zone/front_right,front_right,False,hands_on_wheel/both_hands,both_hands
1067,gaze_zone/front_right,front_right,False,hands_on_wheel/both_hands,both_hands
1068,gaze_zone/front_right,front_right,False,hands_on_wheel/both_hands,both_hands
1069,gaze_zone/front_right,front_right,False,hands_on_wheel/both_hands,both_hands
1070,gaze_zone/front_right,front_right,False,hands_on_wheel/both_hands,both_hands
1071,gaze_zone/front_right,front_right,False,hands_on_wheel/both_hands,both_hands
1072,gaze_zone/front_right,front_right,False,hands_on_wheel/both_hands,both_hands
1073,gaze_zone/front_right,front_right,False,hands_on_wheel/both_hands,both_hands
1074,gaze_zone/front_right,front_right,False,hands_on_wheel/both_hands,both_hands
1075,gaze_zone/front_right,front_right,False,hands_on_wheel/both_hands,both_hands
1076,gaze_zone/front_right,front_right,False,hands_on_wheel/both_hands,both_hands
1077,gaze_zone/front_right,front_right,False,hands_on_wheel/both_hands,both_hands
1078,gaze_zone/front_right,front_right,False,hands_on_wheel/both_hands,both_hands
1079,gaze_zone/front_right,front_right,False,hands_on_wheel/both_hands,both_hands
1080,gaze_zone/front_right,front_right,False,hands_on_wheel/both_hands,both_hands
1081,gaze_zone/front_right,front_right,False,hands_on_wheel/both_hands,both_hands
1082,gaze_zone/front_right,front_right,False,hands_on_wheel/both_hands,both_hands
1083,gaze_zone/front_right,front_right,False,hands_on_wheel/both_hands,both_hands
1084,gaze_zone/front_right,front_right,False,hands_on_wheel/both_hands,both_hands
1085,gaze_zone/front_right,front_right,False,hands_on_wheel/both_hands,both_hands
1086,gaze_zone/front_right,front_right,False,hands_on_wheel/both_hands,both_hands
1087,gaze_zone/front_right,front_right,False,hands_on_wheel/both_hands,both_hands
1088,gaze_zone/front_right,front_right,False,hands_on_wheel/both_hands,both_hands
1089,gaze_zone/front_right,front_right,False,hands_on_wheel/both_hands,both_hands
1090,gaze_zone/front_right,front_right,True,hands_on_wheel/both_hands,both_hands
1091,gaze_zone/front_right,front_right,True,hands_on_wheel/both_hands,both_hands
1092,gaze_zone/front_right,front_right,True,hands_on_wheel/both_hands,both_hands
1093,gaze_zone/front_right,front_right,True,hands_on_wheel/both_hands,both_hands
1094,gaze_zone/front_right,front_right,True,hands_on_wheel/both_hands,both_hands
1095,gaze_zone/front_right,front_right,True,hands_on_wheel/both_hands,both_hands
1096,gaze_zone/front_right,front_right,True,hands_on_wheel/both_hands,both_hands
1097,gaze_zone/front_right,front_right,True,hands_on_wheel/both_hands,both_hands
1098,gaze_zone/front_right,front_right,True,hands_on_wheel/both_hands,both_hands
1099,gaze_zone/front_right,front_right,True,hands_on_wheel/both_hands,both_hands
1100,gaze_zone/front_right,front_right,True,hands_on_wheel/both_hands,both_hands
1101,gaze_zone/front_right,front_right,True,hands_on_wheel/both_hands,both_hands
1102,gaze_zone/front_right,front_right,True,hands_on_wheel/both_hands,both_hands
1103,gaze_zone/front_right,front_right,True,hands_on_wheel/both_hands,both_hands
1104,gaze_zone/front_right,front_right,False,hands_on_wheel/both_hands,both_hands
1105,gaze_zone/front_right,front_right,False,hands_on_wheel/both_hands,both_hands
1106,gaze_zone/front_right,front_right,False,hands_on_wheel/both_hands,both_hands
1107,gaze_zone/front_right,front_right,False,hands_on_wheel/both_hands,both_hands
1108,gaze_zone/front_right,front_right,False,hands_on_wheel/both_hands,both_hands
1109,gaze_zone/front_right,front_right,False,hands_on_wheel/both_hands,both_hands
1110,gaze_zone/front_right,front_right,False,hands_on_wheel/both_hands,both_hands
1111,gaze_zone/front_right,front_right,False,hands_on_wheel/both_hands,both_hands
1112,gaze_zone/front_right,front_right,False,hands_on_wheel/both_hands,both_hands
1113,gaze_zone/front_right,front_right,False,hands_on_wheel/both_hands,both_hands
1114,gaze_zone/front_right,front_right,False,hands_on_wheel/both_hands,both_hands
1115,gaze_zone/front_right,front_right,False,hands_on_wheel/both_hands,both_hands
1116,gaze_zone/front_right,front_right,False,hands_on_wheel/both_hands,both_hands
1117,gaze_zone/front_right,front_right,False,hands_on_wheel/both_hands,both_hands
1118,gaze_zone/front_right,front_right,False,hands_on_wheel/both_hands,both_hands
1119,gaze_zone/front_right,front_right,False,hands_on_wheel/both_hands,both_hands
1120,gaze_zone/front_right,front_right,False,hands_on_wheel/both_hands,both_hands
1121,gaze_zone/front_right,front_right,False,hands_on_wheel/both_hands,both_hands
1122,gaze_zone/front_right,front_right,False,hands_on_wheel/both_hands,both_hands
1123,gaze_zone/front_right,front_right,False,hands_on_wheel/both_hands,both_hands
1124,gaze_zone/front_right,front_right,False,hands_on_wheel/both_hands,both_hands
1125,gaze_zone/front_right,front_right,False,hands_on_wheel/both_hands,both_hands
1126,gaze_zone/front_right,front_right,False,hands_on_wheel/both_hands,both_hands
1127,gaze_zone/front_right,front_right,False,hands_on_wheel/both_hands,both_hands
1128,gaze_zone/front_right,front_right,False,hands_on_wheel/both_hands,both_hands
1129,gaze_zone/front_right,front_right,False,hands_on_wheel/both_hands,both_hands
1130,gaze_zone/front_right,front_right,False,hands_on_wheel/both_hands,both_hands
1131,gaze_zone/front_right,front_right,True,hands_on_wheel/both_hands,both_hands
1132,gaze_zone/front_right,front_right,True,hands_on_wheel/both_hands,both_hands
1133,gaze_zone/front_right,front_right,True,hands_on_wheel/both_hands,both_hands
1134,gaze_zone/front_right,front_right,True,hands_on_wheel/both_hands,both_hands
1135,gaze_zone/front_right,front_right,True,hands_on_wheel/both_hands,both_hands
1136,gaze_zone/front_right,front_right,True,hands_on_wheel/both_hands,both_hands
1137,gaze_zone/front_right,front_right,True,hands_on_wheel/both_hands,both_hands
1138,gaze_zone/front_right,front_right,True,hands_on_wheel/both_hands,both_hands
1139,gaze_zone/front_right,front_right,True,hands_on_wheel/both_hands,both_hands
1140,gaze_zone/front_right,front_right,True,hands_on_wheel/both_hands,both_hands
1141,gaze_zone/front_right,front_right,True,hands_on_wheel/both_hands,both_hands
1142,gaze_zone/front_right,front_right,True,hands_on_wheel/both_hands,both_hands
1143,gaze_zone/front_right,front_right,True,hands_on_wheel/both_hands,both_hands
1144,gaze_zone/front_right,front_right,False,hands_on_wheel/both_hands,both_hands
1145,gaze_zone/front_right,front_right,False,hands_on_wheel/both_hands,both_hands
1146,gaze_zone/front_right,front_right,False,hands_on_wheel/both_hands,both_hands
1147,gaze_zone/front_right,front_right,False,hands_on_wheel/both_hands,both_hands
1148,gaze_zone/front_right,front_right,False,hands_on_wheel/both_hands,both_hands
1149,gaze_zone/front_right,front_right,False,hands_on_wheel/both_hands,both_hands
1150,gaze_zone/front_right,front_right,False,hands_on_wheel/both_hands,both_hands
1151,gaze_zone/front_right,front_right,False,hands_on_wheel/both_hands,both_hands
1152,gaze_zone/front_right,front_right,False,hands_on_wheel/both_hands,both_hands
1153,gaze_zone/front_right,front_right,False,hands_on_wheel/both_hands,both_hands
1154,gaze_zone/front_right,front_right,False,hands_on_wheel/both_hands,both_hands
1155,gaze_zone/front_right,front_right,False,hands_on_wheel/both_hands,both_hands
1156,gaze_zone/front_right,front_right,False,hands_on_wheel/both_hands,both_hands
1157,gaze_zone/front_right,front_right,False,hands_on_wheel/both_hands,both_hands
1158,gaze_zone/front_right,front_right,False,hands_on_wheel/both_hands,both_hands
1159,gaze_zone/front_right,front_right,False,hands_on_wheel/both_hands,both_hands
1160,gaze_zone/front_right,front_right,False,hands_on_wheel/both_hands,both_hands
1161,gaze_zone/front_right,front_right,False,hands_on_wheel/both_hands,both_hands
1162,gaze_zone/front_right,front_right,False,hands_on_wheel/both_hands,both_hands
1163,gaze_zone/front_right,front_right,False,hands_on_wheel/both_hands,both_hands
1164,gaze_zone/front_right,front_right,False,hands_on_wheel/both_hands,both_hands
1165,gaze_zone/front_right,front_right,False,hands_on_wheel/both_hands,both_hands
1166,gaze_zone/front_right,front_right,False,hands_on_wheel/both_hands,both_hands
1167,gaze_zone/front_right,front_right,False,hands_on_wheel/both_hands,both_hands
1168,gaze_zone/front_right,front_right,False,hands_on_wheel/both_hands,both_hands
1169,gaze_zone/front_right,front_right,False,hands_on_wheel/both_hands,both_hands
1170,gaze_zone/front_right,front_right,False,hands_on_wheel/both_hands,both_hands
1171,gaze_zone/front_right,front_right,False,hands_on_wheel/both_hands,both_hands
1172,gaze_zone/front_right,front_right,False,hands_on_wheel/both_hands,both_hands
1173,gaze_zone/front_right,front_right,False,hands_on_wheel/both_hands,both_hands
1174,gaze_zone/front_right,front_right,False,hands_on_wheel/both_hands,both_hands
1175,gaze_zone/front_right,front_right,False,hands_on_wheel/both_hands,both_hands
1176,gaze_zone/front_right,front_right,False,hands_on_wheel/both_hands,both_hands
1177,gaze_zone/front_right,front_right,False,hands_on_wheel/both_hands,both_hands
1178,gaze_zone/front_right,front_right,True,hands_on_wheel/both_hands,both_hands
1179,gaze_zone/front_right,front_right,True,hands_on_wheel/both_hands,both_hands
1180,gaze_zone/front_right,front_right,True,hands_on_wheel/both_hands,both_hands
1181,gaze_zone/front_right,front_right,True,hands_on_wheel/both_hands,both_hands
1182,gaze_zone/front_right,front_right,True,hands_on_wheel/both_hands,both_hands
1183,gaze_zone/right_mirror,right_mirror,True,hands_on_wheel/both_hands,both_hands
1184,gaze_zone/right_mirror,right_mirror,True,hands_on_wheel/both_hands,both_hands
1185,gaze_zone/right_mirror,right_mirror,True,hands_on_wheel/both_hands,both_hands
1186,gaze_zone/right_mirror,right_mirror,True,hands_on_wheel/both_hands,both_hands
1187,gaze_zone/right_mirror,right_mirror,True,hands_on_wheel/both_hands,both_hands
1188,gaze_zone/right_mirror,right_mirror,True,hands_on_wheel/both_hands,both_hands
1189,gaze_zone/right_mirror,right_mirror,True,hands_on_wheel/both_hands,both_hands
1190,gaze_zone/right_mirror,right_mirror,False,hands_on_wheel/both_hands,both_hands
1191,gaze_zone/right_mirror,right_mirror,False,hands_on_wheel/both_hands,both_hands
1192,gaze_zone/right_mirror,right_mirror,False,hands_on_wheel/both_hands,both_hands
1193,gaze_zone/right_mirror,right_mirror,False,hands_on_wheel/both_hands,both_hands
1194,gaze_zone/right_mirror,right_mirror,False,hands_on_wheel/both_hands,both_hands
1195,gaze_zone/right_mirror,right_mirror,False,hands_on_wheel/both_hands,both_hands
1196,gaze_zone/right_mirror,right_mirror,False,hands_on_wheel/both_hands,both_hands
1197,gaze_zone/right_mirror,right_mirror,False,hands_on_wheel/both_hands,both_hands
1198,gaze_zone/right_mirror,right_mirror,False,hands_on_wheel/both_hands,both_hands
1199,gaze_zone/right_mirror,right_mirror,False,hands_on_wheel/both_hands,both_hands
1200,gaze_zone/right_mirror,right_mirror,False,hands_on_wheel/both_hands,both_hands
1201,gaze_zone/right_mirror,right_mirror,False,hands_on_wheel/both_hands,both_hands
1202,gaze_zone/right_mirror,right_mirror,False,hands_on_wheel/both_hands,both_hands
1203,gaze_zone/right_mirror,right_mirror,False,hands_on_wheel/both_hands,both_hands
1204,gaze_zone/right_mirror,right_mirror,False,hands_on_wheel/both_hands,both_hands
1205,gaze_zone/right_mirror,right_mirror,False,hands_on_wheel/both_hands,both_hands
1206,gaze_zone/right_mirror,right_mirror,False,hands_on_wheel/both_hands,both_hands
1207,gaze_zone/right_mirror,right_mirror,False,hands_on_wheel/both_hands,both_hands
1208,gaze_zone/right_mirror,right_mirror,False,hands_on_wheel/both_hands,both_hands
1209,gaze_zone/right_mirror,right_mirror,False,hands_on_wheel/both_hands,both_hands
1210,gaze_zone/right_mirror,right_mirror,False,hands_on_wheel/both_hands,both_hands
1211,gaze_zone/right_mirror,right_mirror,False,hands_on_wheel/both_hands,both_hands
1212,gaze_zone/right_mirror,right_mirror,False,hands_on_wheel/both_hands,both_hands
1213,gaze_zone/right_mirror,right_mirror,False,hands_on_wheel/both_hands,both_hands
1214,gaze_zone/right_mirror,right_mirror,False,hands_on_wheel/both_hands,both_hands
1215,gaze_zone/right_mirror,right_mirror,False,hands_on_wheel/both_hands,both_hands
1216,gaze_zone/right_mirror,right_mirror,False,hands_on_wheel/both_hands,both_hands
1217,gaze_zone/right_mirror,right_mirror,False,hands_on_wheel/both_hands,both_hands
1218,gaze_zone/right_mirror,right_mirror,False,hands_on_wheel/both_hands,both_hands
1219,gaze_zone/right_mirror,right_mirror,False,hands_on_wheel/both_hands,both_hands
1220,gaze_zone/right_mirror,right_mirror,False,hands_on_wheel/both_hands,both_hands
1221,gaze_zone/right_mirror,right_mirror,False,hands_on_wheel/both_hands,both_hands
1222,gaze_zone/right_mirror,right_mirror,False,hands_on_wheel/both_hands,both_hands
1223,gaze_zone/right_mirror,right_mirror,False,hands_on_wheel/both_hands,both_hands
1224,gaze_zone/right_mirror,right_mirror,False,hands_on_wheel/both_hands,both_hands
1225,gaze_zone/right_mirror,right_mirror,False,hands_on_wheel/both_hands,both_hands
1226,gaze_zone/right_mirror,right_mirror,False,hands_on_wheel/both_hands,both_hands
1227,gaze_zone/right_mirror,right_mirror,False,hands_on_wheel/both_hands,both_hands
1228,gaze_zone/right_mirror,right_mirror,False,hands_on_wheel/both_hands,both_hands
1229,gaze_zone/right_mirror,right_mirror,False,hands_on_wheel/both_hands,both_hands
1230,gaze_zone/right_mirror,right_mirror,False,hands_on_wheel/both_hands,both_hands
1231,gaze_zone/right_mirror,right_mirror,False,hands_on_wheel/both_hands,both_hands
1232,gaze_zone/right_mirror,right_mirror,False,hands_on_wheel/both_hands,both_hands
1233,gaze_zone/right_mirror,right_mirror,False,hands_on_wheel/both_hands,both_hands
1234,gaze_zone/right_mirror,right_mirror,False,hands_on_wheel/both_hands,both_hands
1235,gaze_zone/right_mirror,right_mirror,False,hands_on_wheel/both_hands,both_hands
1236,gaze_zone/right_mirror,right_mirror,False,hands_on_wheel/both_hands,both_hands
1237,gaze_zone/right_mirror,right_mirror,False,hands_on_wheel/both_hands,both_hands
1238,gaze_zone/right_mirror,right_mirror,False,hands_on_wheel/both_hands,both_hands
1239,gaze_zone/right_mirror,right_mirror,True,hands_on_wheel/both_hands,both_hands
1240,gaze_zone/right_mirror,right_mirror,True,hands_on_wheel/both_hands,both_hands
1241,gaze_zone/right_mirror,right_mirror,True,hands_on_wheel/both_hands,both_hands
1242,gaze_zone/right_mirror,right_mirror,True,hands_on_wheel/both_hands,both_hands
1243,gaze_zone/right_mirror,right_mirror,True,hands_on_wheel/both_hands,both_hands
1244,gaze_zone/right_mirror,right_mirror,True,hands_on_wheel/both_hands,both_hands
1245,gaze_zone/right_mirror,right_mirror,True,hands_on_wheel/both_hands,both_hands
1246,gaze_zone/right_mirror,right_mirror,True,hands_on_wheel/both_hands,both_hands
1247,gaze_zone/right_mirror,right_mirror,True,hands_on_wheel/both_hands,both_hands
1248,gaze_zone/right_mirror,right_mirror,True,hands_on_wheel/both_hands,both_hands
1249,gaze_zone/right_mirror,right_mirror,True,hands_on_wheel/both_hands,both_hands
1250,gaze_zone/right_mirror,right_mirror,True,hands_on_wheel/both_hands,both_hands
1251,gaze_zone/right_mirror,right_mirror,False,hands_on_wheel/both_hands,both_hands
1252,gaze_zone/right_mirror,right_mirror,False,hands_on_wheel/both_hands,both_hands
1253,gaze_zone/right_mirror,right_mirror,False,hands_on_wheel/both_hands,both_hands
1254,gaze_zone/right_mirror,right_mirror,False,hands_on_wheel/both_hands,both_hands
1255,gaze_zone/right_mirror,right_mirror,False,hands_on_wheel/both_hands,both_hands
1256,gaze_zone/right_mirror,right_mirror,False,hands_on_wheel/both_hands,both_hands
1257,gaze_zone/right_mirror,right_mirror,False,hands_on_wheel/both_hands,both_hands
1258,gaze_zone/right_mirror,right_mirror,False,hands_on_wheel/both_hands,both_hands
1259,gaze_zone/right_mirror,right_mirror,False,hands_on_wheel/both_hands,both_hands
1260,gaze_zone/right_mirror,right_mirror,False,hands_on_wheel/both_hands,both_hands
1261,gaze_zone/right_mirror,right_mirror,False,hands_on_wheel/both_hands,both_hands
1262,gaze_zone/right_mirror,right_mirror,False,hands_on_wheel/both_hands,both_hands
1263,gaze_zone/right_mirror,right_mirror,False,hands_on_wheel/both_hands,both_hands
1264,gaze_zone/right_mirror,right_mirror,False,hands_on_wheel/both_hands,both_hands
1265,gaze_zone/right_mirror,right_mirror,False,hands_on_wheel/both_hands,both_hands
1266,gaze_zone/right_mirror,right_mirror,False,hands_on_wheel/both_hands,both_hands
1267,gaze_zone/right_mirror,right_mirror,False,hands_on_wheel/both_hands,both_hands
1268,gaze_zone/right_mirror,right_mirror,False,hands_on_wheel/both_hands,both_hands
1269,gaze_zone/right_mirror,right_mirror,False,hands_on_wheel/both_hands,both_hands
1270,gaze_zone/right_mirror,right_mirror,False,hands_on_wheel/both_hands,both_hands
1271,gaze_zone/right_mirror,right_mirror,False,hands_on_wheel/both_hands,both_hands
1272,gaze_zone/right_mirror,right_mirror,False,hands_on_wheel/both_hands,both_hands
1273,gaze_zone/right_mirror,right_mirror,False,hands_on_wheel/both_hands,both_hands
1274,gaze_zone/right_mirror,right_mirror,False,hands_on_wheel/both_hands,both_hands
1275,gaze_zone/right_mirror,right_mirror,False,hands_on_wheel/both_hands,both_hands
1276,gaze_zone/right_mirror,right_mirror,False,hands_on_wheel/both_hands,both_hands
1277,gaze_zone/right_mirror,right_mirror,False,hands_on_wheel/both_hands,both_hands
1278,gaze_zone/right_mirror,right_mirror,False,hands_on_wheel/both_hands,both_hands
1279,gaze_zone/right_mirror,right_mirror,False,hands_on_wheel/both_hands,both_hands
1280,gaze_zone/right_mirror,right_mirror,False,hands_on_wheel/both_hands,both_hands
1281,gaze_zone/right_mirror,right_mirror,False,hands_on_wheel/both_hands,both_hands
1282,gaze_zone/right_mirror,right_mirror,True,hands_on_wheel/both_hands,both_hands
1283,gaze_zone/right_mirror,right_mirror,True,hands_on_wheel/both_hands,both_hands
1284,gaze_zone/right_mirror,right_mirror,True,hands_on_wheel/both_hands,both_hands
1285,gaze_zone/right_mirror,right_mirror,True,hands_on_wheel/both_hands,both_hands
1286,gaze_zone/right_mirror,right_mirror,True,hands_on_wheel/both_hands,both_hands
1287,gaze_zone/right_mirror,right_mirror,True,hands_on_wheel/both_hands,both_hands
1288,gaze_zone/right_mirror,right_mirror,True,hands_on_wheel/both_hands,both_hands
1289,gaze_zone/right_mirror,right_mirror,True,hands_on_wheel/both_hands,both_hands
1290,gaze_zone/right_mirror,right_mirror,True,hands_on_wheel/both_hands,both_hands
1291,gaze_zone/right_mirror,right_mirror,True,hands_on_wheel/both_hands,both_hands
1292,gaze_zone/right_mirror,right_mirror,True,hands_on_wheel/both_hands,both_hands
1293,gaze_zone/right_mirror,right_mirror,True,hands_on_wheel/both_hands,both_hands
1294,gaze_zone/right_mirror,right_mirror,True,hands_on_wheel/both_hands,both_hands
1295,gaze_zone/right_mirror,right_mirror,True,hands_on_wheel/both_hands,both_hands
1296,gaze_zone/right_mirror,right_mirror,False,hands_on_wheel/both_hands,both_hands
1297,gaze_zone/right_mirror,right_mirror,False,hands_on_wheel/both_hands,both_hands
1298,gaze_zone/right_mirror,right_mirror,False,hands_on_wheel/both_hands,both_hands
1299,gaze_zone/right_mirror,right_mirror,False,hands_on_wheel/both_hands,both_hands
1300,gaze_zone/right_mirror,right_mirror,False,hands_on_wheel/both_hands,both_hands
1301,gaze_zone/right_mirror,right_mirror,False,hands_on_wheel/both_hands,both_hands
1302,gaze_zone/right_mirror,right_mirror,False,hands_on_wheel/both_hands,both_hands
1303,gaze_zone/right_mirror,right_mirror,False,hands_on_wheel/both_hands,both_hands
1304,gaze_zone/right_mirror,right_mirror,False,hands_on_wheel/both_hands,both_hands
1305,gaze_zone/right_mirror,right_mirror,True,hands_on_wheel/both_hands,both_hands
1306,gaze_zone/right_mirror,right_mirror,True,hands_on_wheel/both_hands,both_hands
1307,gaze_zone/right_mirror,right_mirror,True,hands_on_wheel/both_hands,both_hands
1308,gaze_zone/right_mirror,right_mirror,True,hands_on_wheel/both_hands,both_hands
1309,gaze_zone/right_mirror,right_mirror,True,hands_on_wheel/both_hands,both_hands
1310,gaze_zone/right_mirror,right_mirror,True,hands_on_wheel/both_hands,both_hands
1311,gaze_zone/right_mirror,right_mirror,True,hands_on_wheel/both_hands,both_hands
1312,gaze_zone/right_mirror,right_mirror,True,hands_on_wheel/both_hands,both_hands
1313,gaze_zone/right_mirror,right_mirror,True,hands_on_wheel/both_hands,both_hands
1314,gaze_zone/right_mirror,right_mirror,True,hands_on_wheel/both_hands,both_hands
1315,gaze_zone/right_mirror,right_mirror,True,hands_on_wheel/both_hands,both_hands
1316,gaze_zone/right_mirror,right_mirror,True,hands_on_wheel/both_hands,both_hands
1317,gaze_zone/right_mirror,right_mirror,True,hands_on_wheel/both_hands,both_hands
1318,gaze_zone/right_mirror,right_mirror,False,hands_on_wheel/both_hands,both_hands
1319,gaze_zone/right_mirror,right_mirror,False,hands_on_wheel/both_hands,both_hands
1320,gaze_zone/right_mirror,right_mirror,False,hands_on_wheel/both_hands,both_hands
1321,gaze_zone/right_mirror,right_mirror,False,hands_on_wheel/both_hands,both_hands
1322,gaze_zone/right_mirror,right_mirror,False,hands_on_wheel/both_hands,both_hands
1323,gaze_zone/right_mirror,right_mirror,False,hands_on_wheel/both_hands,both_hands
1324,gaze_zone/right_mirror,right_mirror,False,hands_on_wheel/both_hands,both_hands
1325,gaze_zone/right_mirror,right_mirror,False,hands_on_wheel/both_hands,both_hands
1326,gaze_zone/right_mirror,right_mirror,False,hands_on_wheel/both_hands,both_hands
1327,gaze_zone/right_mirror,right_mirror,False,hands_on_wheel/both_hands,both_hands
1328,gaze_zone/right_mirror,right_mirror,False,hands_on_wheel/both_hands,both_hands
1329,gaze_zone/right_mirror,right_mirror,False,hands_on_wheel/both_hands,both_hands
1330,gaze_zone/right_mirror,right_mirror,False,hands_on_wheel/both_hands,both_hands
1331,gaze_zone/right_mirror,right_mirror,False,hands_on_wheel/both_hands,both_hands
1332,gaze_zone/right_mirror,right_mirror,False,hands_on_wheel/both_hands,both_hands
1333,gaze_zone/right_mirror,right_mirror,False,hands_on_wheel/both_hands,both_hands
1334,gaze_zone/right_mirror,right_mirror,False,hands_on_wheel/both_hands,both_hands
1335,gaze_zone/right_mirror,right_mirror,False,hands_on_wheel/both_hands,both_hands
1336,gaze_zone/right_mirror,right_mirror,False,hands_on_wheel/both_hands,both_hands
1337,gaze_zone/right_mirror,right_mirror,False,hands_on_wheel/both_hands,both_hands
1338,gaze_zone/right_mirror,right_mirror,False,hands_on_wheel/both_hands,both_hands
1339,gaze_zone/right_mirror,right_mirror,False,hands_on_wheel/both_hands,both_hands
1340,gaze_zone/right_mirror,right_mirror,False,hands_on_wheel/both_hands,both_hands
1341,gaze_zone/right_mirror,right_mirror,False,hands_on_wheel/both_hands,both_hands
1342,gaze_zone/right_mirror,right_mirror,False,hands_on_wheel/both_hands,both_hands
1343,gaze_zone/right_mirror,right_mirror,False,hands_on_wheel/both_hands,both_hands
1344,gaze_zone/right_mirror,right_mirror,False,hands_on_wheel/both_hands,both_hands
1345,gaze_zone/right_mirror,right_mirror,False,hands_on_wheel/both_hands,both_hands
1346,gaze_zone/right_mirror,right_mirror,False,hands_on_wheel/both_hands,both_hands
1347,gaze_zone/right_mirror,right_mirror,False,hands_on_wheel/both_hands,both_hands
1348,gaze_zone/right_mirror,right_mirror,False,hands_on_wheel/both_hands,both_hands
1349,gaze_zone/right_mirror,right_mirror,False,hands_on_wheel/both_hands,both_hands
1350,gaze_zone/right_mirror,right_mirror,False,hands_on_wheel/both_hands,both_hands
1351,gaze_zone/right_mirror,right_mirror,False,hands_on_wheel/both_hands,both_hands
1352,gaze_zone/right_mirror,right_mirror,False,hands_on_wheel/both_hands,both_hands
1353,gaze_zone/right_mirror,right_mirror,False,hands_on_wheel/both_hands,both_hands
1354,gaze_zone/right_mirror,right_mirror,False,hands_on_wheel/both_hands,both_hands
1355,gaze_zone/right_mirror,right_mirror,False,hands_on_wheel/both_hands,both_hands
1356,gaze_zone/right_mirror,right_mirror,True,hands_on_wheel/both_hands,both_hands
1357,gaze_zone/right_mirror,right_mirror,True,hands_on_wheel/both_hands,both_hands
1358,gaze_zone/right_mirror,right_mirror,True,hands_on_wheel/both_hands,both_hands
1359,gaze_zone/right_mirror,right_mirror,True,hands_on_wheel/both_hands,both_hands
1360,gaze_zone/right_mirror,right_mirror,True,hands_on_wheel/both_hands,both_hands
1361,gaze_zone/right_mirror,right_mirror,True,hands_on_wheel/both_hands,both_hands
1362,gaze_zone/right_mirror,right_mirror,True,hands_on_wheel/both_hands,both_hands
1363,gaze_zone/right_mirror,right_mirror,True,hands_on_wheel/both_hands,both_hands
1364,gaze_zone/right_mirror,right_mirror,True,hands_on_wheel/both_hands,both_hands
1365,gaze_zone/right_mirror,right_mirror,True,hands_on_wheel/both_hands,both_hands
1366,gaze_zone/right_mirror,right_mirror,True,hands_on_wheel/both_hands,both_hands
1367,gaze_zone/right_mirror,right_mirror,True,hands_on_wheel/both_hands,both_hands
1368,gaze_zone/right_mirror,right_mirror,True,hands_on_wheel/both_hands,both_hands
1369,gaze_zone/right_mirror,right_mirror,True,hands_on_wheel/both_hands,both_hands
1370,gaze_zone/right_mirror,right_mirror,False,hands_on_wheel/both_hands,both_hands
1371,gaze_zone/right_mirror,right_mirror,False,hands_on_wheel/both_hands,both_hands
1372,gaze_zone/right_mirror,right_mirror,False,hands_on_wheel/both_hands,both_hands
1373,gaze_zone/right_mirror,right_mirror,False,hands_on_wheel/both_hands,both_hands
1374,gaze_zone/right_mirror,right_mirror,False,hands_on_wheel/both_hands,both_hands
1375,gaze_zone/right_mirror,right_mirror,False,hands_on_wheel/both_hands,both_hands
1376,gaze_zone/right_mirror,right_mirror,False,hands_on_wheel/both_hands,both_hands
1377,gaze_zone/right_mirror,right_mirror,False,hands_on_wheel/both_hands,both_hands
1378,gaze_zone/right_mirror,right_mirror,False,hands_on_wheel/both_hands,both_hands
1379,gaze_zone/right_mirror,right_mirror,False,hands_on_wheel/both_hands,both_hands
1380,gaze_zone/right_mirror,right_mirror,False,hands_on_wheel/both_hands,both_hands
1381,gaze_zone/right_mirror,right_mirror,False,hands_on_wheel/both_hands,both_hands
1382,gaze_zone/right_mirror,right_mirror,False,hands_on_wheel/both_hands,both_hands
1383,gaze_zone/right_mirror,right_mirror,False,hands_on_wheel/both_hands,both_hands
1384,gaze_zone/right_mirror,right_mirror,False,hands_on_wheel/both_hands,both_hands
1385,gaze_zone/right_mirror,right_mirror,False,hands_on_wheel/both_hands,both_hands
1386,gaze_zone/right_mirror,right_mirror,False,hands_on_wheel/both_hands,both_hands
1387,gaze_zone/right_mirror,right_mirror,False,hands_on_wheel/both_hands,both_hands
1388,gaze_zone/right_mirror,right_mirror,False,hands_on_wheel/both_hands,both_hands
1389,gaze_zone/right_mirror,right_mirror,False,hands_on_wheel/both_hands,both_hands
1390,gaze_zone/right_mirror,right_mirror,False,hands_on_wheel/both_hands,both_hands
1391,gaze_zone/right_mirror,right_mirror,False,hands_on_wheel/both_hands,both_hands
1392,gaze_zone/right_mirror,right_mirror,False,hands_on_wheel/both_hands,both_hands
1393,gaze_zone/right_mirror,right_mirror,False,hands_on_wheel/both_hands,both_hands
1394,gaze_zone/right_mirror,right_mirror,False,hands_on_wheel/both_hands,both_hands
1395,gaze_zone/right_mirror,right_mirror,False,hands_on_wheel/both_hands,both_hands
1396,gaze_zone/right_mirror,right_mirror,False,hands_on_wheel/both_hands,both_hands
1397,gaze_zone/right_mirror,right_mirror,False,hands_on_wheel/both_hands,both_hands
1398,gaze_zone/right_mirror,right_mirror,False,hands_on_wheel/both_hands,both_hands
1399,gaze_zone/right,right,False,hands_on_wheel/both_hands,both_hands
1400,gaze_zone/right,right,False,hands_on_wheel/both_hands,both_hands
1401,gaze_zone/right,right,False,hands_on_wheel/both_hands,both_hands
1402,gaze_zone/right,right,False,hands_on_wheel/both_hands,both_hands
1403,gaze_zone/right,right,False,hands_on_wheel/both_hands,both_hands
1404,gaze_zone/right,right,False,hands_on_wheel/both_hands,both_hands
1405,gaze_zone/right,right,False,hands_on_wheel/both_hands,both_hands
1406,gaze_zone/right,right,False,hands_on_wheel/both_hands,both_hands
1407,gaze_zone/right,right,False,hands_on_wheel/both_hands,both_hands
1408,gaze_zone/right,right,False,hands_on_wheel/both_hands,both_hands
1409,gaze_zone/right,right,False,hands_on_wheel/both_hands,both_hands
1410,gaze_zone/right,right,False,hands_on_wheel/both_hands,both_hands
1411,gaze_zone/right,right,False,hands_on_wheel/both_hands,both_hands
1412,gaze_zone/right,right,False,hands_on_wheel/both_hands,both_hands
1413,gaze_zone/right,right,False,hands_on_wheel/both_hands,both_hands
1414,gaze_zone/right,right,False,hands_on_wheel/both_hands,both_hands
1415,gaze_zone/right,right,False,hands_on_wheel/both_hands,both_hands
1416,gaze_zone/right,right,False,hands_on_wheel/both_hands,both_hands
1417,gaze_zone/right,right,False,hands_on_wheel/both_hands,both_hands
1418,gaze_zone/right,right,False,hands_on_wheel/both_hands,both_hands
1419,gaze_zone/right,right,False,hands_on_wheel/both_hands,both_hands
1420,gaze_zone/right,right,False,hands_on_wheel/both_hands,both_hands
1421,gaze_zone/right,right,False,hands_on_wheel/both_hands,both_hands
1422,gaze_zone/right,right,False,hands_on_wheel/both_hands,both_hands
1423,gaze_zone/right,right,False,hands_on_wheel/both_hands,both_hands
1424,gaze_zone/right,right,False,hands_on_wheel/both_hands,both_hands
1425,gaze_zone/right,right,False,hands_on_wheel/both_hands,both_hands
1426,gaze_zone/right,right,False,hands_on_wheel/both_hands,both_hands
1427,gaze_zone/right,right,False,hands_on_wheel/both_hands,both_hands
1428,gaze_zone/right,right,False,hands_on_wheel/both_hands,both_hands
1429,gaze_zone/right,right,False,hands_on_wheel/both_hands,both_hands
1430,gaze_zone/right,right,False,hands_on_wheel/both_hands,both_hands
1431,gaze_zone/right,right,False,hands_on_wheel/both_hands,both_hands
1432,gaze_zone/right,right,False,hands_on_wheel/both_hands,both_hands
1433,gaze_zone/right,right,False,hands_on_wheel/both_hands,both_hands
1434,gaze_zone/right,right,False,hands_on_wheel/both_hands,both_hands
1435,gaze_zone/right,right,False,hands_on_wheel/both_hands,both_hands
1436,gaze_zone/right,right,False,hands_on_wheel/both_hands,both_hands
1437,gaze_zone/right,right,False,hands_on_wheel/both_hands,both_hands
1438,gaze_zone/right,right,False,hands_on_wheel/both_hands,both_hands
1439,gaze_zone/right,right,False,hands_on_wheel/both_hands,both_hands
1440,gaze_zone/right,right,False,hands_on_wheel/both_hands,both_hands
1441,gaze_zone/right,right,False,hands_on_wheel/both_hands,both_hands
1442,gaze_zone/right,right,False,hands_on_wheel/both_hands,both_hands
1443,gaze_zone/right,right,False,hands_on_wheel/both_hands,both_hands
1444,gaze_zone/right,right,False,hands_on_wheel/both_hands,both_hands
1445,gaze_zone/right,right,False,hands_on_wheel/both_hands,both_hands
1446,gaze_zone/right,right,False,hands_on_wheel/both_hands,both_hands
1447,gaze_zone/right,right,False,hands_on_wheel/both_hands,both_hands
1448,gaze_zone/right,right,False,hands_on_wheel/both_hands,both_hands
1449,gaze_zone/right,right,False,hands_on_wheel/both_hands,both_hands
1450,gaze_zone/right,right,False,hands_on_wheel/both_hands,both_hands
1451,gaze_zone/right,right,False,hands_on_wheel/both_hands,both_hands
1452,gaze_zone/right,right,False,hands_on_wheel/both_hands,both_hands
1453,gaze_zone/right,right,False,hands_on_wheel/both_hands,both_hands
1454,gaze_zone/right,right,False,hands_on_wheel/both_hands,both_hands
1455,gaze_zone/right,right,False,hands_on_wheel/both_hands,both_hands
1456,gaze_zone/right,right,False,hands_on_wheel/both_hands,both_hands
1457,gaze_zone/right,right,False,hands_on_wheel/both_hands,both_hands
1458,gaze_zone/right,right,False,hands_on_wheel/both_hands,both_hands
1459,gaze_zone/right,right,False,hands_on_wheel/both_hands,both_hands
1460,gaze_zone/right,right,False,hands_on_wheel/both_hands,both_hands
1461,gaze_zone/right,right,False,hands_on_wheel/both_hands,both_hands
1462,gaze_zone/right,right,False,hands_on_wheel/both_hands,both_hands
1463,gaze_zone/right,right,False,hands_on_wheel/both_hands,both_hands
1464,gaze_zone/right,right,False,hands_on_wheel/both_hands,both_hands
1465,gaze_zone/right,right,False,hands_on_wheel/both_hands,both_hands
1466,gaze_zone/right,right,False,hands_on_wheel/both_hands,both_hands
1467,gaze_zone/right,right,False,hands_on_wheel/both_hands,both_hands
1468,gaze_zone/right,right,False,hands_on_wheel/both_hands,both_hands
1469,gaze_zone/right,right,False,hands_on_wheel/both_hands,both_hands
1470,gaze_zone/right,right,False,hands_on_wheel/both_hands,both_hands
1471,gaze_zone/right,right,False,hands_on_wheel/both_hands,both_hands
1472,gaze_zone/right,right,False,hands_on_wheel/both_hands,both_hands
1473,gaze_zone/right,right,False,hands_on_wheel/both_hands,both_hands
1474,gaze_zone/right,right,False,hands_on_wheel/both_hands,both_hands
1475,gaze_zone/right,right,False,hands_on_wheel/both_hands,both_hands
1476,gaze_zone/right,right,False,hands_on_wheel/both_hands,both_hands
1477,gaze_zone/right,right,False,hands_on_wheel/both_hands,both_hands
1478,gaze_zone/right,right,False,hands_on_wheel/both_hands,both_hands
1479,gaze_zone/right,right,False,hands_on_wheel/both_hands,both_hands
1480,gaze_zone/right,right,False,hands_on_wheel/both_hands,both_hands
1481,gaze_zone/right,right,False,hands_on_wheel/both_hands,both_hands
1482,gaze_zone/right,right,False,hands_on_wheel/both_hands,both_hands
1483,gaze_zone/right,right,False,hands_on_wheel/both_hands,both_hands
1484,gaze_zone/right,right,False,hands_on_wheel/both_hands,both_hands
1485,gaze_zone/right,right,False,hands_on_wheel/both_hands,both_hands
1486,gaze_zone/right,right,False,hands_on_wheel/both_hands,both_hands
1487,gaze_zone/right,right,False,hands_on_wheel/both_hands,both_hands
1488,gaze_zone/right,right,False,hands_on_wheel/both_hands,both_hands
1489,gaze_zone/right,right,False,hands_on_wheel/both_hands,both_hands
1490,gaze_zone/right,right,False,hands_on_wheel/both_hands,both_hands
1491,gaze_zone/right,right,False,hands_on_wheel/both_hands,both_hands
1492,gaze_zone/right,right,False,hands_on_wheel/both_hands,both_hands
1493,gaze_zone/right,right,False,hands_on_wheel/both_hands,both_hands
1494,gaze_zone/right,right,False,hands_on_wheel/both_hands,both_hands
1495,gaze_zone/right,right,False,hands_on_wheel/both_hands,both_hands
1496,gaze_zone/right,right,False,hands_on_wheel/both_hands,both_hands
1497,gaze_zone/right,right,False,hands_on_wheel/both_hands,both_hands
1498,gaze_zone/right,right,False,hands_on_wheel/both_hands,both_hands
1499,gaze_zone/right,right,False,hands_on_wheel/both_hands,both_hands
1500,gaze_zone/right,right,True,hands_on_wheel/both_hands,both_hands
1501,gaze_zone/right,right,True,hands_on_wheel/both_hands,both_hands
1502,gaze_zone/right,right,True,hands_on_wheel/both_hands,both_hands
1503,gaze_zone/right,right,True,hands_on_wheel/both_hands,both_hands
1504,gaze_zone/right,right,True,hands_on_wheel/both_hands,both_hands
1505,gaze_zone/right,right,True,hands_on_wheel/both_hands,both_hands
1506,gaze_zone/right,right,True,hands_on_wheel/both_hands,both_hands
1507,gaze_zone/right,right,True,hands_on_wheel/both_hands,both_hands
1508,gaze_zone/right,right,True,hands_on_wheel/both_hands,both_hands
1509,gaze_zone/right,right,True,hands_on_wheel/both_hands,both_hands
1510,gaze_zone/right,right,True,hands_on_wheel/both_hands,both_hands
1511,gaze_zone/right,right,True,hands_on_wheel/both_hands,both_hands
1512,gaze_zone/right,right,False,hands_on_wheel/both_hands,both_hands
1513,gaze_zone/right,right,False,hands_on_wheel/both_hands,both_hands
1514,gaze_zone/right,right,False,hands_on_wheel/both_hands,both_hands
1515,gaze_zone/right,right,False,hands_on_wheel/both_hands,both_hands
1516,gaze_zone/right,right,False,hands_on_wheel/both_hands,both_hands
1517,gaze_zone/right,right,False,hands_on_wheel/both_hands,both_hands
1518,gaze_zone/right,right,False,hands_on_wheel/both_hands,both_hands
1519,gaze_zone/right,right,False,hands_on_wheel/both_hands,both_hands
1520,gaze_zone/right,right,False,hands_on_wheel/both_hands,both_hands
1521,gaze_zone/right,right,False,hands_on_wheel/both_hands,both_hands
1522,gaze_zone/right,right,False,hands_on_wheel/both_hands,both_hands
1523,gaze_zone/right,right,True,hands_on_wheel/both_hands,both_hands
1524,gaze_zone/right,right,True,hands_on_wheel/both_hands,both_hands
1525,gaze_zone/right,right,True,hands_on_wheel/both_hands,both_hands
1526,gaze_zone/right,right,True,hands_on_wheel/both_hands,both_hands
1527,gaze_zone/right,right,True,hands_on_wheel/both_hands,both_hands
1528,gaze_zone/right,right,True,hands_on_wheel/both_hands,both_hands
1529,gaze_zone/right,right,True,hands_on_wheel/both_hands,both_hands
1530,gaze_zone/right,right,True,hands_on_wheel/both_hands,both_hands
1531,gaze_zone/right,right,True,hands_on_wheel/both_hands,both_hands
1532,gaze_zone/right,right,True,hands_on_wheel/both_hands,both_hands
1533,gaze_zone/right,right,True,hands_on_wheel/both_hands,both_hands
1534,gaze_zone/right,right,False,hands_on_wheel/both_hands,both_hands
1535,gaze_zone/right,right,False,hands_on_wheel/both_hands,both_hands
1536,gaze_zone/right,right,False,hands_on_wheel/both_hands,both_hands
1537,gaze_zone/right,right,False,hands_on_wheel/both_hands,both_hands
1538,gaze_zone/right,right,False,hands_on_wheel/both_hands,both_hands
1539,gaze_zone/right,right,False,hands_on_wheel/both_hands,both_hands
1540,gaze_zone/right,right,False,hands_on_wheel/both_hands,both_hands
1541,gaze_zone/right,right,False,hands_on_wheel/both_hands,both_hands
1542,gaze_zone/right,right,False,hands_on_wheel/both_hands,both_hands
1543,gaze_zone/right,right,False,hands_on_wheel/both_hands,both_hands
1544,gaze_zone/right,right,False,hands_on_wheel/both_hands,both_hands
1545,gaze_zone/right,right,False,hands_on_wheel/both_hands,both_hands
1546,gaze_zone/right,right,False,hands_on_wheel/both_hands,both_hands
1547,gaze_zone/right,right,False,hands_on_wheel/both_hands,both_hands
1548,gaze_zone/right,right,False,hands_on_wheel/both_hands,both_hands
1549,gaze_zone/right,right,False,hands_on_wheel/both_hands,both_hands
1550,gaze_zone/right,right,False,hands_on_wheel/both_hands,both_hands
1551,gaze_zone/right,right,False,hands_on_wheel/both_hands,both_hands
1552,gaze_zone/right,right,False,hands_on_wheel/both_hands,both_hands
1553,gaze_zone/right,right,False,hands_on_wheel/both_hands,both_hands
1554,gaze_zone/right,right,False,hands_on_wheel/both_hands,both_hands
1555,gaze_zone/right,right,False,hands_on_wheel/both_hands,both_hands
1556,gaze_zone/right,right,False,hands_on_wheel/both_hands,both_hands
1557,gaze_zone/right,right,False,hands_on_wheel/both_hands,both_hands
1558,gaze_zone/right,right,True,hands_on_wheel/both_hands,both_hands
1559,gaze_zone/right,right,True,hands_on_wheel/both_hands,both_hands
1560,gaze_zone/right,right,True,hands_on_wheel/both_hands,both_hands
1561,gaze_zone/right,right,True,hands_on_wheel/both_hands,both_hands
1562,gaze_zone/right,right,True,hands_on_wheel/both_hands,both_hands
1563,gaze_zone/right,right,True,hands_on_wheel/both_hands,both_hands
1564,gaze_zone/right,right,True,hands_on_wheel/both_hands,both_hands
1565,gaze_zone/right,right,True,hands_on_wheel/both_hands,both_hands
1566,gaze_zone/right,right,False,hands_on_wheel/both_hands,both_hands
1567,gaze_zone/right,right,False,hands_on_wheel/both_hands,both_hands
1568,gaze_zone/right,right,False,hands_on_wheel/both_hands,both_hands
1569,gaze_zone/right,right,False,hands_on_wheel/both_hands,both_hands
1570,gaze_zone/right,right,False,hands_on_wheel/both_hands,both_hands
1571,gaze_zone/right,right,False,hands_on_wheel/both_hands,both_hands
1572,gaze_zone/right,right,False,hands_on_wheel/both_hands,both_hands
1573,gaze_zone/right,right,False,hands_on_wheel/both_hands,both_hands
1574,gaze_zone/right,right,False,hands_on_wheel/both_hands,both_hands
1575,gaze_zone/right,right,False,hands_on_wheel/both_hands,both_hands
1576,gaze_zone/right,right,True,hands_on_wheel/both_hands,both_hands
1577,gaze_zone/right,right,True,hands_on_wheel/both_hands,both_hands
1578,gaze_zone/right,right,True,hands_on_wheel/both_hands,both_hands
1579,gaze_zone/right,right,True,hands_on_wheel/both_hands,both_hands
1580,gaze_zone/right,right,True,hands_on_wheel/both_hands,both_hands
1581,gaze_zone/right,right,True,hands_on_wheel/both_hands,both_hands
1582,gaze_zone/right,right,True,hands_on_wheel/both_hands,both_hands
1583,gaze_zone/right,right,True,hands_on_wheel/both_hands,both_hands
1584,gaze_zone/right,right,True,hands_on_wheel/both_hands,both_hands
1585,gaze_zone/right,right,False,hands_on_wheel/both_hands,both_hands
1586,gaze_zone/right,right,False,hands_on_wheel/both_hands,both_hands
1587,gaze_zone/right,right,False,hands_on_wheel/both_hands,both_hands
1588,gaze_zone/right,right,False,hands_on_wheel/both_hands,both_hands
1589,gaze_zone/right,right,True,hands_on_wheel/both_hands,both_hands
1590,gaze_zone/right,right,True,hands_on_wheel/both_hands,both_hands
1591,gaze_zone/right,right,True,hands_on_wheel/both_hands,both_hands
1592,gaze_zone/right,right,True,hands_on_wheel/both_hands,both_hands
1593,gaze_zone/right,right,True,hands_on_wheel/both_hands,both_hands
1594,gaze_zone/right,right,True,hands_on_wheel/both_hands,both_hands
1595,gaze_zone/right,right,True,hands_on_wheel/both_hands,both_hands
1596,gaze_zone/right,right,True,hands_on_wheel/both_hands,both_hands
1597,gaze_zone/right,right,True,hands_on_wheel/both_hands,both_hands
1598,gaze_zone/right,right,True,hands_on_wheel/both_hands,both_hands
1599,gaze_zone/right,right,True,hands_on_wheel/both_hands,both_hands
1600,gaze_zone/right,right,True,hands_on_wheel/both_hands,both_hands
1601,gaze_zone/right,right,False,hands_on_wheel/both_hands,both_hands
1602,gaze_zone/right,right,False,hands_on_wheel/both_hands,both_hands
1603,gaze_zone/right,right,False,hands_on_wheel/both_hands,both_hands
1604,gaze_zone/right,right,False,hands_on_wheel/both_hands,both_hands
1605,gaze_zone/right,right,False,hands_on_wheel/both_hands,both_hands
1606,gaze_zone/right,right,False,hands_on_wheel/both_hands,both_hands
1607,gaze_zone/right,right,False,hands_on_wheel/both_hands,both_hands
1608,gaze_zone/right,right,False,hands_on_wheel/both_hands,both_hands
1609,gaze_zone/right,right,False,hands_on_wheel/both_hands,both_hands
1610,gaze_zone/right,right,False,hands_on_wheel/both_hands,both_hands
1611,gaze_zone/right,right,False,hands_on_wheel/both_hands,both_hands
1612,gaze_zone/right,right,False,hands_on_wheel/both_hands,both_hands
1613,gaze_zone/right,right,False,hands_on_wheel/both_hands,both_hands
1614,gaze_zone/right,right,False,hands_on_wheel/both_hands,both_hands
1615,gaze_zone/right,right,False,hands_on_wheel/both_hands,both_hands
1616,gaze_zone/right,right,False,hands_on_wheel/both_hands,both_hands
1617,gaze_zone/right,right,False,hands_on_wheel/both_hands,both_hands
1618,gaze_zone/right,right,False,hands_on_wheel/both_hands,both_hands
1619,gaze_zone/right,right,False,hands_on_wheel/both_hands,both_hands
1620,gaze_zone/right,right,False,hands_on_wheel/both_hands,both_hands
1621,gaze_zone/right,right,False,hands_on_wheel/both_hands,both_hands
1622,gaze_zone/right,right,True,hands_on_wheel/both_hands,both_hands
1623,gaze_zone/right,right,True,hands_on_wheel/both_hands,both_hands
1624,gaze_zone/right,right,True,hands_on_wheel/both_hands,both_hands
1625,gaze_zone/right,right,True,hands_on_wheel/both_hands,both_hands
1626,gaze_zone/right,right,True,hands_on_wheel/both_hands,both_hands
1627,gaze_zone/right,right,True,hands_on_wheel/both_hands,both_hands
1628,gaze_zone/right,right,True,hands_on_wheel/both_hands,both_hands
1629,gaze_zone/right,right,True,hands_on_wheel/both_hands,both_hands
1630,gaze_zone/right,right,True,hands_on_wheel/both_hands,both_hands
1631,gaze_zone/right,right,True,hands_on_wheel/both_hands,both_hands
1632,gaze_zone/right,right,True,hands_on_wheel/both_hands,both_hands
1633,gaze_zone/right,right,True,hands_on_wheel/both_hands,both_hands
1634,gaze_zone/right,right,True,hands_on_wheel/both_hands,both_hands
1635,gaze_zone/right,right,True,hands_on_wheel/both_hands,both_hands
1636,gaze_zone/right,right,True,hands_on_wheel/both_hands,both_hands
1637,gaze_zone/right,right,True,hands_on_wheel/both_hands,both_hands
1638,gaze_zone/right,right,True,hands_on_wheel/both_hands,both_hands
1639,gaze_zone/right,right,False,hands_on_wheel/both_hands,both_hands
1640,gaze_zone/right,right,False,hands_on_wheel/both_hands,both_hands
1641,gaze_zone/right,right,False,hands_on_wheel/both_hands,both_hands
1642,gaze_zone/right,right,False,hands_on_wheel/both_hands,both_hands
1643,gaze_zone/right,right,False,hands_on_wheel/both_hands,both_hands
1644,gaze_zone/right,right,False,hands_on_wheel/both_hands,both_hands
1645,gaze_zone/right,right,False,hands_on_wheel/both_hands,both_hands
1646,gaze_zone/right,right,False,hands_on_wheel/both_hands,both_hands
1647,gaze_zone/infotainment,infotainment,False,hands_on_wheel/both_hands,both_hands
1648,gaze_zone/infotainment,infotainment,False,hands_on_wheel/both_hands,both_hands
1649,gaze_zone/infotainment,infotainment,False,hands_on_wheel/both_hands,both_hands
1650,gaze_zone/infotainment,infotainment,False,hands_on_wheel/both_hands,both_hands
1651,gaze_zone/infotainment,infotainment,False,hands_on_wheel/both_hands,both_hands
1652,gaze_zone/infotainment,infotainment,False,hands_on_wheel/both_hands,both_hands
1653,gaze_zone/infotainment,infotainment,False,hands_on_wheel/both_hands,both_hands
1654,gaze_zone/infotainment,infotainment,False,hands_on_wheel/both_hands,both_hands
1655,gaze_zone/infotainment,infotainment,False,hands_on_wheel/both_hands,both_hands
1656,gaze_zone/infotainment,infotainment,False,hands_on_wheel/both_hands,both_hands
1657,gaze_zone/infotainment,infotainment,False,hands_on_wheel/both_hands,both_hands
1658,gaze_zone/infotainment,infotainment,False,hands_on_wheel/both_hands,both_hands
1659,gaze_zone/infotainment,infotainment,False,hands_on_wheel/both_hands,both_hands
1660,gaze_zone/infotainment,infotainment,False,hands_on_wheel/both_hands,both_hands
1661,gaze_zone/infotainment,infotainment,False,hands_on_wheel/both_hands,both_hands
1662,gaze_zone/infotainment,infotainment,False,hands_on_wheel/both_hands,both_hands
1663,gaze_zone/infotainment,infotainment,False,hands_on_wheel/both_hands,both_hands
1664,gaze_zone/infotainment,infotainment,False,hands_on_wheel/both_hands,both_hands
1665,gaze_zone/infotainment,infotainment,False,hands_on_wheel/both_hands,both_hands
1666,gaze_zone/infotainment,infotainment,False,hands_on_wheel/both_hands,both_hands
1667,gaze_zone/infotainment,infotainment,False,hands_on_wheel/both_hands,both_hands
1668,gaze_zone/infotainment,infotainment,False,hands_on_wheel/both_hands,both_hands
1669,gaze_zone/infotainment,infotainment,False,hands_on_wheel/both_hands,both_hands
1670,gaze_zone/infotainment,infotainment,False,hands_on_wheel/both_hands,both_hands
1671,gaze_zone/infotainment,infotainment,False,hands_on_wheel/both_hands,both_hands
1672,gaze_zone/infotainment,infotainment,False,hands_on_wheel/both_hands,both_hands
1673,gaze_zone/infotainment,infotainment,False,hands_on_wheel/both_hands,both_hands
1674,gaze_zone/infotainment,infotainment,False,hands_on_wheel/both_hands,both_hands
1675,gaze_zone/infotainment,infotainment,False,hands_on_wheel/both_hands,both_hands
1676,gaze_zone/infotainment,infotainment,False,hands_on_wheel/both_hands,both_hands
1677,gaze_zone/infotainment,infotainment,False,hands_on_wheel/both_hands,both_hands
1678,gaze_zone/infotainment,infotainment,False,hands_on_wheel/both_hands,both_hands
1679,gaze_zone/infotainment,infotainment,False,hands_on_wheel/both_hands,both_hands
1680,gaze_zone/infotainment,infotainment,False,hands_on_wheel/both_hands,both_hands
1681,gaze_zone/infotainment,infotainment,False,hands_on_wheel/both_hands,both_hands
1682,gaze_zone/infotainment,infotainment,False,hands_on_wheel/both_hands,both_hands
1683,gaze_zone/infotainment,infotainment,False,hands_on_wheel/both_hands,both_hands
1684,gaze_zone/infotainment,infotainment,False,hands_on_wheel/both_hands,both_hands
1685,gaze_zone/infotainment,infotainment,False,hands_on_wheel/both_hands,both_hands
1686,gaze_zone/infotainment,infotainment,False,hands_on_wheel/both_hands,both_hands
1687,gaze_zone/infotainment,infotainment,False,hands_on_wheel/both_hands,both_hands
1688,gaze_zone/infotainment,infotainment,False,hands_on_wheel/both_hands,both_hands
1689,gaze_zone/infotainment,infotainment,False,hands_on_wheel/both_hands,both_hands
1690,gaze_zone/infotainment,infotainment,False,hands_on_wheel/both_hands,both_hands
1691,gaze_zone/infotainment,infotainment,False,hands_on_wheel/both_hands,both_hands
1692,gaze_zone/infotainment,infotainment,False,hands_on_wheel/both_hands,both_hands
1693,gaze_zone/infotainment,infotainment,False,hands_on_wheel/both_hands,both_hands
1694,gaze_zone/infotainment,infotainment,False,hands_on_wheel/both_hands,both_hands
1695,gaze_zone/infotainment,infotainment,False,hands_on_wheel/both_hands,both_hands
1696,gaze_zone/infotainment,infotainment,False,hands_on_wheel/both_hands,both_hands
1697,gaze_zone/infotainment,infotainment,False,hands_on_wheel/both_hands,both_hands
1698,gaze_zone/infotainment,infotainment,False,hands_on_wheel/both_hands,both_hands
1699,gaze_zone/infotainment,infotainment,False,hands_on_wheel/both_hands,both_hands
1700,gaze_zone/infotainment,infotainment,False,hands_on_wheel/both_hands,both_hands
1701,gaze_zone/infotainment,infotainment,False,hands_on_wheel/both_hands,both_hands
1702,gaze_zone/infotainment,infotainment,False,hands_on_wheel/both_hands,both_hands
1703,gaze_zone/infotainment,infotainment,False,hands_on_wheel/both_hands,both_hands
1704,gaze_zone/infotainment,infotainment,True,hands_on_wheel/both_hands,both_hands
1705,gaze_zone/infotainment,infotainment,True,hands_on_wheel/both_hands,both_hands
1706,gaze_zone/infotainment,infotainment,True,hands_on_wheel/both_hands,both_hands
1707,gaze_zone/infotainment,infotainment,True,hands_on_wheel/both_hands,both_hands
1708,gaze_zone/infotainment,infotainment,True,hands_on_wheel/both_hands,both_hands
1709,gaze_zone/infotainment,infotainment,True,hands_on_wheel/both_hands,both_hands
1710,gaze_zone/infotainment,infotainment,True,hands_on_wheel/both_hands,both_hands
1711,gaze_zone/infotainment,infotainment,True,hands_on_wheel/both_hands,both_hands
1712,gaze_zone/infotainment,infotainment,True,hands_on_wheel/both_hands,both_hands
1713,gaze_zone/infotainment,infotainment,True,hands_on_wheel/both_hands,both_hands
1714,gaze_zone/infotainment,infotainment,True,hands_on_wheel/both_hands,both_hands
1715,gaze_zone/infotainment,infotainment,True,hands_on_wheel/both_hands,both_hands
1716,gaze_zone/infotainment,infotainment,False,hands_on_wheel/both_hands,both_hands
1717,gaze_zone/infotainment,infotainment,False,hands_on_wheel/both_hands,both_hands
1718,gaze_zone/infotainment,infotainment,False,hands_on_wheel/both_hands,both_hands
1719,gaze_zone/infotainment,infotainment,False,hands_on_wheel/both_hands,both_hands
1720,gaze_zone/infotainment,infotainment,False,hands_on_wheel/both_hands,both_hands
1721,gaze_zone/infotainment,infotainment,False,hands_on_wheel/both_hands,both_hands
1722,gaze_zone/infotainment,infotainment,False,hands_on_wheel/both_hands,both_hands
1723,gaze_zone/infotainment,infotainment,False,hands_on_wheel/both_hands,both_hands
1724,gaze_zone/infotainment,infotainment,False,hands_on_wheel/both_hands,both_hands
1725,gaze_zone/infotainment,infotainment,False,hands_on_wheel/both_hands,both_hands
1726,gaze_zone/infotainment,infotainment,False,hands_on_wheel/both_hands,both_hands
1727,gaze_zone/infotainment,infotainment,False,hands_on_wheel/both_hands,both_hands
1728,gaze_zone/infotainment,infotainment,False,hands_on_wheel/both_hands,both_hands
1729,gaze_zone/infotainment,infotainment,False,hands_on_wheel/both_hands,both_hands
1730,gaze_zone/infotainment,infotainment,False,hands_on_wheel/both_hands,both_hands
1731,gaze_zone/infotainment,infotainment,False,hands_on_wheel/both_hands,both_hands
1732,gaze_zone/infotainment,infotainment,False,hands_on_wheel/both_hands,both_hands
1733,gaze_zone/infotainment,infotainment,False,hands_on_wheel/both_hands,both_hands
1734,gaze_zone/infotainment,infotainment,False,hands_on_wheel/both_hands,both_hands
1735,gaze_zone/infotainment,infotainment,False,hands_on_wheel/both_hands,both_hands
1736,gaze_zone/infotainment,infotainment,False,hands_on_wheel/both_hands,both_hands
1737,gaze_zone/infotainment,infotainment,False,hands_on_wheel/both_hands,both_hands
1738,gaze_zone/infotainment,infotainment,False,hands_on_wheel/both_hands,both_hands
1739,gaze_zone/infotainment,infotainment,False,hands_on_wheel/both_hands,both_hands
1740,gaze_zone/infotainment,infotainment,False,hands_on_wheel/both_hands,both_hands
1741,gaze_zone/infotainment,infotainment,False,hands_on_wheel/both_hands,both_hands
1742,gaze_zone/infotainment,infotainment,False,hands_on_wheel/both_hands,both_hands
1743,gaze_zone/infotainment,infotainment,False,hands_on_wheel/both_hands,both_hands
1744,gaze_zone/infotainment,infotainment,False,hands_on_wheel/both_hands,both_hands
1745,gaze_zone/infotainment,infotainment,False,hands_on_wheel/both_hands,both_hands
1746,gaze_zone/infotainment,infotainment,False,hands_on_wheel/both_hands,both_hands
1747,gaze_zone/infotainment,infotainment,False,hands_on_wheel/both_hands,both_hands
1748,gaze_zone/infotainment,infotainment,False,hands_on_wheel/both_hands,both_hands
1749,gaze_zone/infotainment,infotainment,False,hands_on_wheel/both_hands,both_hands
1750,gaze_zone/infotainment,infotainment,False,hands_on_wheel/both_hands,both_hands
1751,gaze_zone/infotainment,infotainment,False,hands_on_wheel/both_hands,both_hands
1752,gaze_zone/infotainment,infotainment,False,hands_on_wheel/both_hands,both_hands
1753,gaze_zone/infotainment,infotainment,False,hands_on_wheel/both_hands,both_hands
1754,gaze_zone/infotainment,infotainment,False,hands_on_wheel/both_hands,both_hands
1755,gaze_zone/infotainment,infotainment,False,hands_on_wheel/both_hands,both_hands
1756,gaze_zone/infotainment,infotainment,False,hands_on_wheel/both_hands,both_hands
1757,gaze_zone/infotainment,infotainment,False,hands_on_wheel/both_hands,both_hands
1758,gaze_zone/infotainment,infotainment,False,hands_on_wheel/both_hands,both_hands
1759,gaze_zone/infotainment,infotainment,False,hands_on_wheel/both_hands,both_hands
1760,gaze_zone/infotainment,infotainment,False,hands_on_wheel/both_hands,both_hands
1761,gaze_zone/infotainment,infotainment,False,hands_on_wheel/both_hands,both_hands
1762,gaze_zone/infotainment,infotainment,False,hands_on_wheel/both_hands,both_hands
1763,gaze_zone/infotainment,infotainment,False,hands_on_wheel/both_hands,both_hands
1764,gaze_zone/infotainment,infotainment,False,hands_on_wheel/both_hands,both_hands
1765,gaze_zone/infotainment,infotainment,False,hands_on_wheel/both_hands,both_hands
1766,gaze_zone/infotainment,infotainment,False,hands_on_wheel/both_hands,both_hands
1767,gaze_zone/infotainment,infotainment,False,hands_on_wheel/both_hands,both_hands
1768,gaze_zone/infotainment,infotainment,False,hands_on_wheel/both_hands,both_hands
1769,gaze_zone/infotainment,infotainment,False,hands_on_wheel/both_hands,both_hands
1770,gaze_zone/infotainment,infotainment,False,hands_on_wheel/both_hands,both_hands
1771,gaze_zone/infotainment,infotainment,False,hands_on_wheel/both_hands,both_hands
1772,gaze_zone/infotainment,infotainment,False,hands_on_wheel/both_hands,both_hands
1773,gaze_zone/infotainment,infotainment,False,hands_on_wheel/both_hands,both_hands
1774,gaze_zone/infotainment,infotainment,False,hands_on_wheel/both_hands,both_hands
1775,gaze_zone/infotainment,infotainment,False,hands_on_wheel/both_hands,both_hands
1776,gaze_zone/infotainment,infotainment,False,hands_on_wheel/both_hands,both_hands
1777,gaze_zone/infotainment,infotainment,False,hands_on_wheel/both_hands,both_hands
1778,gaze_zone/infotainment,infotainment,False,hands_on_wheel/both_hands,both_hands
1779,gaze_zone/infotainment,infotainment,False,hands_on_wheel/both_hands,both_hands
1780,gaze_zone/infotainment,infotainment,False,hands_on_wheel/both_hands,both_hands
1781,gaze_zone/infotainment,infotainment,False,hands_on_wheel/both_hands,both_hands
1782,gaze_zone/infotainment,infotainment,False,hands_on_wheel/both_hands,both_hands
1783,gaze_zone/infotainment,infotainment,False,hands_on_wheel/both_hands,both_hands
1784,gaze_zone/infotainment,infotainment,False,hands_on_wheel/both_hands,both_hands
1785,gaze_zone/infotainment,infotainment,False,hands_on_wheel/both_hands,both_hands
1786,gaze_zone/infotainment,infotainment,False,hands_on_wheel/both_hands,both_hands
1787,gaze_zone/infotainment,infotainment,False,hands_on_wheel/both_hands,both_hands
1788,gaze_zone/infotainment,infotainment,False,hands_on_wheel/both_hands,both_hands
1789,gaze_zone/infotainment,infotainment,False,hands_on_wheel/both_hands,both_hands
1790,gaze_zone/infotainment,infotainment,False,hands_on_wheel/both_hands,both_hands
1791,gaze_zone/infotainment,infotainment,False,hands_on_wheel/both_hands,both_hands
1792,gaze_zone/infotainment,infotainment,False,hands_on_wheel/both_hands,both_hands
1793,gaze_zone/infotainment,infotainment,False,hands_on_wheel/both_hands,both_hands
1794,gaze_zone/infotainment,infotainment,False,hands_on_wheel/both_hands,both_hands
1795,gaze_zone/infotainment,infotainment,False,hands_on_wheel/both_hands,both_hands
1796,gaze_zone/infotainment,infotainment,False,hands_on_wheel/both_hands,both_hands
1797,gaze_zone/infotainment,infotainment,False,hands_on_wheel/both_hands,both_hands
1798,gaze_zone/infotainment,infotainment,False,hands_on_wheel/both_hands,both_hands
1799,gaze_zone/infotainment,infotainment,False,hands_on_wheel/both_hands,both_hands
1800,gaze_zone/infotainment,infotainment,False,hands_on_wheel/both_hands,both_hands
1801,gaze_zone/infotainment,infotainment,False,hands_on_wheel/both_hands,both_hands
1802,gaze_zone/infotainment,infotainment,False,hands_on_wheel/both_hands,both_hands
1803,gaze_zone/infotainment,infotainment,False,hands_on_wheel/both_hands,both_hands
1804,gaze_zone/infotainment,infotainment,False,hands_on_wheel/both_hands,both_hands
1805,gaze_zone/infotainment,infotainment,False,hands_on_wheel/both_hands,both_hands
1806,gaze_zone/infotainment,infotainment,False,hands_on_wheel/both_hands,both_hands
1807,gaze_zone/infotainment,infotainment,False,hands_on_wheel/both_hands,both_hands
1808,gaze_zone/infotainment,infotainment,False,hands_on_wheel/both_hands,both_hands
1809,gaze_zone/infotainment,infotainment,False,hands_on_wheel/both_hands,both_hands
1810,gaze_zone/infotainment,infotainment,False,hands_on_wheel/both_hands,both_hands
1811,gaze_zone/infotainment,infotainment,False,hands_on_wheel/both_hands,both_hands
1812,gaze_zone/infotainment,infotainment,False,hands_on_wheel/both_hands,both_hands
1813,gaze_zone/infotainment,infotainment,False,hands_on_wheel/both_hands,both_hands
1814,gaze_zone/infotainment,infotainment,False,hands_on_wheel/both_hands,both_hands
1815,gaze_zone/infotainment,infotainment,False,hands_on_wheel/both_hands,both_hands
1816,gaze_zone/infotainment,infotainment,False,hands_on_wheel/both_hands,both_hands
1817,gaze_zone/infotainment,infotainment,False,hands_on_wheel/both_hands,both_hands
1818,gaze_zone/infotainment,infotainment,False,hands_on_wheel/both_hands,both_hands
1819,gaze_zone/infotainment,infotainment,False,hands_on_wheel/both_hands,both_hands
1820,gaze_zone/infotainment,infotainment,False,hands_on_wheel/both_hands,both_hands
1821,gaze_zone/infotainment,infotainment,False,hands_on_wheel/both_hands,both_hands
1822,gaze_zone/infotainment,infotainment,False,hands_on_wheel/both_hands,both_hands
1823,gaze_zone/infotainment,infotainment,False,hands_on_wheel/both_hands,both_hands
1824,gaze_zone/infotainment,infotainment,False,hands_on_wheel/both_hands,both_hands
1825,gaze_zone/infotainment,infotainment,False,hands_on_wheel/both_hands,both_hands
1826,gaze_zone/infotainment,infotainment,False,hands_on_wheel/both_hands,both_hands
1827,gaze_zone/infotainment,infotainment,False,hands_on_wheel/both_hands,both_hands
1828,gaze_zone/infotainment,infotainment,False,hands_on_wheel/both_hands,both_hands
1829,gaze_zone/infotainment,infotainment,False,hands_on_wheel/both_hands,both_hands
1830,gaze_zone/infotainment,infotainment,False,hands_on_wheel/both_hands,both_hands
1831,gaze_zone/infotainment,infotainment,False,hands_on_wheel/both_hands,both_hands
1832,gaze_zone/infotainment,infotainment,False,hands_on_wheel/both_hands,both_hands
1833,gaze_zone/infotainment,infotainment,True,hands_on_wheel/both_hands,both_hands
1834,gaze_zone/infotainment,infotainment,True,hands_on_wheel/both_hands,both_hands
1835,gaze_zone/infotainment,infotainment,True,hands_on_wheel/both_hands,both_hands
1836,gaze_zone/infotainment,infotainment,True,hands_on_wheel/both_hands,both_hands
1837,gaze_zone/infotainment,infotainment,True,hands_on_wheel/both_hands,both_hands
1838,gaze_zone/infotainment,infotainment,True,hands_on_wheel/both_hands,both_hands
1839,gaze_zone/infotainment,infotainment,True,hands_on_wheel/both_hands,both_hands
1840,gaze_zone/infotainment,infotainment,True,hands_on_wheel/both_hands,both_hands
1841,gaze_zone/infotainment,infotainment,True,hands_on_wheel/both_hands,both_hands
1842,gaze_zone/infotainment,infotainment,True,hands_on_wheel/both_hands,both_hands
1843,gaze_zone/infotainment,infotainment,True,hands_on_wheel/both_hands,both_hands
1844,gaze_zone/infotainment,infotainment,True,hands_on_wheel/both_hands,both_hands
1845,gaze_zone/infotainment,infotainment,True,hands_on_wheel/both_hands,both_hands
1846,gaze_zone/infotainment,infotainment,False,hands_on_wheel/both_hands,both_hands
1847,gaze_zone/infotainment,infotainment,False,hands_on_wheel/both_hands,both_hands
1848,gaze_zone/infotainment,infotainment,False,hands_on_wheel/both_hands,both_hands
1849,gaze_zone/infotainment,infotainment,False,hands_on_wheel/both_hands,both_hands
1850,gaze_zone/infotainment,infotainment,False,hands_on_wheel/both_hands,both_hands
1851,gaze_zone/infotainment,infotainment,False,hands_on_wheel/both_hands,both_hands
1852,gaze_zone/infotainment,infotainment,False,hands_on_wheel/both_hands,both_hands
1853,gaze_zone/infotainment,infotainment,False,hands_on_wheel/both_hands,both_hands
1854,gaze_zone/infotainment,infotainment,False,hands_on_wheel/both_hands,both_hands
1855,gaze_zone/infotainment,infotainment,False,hands_on_wheel/both_hands,both_hands
1856,gaze_zone/infotainment,infotainment,False,hands_on_wheel/both_hands,both_hands
1857,gaze_zone/infotainment,infotainment,False,hands_on_wheel/both_hands,both_hands
1858,gaze_zone/infotainment,infotainment,True,hands_on_wheel/both_hands,both_hands
1859,gaze_zone/infotainment,infotainment,True,hands_on_wheel/both_hands,both_hands
1860,gaze_zone/infotainment,infotainment,True,hands_on_wheel/both_hands,both_hands
1861,gaze_zone/infotainment,infotainment,True,hands_on_wheel/both_hands,both_hands
1862,gaze_zone/infotainment,infotainment,True,hands_on_wheel/both_hands,both_hands
1863,gaze_zone/infotainment,infotainment,True,hands_on_wheel/both_hands,both_hands
1864,gaze_zone/infotainment,infotainment,True,hands_on_wheel/both_hands,both_hands
1865,gaze_zone/infotainment,infotainment,True,hands_on_wheel/both_hands,both_hands
1866,gaze_zone/infotainment,infotainment,True,hands_on_wheel/both_hands,both_hands
1867,gaze_zone/infotainment,infotainment,True,hands_on_wheel/both_hands,both_hands
1868,gaze_zone/infotainment,infotainment,True,hands_on_wheel/both_hands,both_hands
1869,gaze_zone/infotainment,infotainment,False,hands_on_wheel/both_hands,both_hands
1870,gaze_zone/infotainment,infotainment,False,hands_on_wheel/both_hands,both_hands
1871,gaze_zone/infotainment,infotainment,False,hands_on_wheel/both_hands,both_hands
1872,gaze_zone/infotainment,infotainment,False,hands_on_wheel/both_hands,both_hands
1873,gaze_zone/infotainment,infotainment,False,hands_on_wheel/both_hands,both_hands
1874,gaze_zone/infotainment,infotainment,False,hands_on_wheel/both_hands,both_hands
1875,gaze_zone/infotainment,infotainment,False,hands_on_wheel/both_hands,both_hands
1876,gaze_zone/infotainment,infotainment,False,hands_on_wheel/both_hands,both_hands
1877,gaze_zone/infotainment,infotainment,False,hands_on_wheel/both_hands,both_hands
1878,gaze_zone/infotainment,infotainment,False,hands_on_wheel/both_hands,both_hands
1879,gaze_zone/infotainment,infotainment,False,hands_on_wheel/both_hands,both_hands
1880,gaze_zone/infotainment,infotainment,False,hands_on_wheel/both_hands,both_hands
1881,gaze_zone/infotainment,infotainment,False,hands_on_wheel/both_hands,both_hands
1882,gaze_zone/infotainment,infotainment,True,hands_on_wheel/both_hands,both_hands
1883,gaze_zone/infotainment,infotainment,True,hands_on_wheel/both_hands,both_hands
1884,gaze_zone/infotainment,infotainment,True,hands_on_wheel/both_hands,both_hands
1885,gaze_zone/infotainment,infotainment,True,hands_on_wheel/both_hands,both_hands
1886,gaze_zone/infotainment,infotainment,True,hands_on_wheel/both_hands,both_hands
1887,gaze_zone/infotainment,infotainment,True,hands_on_wheel/both_hands,both_hands
1888,gaze_zone/infotainment,infotainment,True,hands_on_wheel/both_hands,both_hands
1889,gaze_zone/infotainment,infotainment,True,hands_on_wheel/both_hands,both_hands
1890,gaze_zone/infotainment,infotainment,True,hands_on_wheel/both_hands,both_hands
1891,gaze_zone/infotainment,infotainment,True,hands_on_wheel/both_hands,both_hands
1892,gaze_zone/infotainment,infotainment,True,hands_on_wheel/both_hands,both_hands
1893,gaze_zone/infotainment,infotainment,True,hands_on_wheel/both_hands,both_hands
1894,gaze_zone/infotainment,infotainment,True,hands_on_wheel/both_hands,both_hands
1895,gaze_zone/infotainment,infotainment,True,hands_on_wheel/both_hands,both_hands
1896,gaze_zone/infotainment,infotainment,True,hands_on_wheel/both_hands,both_hands
1897,gaze_zone/steering_wheel,steering_wheel,True,hands_on_wheel/both_hands,both_hands
1898,gaze_zone/steering_wheel,steering_wheel,True,hands_on_wheel/both_hands,both_hands
1899,gaze_zone/steering_wheel,steering_wheel,True,hands_on_wheel/both_hands,both_hands
1900,gaze_zone/steering_wheel,steering_wheel,True,hands_on_wheel/both_hands,both_hands
1901,gaze_zone/steering_wheel,steering_wheel,True,hands_on_wheel/both_hands,both_hands
1902,gaze_zone/steering_wheel,steering_wheel,True,hands_on_wheel/both_hands,both_hands
1903,gaze_zone/steering_wheel,steering_wheel,True,hands_on_wheel/both_hands,both_hands
1904,gaze_zone/steering_wheel,steering_wheel,True,hands_on_wheel/both_hands,both_hands
1905,gaze_zone/steering_wheel,steering_wheel,True,hands_on_wheel/both_hands,both_hands
1906,gaze_zone/steering_wheel,steering_wheel,True,hands_on_wheel/both_hands,both_hands
1907,gaze_zone/steering_wheel,steering_wheel,True,hands_on_wheel/both_hands,both_hands
1908,gaze_zone/steering_wheel,steering_wheel,True,hands_on_wheel/both_hands,both_hands
1909,gaze_zone/steering_wheel,steering_wheel,True,hands_on_wheel/both_hands,both_hands
1910,gaze_zone/steering_wheel,steering_wheel,False,hands_on_wheel/both_hands,both_hands
1911,gaze_zone/steering_wheel,steering_wheel,False,hands_on_wheel/both_hands,both_hands
1912,gaze_zone/steering_wheel,steering_wheel,False,hands_on_wheel/both_hands,both_hands
1913,gaze_zone/steering_wheel,steering_wheel,False,hands_on_wheel/both_hands,both_hands
1914,gaze_zone/steering_wheel,steering_wheel,False,hands_on_wheel/both_hands,both_hands
1915,gaze_zone/steering_wheel,steering_wheel,False,hands_on_wheel/both_hands,both_hands
1916,gaze_zone/steering_wheel,steering_wheel,False,hands_on_wheel/both_hands,both_hands
1917,gaze_zone/steering_wheel,steering_wheel,False,hands_on_wheel/both_hands,both_hands
1918,gaze_zone/steering_wheel,steering_wheel,False,hands_on_wheel/both_hands,both_hands
1919,gaze_zone/steering_wheel,steering_wheel,False,hands_on_wheel/both_hands,both_hands
1920,gaze_zone/steering_wheel,steering_wheel,False,hands_on_wheel/both_hands,both_hands
1921,gaze_zone/steering_wheel,steering_wheel,False,hands_on_wheel/both_hands,both_hands
1922,gaze_zone/steering_wheel,steering_wheel,False,hands_on_wheel/both_hands,both_hands
1923,gaze_zone/steering_wheel,steering_wheel,False,hands_on_wheel/both_hands,both_hands
1924,gaze_zone/steering_wheel,steering_wheel,False,hands_on_wheel/both_hands,both_hands
1925,gaze_zone/steering_wheel,steering_wheel,False,hands_on_wheel/both_hands,both_hands
1926,gaze_zone/steering_wheel,steering_wheel,False,hands_on_wheel/both_hands,both_hands
1927,gaze_zone/steering_wheel,steering_wheel,False,hands_on_wheel/both_hands,both_hands
1928,gaze_zone/steering_wheel,steering_wheel,False,hands_on_wheel/both_hands,both_hands
1929,gaze_zone/steering_wheel,steering_wheel,False,hands_on_wheel/both_hands,both_hands
1930,gaze_zone/steering_wheel,steering_wheel,False,hands_on_wheel/both_hands,both_hands
1931,gaze_zone/steering_wheel,steering_wheel,False,hands_on_wheel/both_hands,both_hands
1932,gaze_zone/steering_wheel,steering_wheel,False,hands_on_wheel/both_hands,both_hands
1933,gaze_zone/steering_wheel,steering_wheel,False,hands_on_wheel/both_hands,both_hands
1934,gaze_zone/steering_wheel,steering_wheel,False,hands_on_wheel/both_hands,both_hands
1935,gaze_zone/steering_wheel,steering_wheel,False,hands_on_wheel/both_hands,both_hands
1936,gaze_zone/steering_wheel,steering_wheel,False,hands_on_wheel/both_hands,both_hands
1937,gaze_zone/steering_wheel,steering_wheel,False,hands_on_wheel/both_hands,both_hands
1938,gaze_zone/steering_wheel,steering_wheel,False,hands_on_wheel/both_hands,both_hands
1939,gaze_zone/steering_wheel,steering_wheel,False,hands_on_wheel/both_hands,both_hands
1940,gaze_zone/steering_wheel,steering_wheel,False,hands_on_wheel/both_hands,both_hands
1941,gaze_zone/steering_wheel,steering_wheel,False,hands_on_wheel/both_hands,both_hands
1942,gaze_zone/steering_wheel,steering_wheel,False,hands_on_wheel/both_hands,both_hands
1943,gaze_zone/steering_wheel,steering_wheel,False,hands_on_wheel/both_hands,both_hands
1944,gaze_zone/steering_wheel,steering_wheel,False,hands_on_wheel/both_hands,both_hands
1945,gaze_zone/steering_wheel,steering_wheel,False,hands_on_wheel/both_hands,both_hands
1946,gaze_zone/steering_wheel,steering_wheel,False,hands_on_wheel/both_hands,both_hands
1947,gaze_zone/steering_wheel,steering_wheel,False,hands_on_wheel/both_hands,both_hands
1948,gaze_zone/steering_wheel,steering_wheel,False,hands_on_wheel/both_hands,both_hands
1949,gaze_zone/steering_wheel,steering_wheel,False,hands_on_wheel/both_hands,both_hands
1950,gaze_zone/steering_wheel,steering_wheel,False,hands_on_wheel/both_hands,both_hands
1951,gaze_zone/steering_wheel,steering_wheel,False,hands_on_wheel/both_hands,both_hands
1952,gaze_zone/steering_wheel,steering_wheel,False,hands_on_wheel/both_hands,both_hands
1953,gaze_zone/steering_wheel,steering_wheel,False,hands_on_wheel/both_hands,both_hands
1954,gaze_zone/steering_wheel,steering_wheel,False,hands_on_wheel/both_hands,both_hands
1955,gaze_zone/steering_wheel,steering_wheel,False,hands_on_wheel/both_hands,both_hands
1956,gaze_zone/steering_wheel,steering_wheel,False,hands_on_wheel/both_hands,both_hands
1957,gaze_zone/steering_wheel,steering_wheel,False,hands_on_wheel/both_hands,both_hands
1958,gaze_zone/steering_wheel,steering_wheel,False,hands_on_wheel/both_hands,both_hands
1959,gaze_zone/steering_wheel,steering_wheel,False,hands_on_wheel/both_hands,both_hands
1960,gaze_zone/steering_wheel,steering_wheel,True,hands_on_wheel/both_hands,both_hands
1961,gaze_zone/steering_wheel,steering_wheel,True,hands_on_wheel/both_hands,both_hands
1962,gaze_zone/steering_wheel,steering_wheel,True,hands_on_wheel/both_hands,both_hands
1963,gaze_zone/steering_wheel,steering_wheel,True,hands_on_wheel/both_hands,both_hands
1964,gaze_zone/steering_wheel,steering_wheel,True,hands_on_wheel/both_hands,both_hands
1965,gaze_zone/steering_wheel,steering_wheel,True,hands_on_wheel/both_hands,both_hands
1966,gaze_zone/steering_wheel,steering_wheel,True,hands_on_wheel/both_hands,both_hands
1967,gaze_zone/steering_wheel,steering_wheel,True,hands_on_wheel/both_hands,both_hands
1968,gaze_zone/steering_wheel,steering_wheel,True,hands_on_wheel/both_hands,both_hands
1969,gaze_zone/steering_wheel,steering_wheel,True,hands_on_wheel/both_hands,both_hands
1970,gaze_zone/steering_wheel,steering_wheel,True,hands_on_wheel/both_hands,both_hands
1971,gaze_zone/steering_wheel,steering_wheel,False,hands_on_wheel/both_hands,both_hands
1972,gaze_zone/steering_wheel,steering_wheel,False,hands_on_wheel/both_hands,both_hands
1973,gaze_zone/steering_wheel,steering_wheel,False,hands_on_wheel/both_hands,both_hands
1974,gaze_zone/steering_wheel,steering_wheel,False,hands_on_wheel/both_hands,both_hands
1975,gaze_zone/steering_wheel,steering_wheel,False,hands_on_wheel/both_hands,both_hands
1976,gaze_zone/steering_wheel,steering_wheel,False,hands_on_wheel/both_hands,both_hands
1977,gaze_zone/steering_wheel,steering_wheel,False,hands_on_wheel/both_hands,both_hands
1978,gaze_zone/steering_wheel,steering_wheel,False,hands_on_wheel/both_hands,both_hands
1979,gaze_zone/steering_wheel,steering_wheel,False,hands_on_wheel/both_hands,both_hands
1980,gaze_zone/steering_wheel,steering_wheel,False,hands_on_wheel/both_hands,both_hands
1981,gaze_zone/steering_wheel,steering_wheel,False,hands_on_wheel/both_hands,both_hands
1982,gaze_zone/steering_wheel,steering_wheel,False,hands_on_wheel/both_hands,both_hands
1983,gaze_zone/steering_wheel,steering_wheel,False,hands_on_wheel/both_hands,both_hands
1984,gaze_zone/steering_wheel,steering_wheel,False,hands_on_wheel/both_hands,both_hands
1985,gaze_zone/steering_wheel,steering_wheel,False,hands_on_wheel/both_hands,both_hands
1986,gaze_zone/steering_wheel,steering_wheel,False,hands_on_wheel/both_hands,both_hands
1987,gaze_zone/steering_wheel,steering_wheel,False,hands_on_wheel/both_hands,both_hands
1988,gaze_zone/steering_wheel,steering_wheel,False,hands_on_wheel/both_hands,both_hands
1989,gaze_zone/steering_wheel,steering_wheel,False,hands_on_wheel/both_hands,both_hands
1990,gaze_zone/steering_wheel,steering_wheel,False,hands_on_wheel/both_hands,both_hands
1991,gaze_zone/steering_wheel,steering_wheel,False,hands_on_wheel/both_hands,both_hands
1992,gaze_zone/steering_wheel,steering_wheel,True,hands_on_wheel/both_hands,both_hands
1993,gaze_zone/steering_wheel,steering_wheel,True,hands_on_wheel/both_hands,both_hands
1994,gaze_zone/steering_wheel,steering_wheel,True,hands_on_wheel/both_hands,both_hands
1995,gaze_zone/steering_wheel,steering_wheel,True,hands_on_wheel/both_hands,both_hands
1996,gaze_zone/steering_wheel,steering_wheel,True,hands_on_wheel/both_hands,both_hands
1997,gaze_zone/steering_wheel,steering_wheel,True,hands_on_wheel/both_hands,both_hands
1998,gaze_zone/steering_wheel,steering_wheel,True,hands_on_wheel/both_hands,both_hands
1999,gaze_zone/steering_wheel,steering_wheel,True,hands_on_wheel/both_hands,both_hands
2000,gaze_zone/steering_wheel,steering_wheel,True,hands_on_wheel/both_hands,both_hands
2001,gaze_zone/steering_wheel,steering_wheel,True,hands_on_wheel/both_hands,both_hands
2002,gaze_zone/steering_wheel,steering_wheel,True,hands_on_wheel/both_hands,both_hands
2003,gaze_zone/steering_wheel,steering_wheel,True,hands_on_wheel/both_hands,both_hands
2004,gaze_zone/steering_wheel,steering_wheel,True,hands_on_wheel/both_hands,both_hands
2005,gaze_zone/steering_wheel,steering_wheel,False,hands_on_wheel/both_hands,both_hands
2006,gaze_zone/steering_wheel,steering_wheel,False,hands_on_wheel/both_hands,both_hands
2007,gaze_zone/steering_wheel,steering_wheel,False,hands_on_wheel/both_hands,both_hands
2008,gaze_zone/steering_wheel,steering_wheel,False,hands_on_wheel/both_hands,both_hands
2009,gaze_zone/steering_wheel,steering_wheel,False,hands_on_wheel/both_hands,both_hands
2010,gaze_zone/steering_wheel,steering_wheel,False,hands_on_wheel/both_hands,both_hands
2011,gaze_zone/steering_wheel,steering_wheel,False,hands_on_wheel/both_hands,both_hands
2012,gaze_zone/steering_wheel,steering_wheel,True,hands_on_wheel/both_hands,both_hands
2013,gaze_zone/steering_wheel,steering_wheel,True,hands_on_wheel/both_hands,both_hands
2014,gaze_zone/steering_wheel,steering_wheel,True,hands_on_wheel/both_hands,both_hands
2015,gaze_zone/steering_wheel,steering_wheel,True,hands_on_wheel/both_hands,both_hands
2016,gaze_zone/steering_wheel,steering_wheel,True,hands_on_wheel/both_hands,both_hands
2017,gaze_zone/steering_wheel,steering_wheel,True,hands_on_wheel/both_hands,both_hands
2018,gaze_zone/steering_wheel,steering_wheel,True,hands_on_wheel/both_hands,both_hands
2019,gaze_zone/steering_wheel,steering_wheel,True,hands_on_wheel/both_hands,both_hands
2020,gaze_zone/steering_wheel,steering_wheel,True,hands_on_wheel/both_hands,both_hands
2021,gaze_zone/steering_wheel,steering_wheel,True,hands_on_wheel/both_hands,both_hands
2022,gaze_zone/steering_wheel,steering_wheel,True,hands_on_wheel/both_hands,both_hands
2023,gaze_zone/steering_wheel,steering_wheel,True,hands_on_wheel/both_hands,both_hands
2024,gaze_zone/steering_wheel,steering_wheel,False,hands_on_wheel/both_hands,both_hands
2025,gaze_zone/steering_wheel,steering_wheel,False,hands_on_wheel/both_hands,both_hands
2026,gaze_zone/steering_wheel,steering_wheel,False,hands_on_wheel/both_hands,both_hands
2027,gaze_zone/steering_wheel,steering_wheel,False,hands_on_wheel/both_hands,both_hands
2028,gaze_zone/steering_wheel,steering_wheel,False,hands_on_wheel/both_hands,both_hands
2029,gaze_zone/steering_wheel,steering_wheel,False,hands_on_wheel/both_hands,both_hands
2030,gaze_zone/steering_wheel,steering_wheel,False,hands_on_wheel/both_hands,both_hands
2031,gaze_zone/steering_wheel,steering_wheel,False,hands_on_wheel/both_hands,both_hands
2032,gaze_zone/steering_wheel,steering_wheel,False,hands_on_wheel/both_hands,both_hands
2033,gaze_zone/steering_wheel,steering_wheel,False,hands_on_wheel/both_hands,both_hands
2034,gaze_zone/steering_wheel,steering_wheel,False,hands_on_wheel/both_hands,both_hands
2035,gaze_zone/steering_wheel,steering_wheel,False,hands_on_wheel/both_hands,both_hands
2036,gaze_zone/steering_wheel,steering_wheel,True,hands_on_wheel/both_hands,both_hands
2037,gaze_zone/steering_wheel,steering_wheel,True,hands_on_wheel/both_hands,both_hands
2038,gaze_zone/steering_wheel,steering_wheel,True,hands_on_wheel/both_hands,both_hands
2039,gaze_zone/steering_wheel,steering_wheel,True,hands_on_wheel/both_hands,both_hands
2040,gaze_zone/steering_wheel,steering_wheel,True,hands_on_wheel/both_hands,both_hands
2041,gaze_zone/steering_wheel,steering_wheel,True,hands_on_wheel/both_hands,both_hands
2042,gaze_zone/steering_wheel,steering_wheel,True,hands_on_wheel/both_hands,both_hands
2043,gaze_zone/steering_wheel,steering_wheel,True,hands_on_wheel/both_hands,both_hands
2044,gaze_zone/steering_wheel,steering_wheel,True,hands_on_wheel/both_hands,both_hands
2045,gaze_zone/steering_wheel,steering_wheel,True,hands_on_wheel/both_hands,both_hands
2046,gaze_zone/steering_wheel,steering_wheel,True,hands_on_wheel/both_hands,both_hands
2047,gaze_zone/steering_wheel,steering_wheel,True,hands_on_wheel/both_hands,both_hands
2048,gaze_zone/steering_wheel,steering_wheel,True,hands_on_wheel/both_hands,both_hands
2049,gaze_zone/steering_wheel,steering_wheel,True,hands_on_wheel/both_hands,both_hands
2050,gaze_zone/steering_wheel,steering_wheel,False,hands_on_wheel/both_hands,both_hands
2051,gaze_zone/steering_wheel,steering_wheel,False,hands_on_wheel/both_hands,both_hands
2052,gaze_zone/steering_wheel,steering_wheel,False,hands_on_wheel/both_hands,both_hands
2053,gaze_zone/steering_wheel,steering_wheel,False,hands_on_wheel/both_hands,both_hands
2054,gaze_zone/steering_wheel,steering_wheel,False,hands_on_wheel/both_hands,both_hands
2055,gaze_zone/steering_wheel,steering_wheel,False,hands_on_wheel/both_hands,both_hands
2056,gaze_zone/steering_wheel,steering_wheel,True,hands_on_wheel/both_hands,both_hands
2057,gaze_zone/steering_wheel,steering_wheel,True,hands_on_wheel/both_hands,both_hands
2058,gaze_zone/steering_wheel,steering_wheel,True,hands_on_wheel/both_hands,both_hands
2059,gaze_zone/steering_wheel,steering_wheel,True,hands_on_wheel/both_hands,both_hands
2060,gaze_zone/steering_wheel,steering_wheel,True,hands_on_wheel/both_hands,both_hands
2061,gaze_zone/steering_wheel,steering_wheel,True,hands_on_wheel/both_hands,both_hands
2062,gaze_zone/steering_wheel,steering_wheel,True,hands_on_wheel/both_hands,both_hands
2063,gaze_zone/steering_wheel,steering_wheel,True,hands_on_wheel/both_hands,both_hands
2064,gaze_zone/steering_wheel,steering_wheel,True,hands_on_wheel/both_hands,both_hands
2065,gaze_zone/steering_wheel,steering_wheel,True,hands_on_wheel/both_hands,both_hands
2066,gaze_zone/steering_wheel,steering_wheel,True,hands_on_wheel/both_hands,both_hands
2067,gaze_zone/steering_wheel,steering_wheel,True,hands_on_wheel/both_hands,both_hands
2068,gaze_zone/steering_wheel,steering_wheel,False,hands_on_wheel/both_hands,both_hands
2069,gaze_zone/steering_wheel,steering_wheel,False,hands_on_wheel/both_hands,both_hands
2070,gaze_zone/steering_wheel,steering_wheel,False,hands_on_wheel/both_hands,both_hands
2071,gaze_zone/steering_wheel,steering_wheel,False,hands_on_wheel/both_hands,both_hands
2072,gaze_zone/steering_wheel,steering_wheel,False,hands_on_wheel/both_hands,both_hands
2073,gaze_zone/steering_wheel,steering_wheel,False,hands_on_wheel/both_hands,both_hands
2074,gaze_zone/steering_wheel,steering_wheel,False,hands_on_wheel/both_hands,both_hands
2075,gaze_zone/steering_wheel,steering_wheel,False,hands_on_wheel/both_hands,both_hands
2076,gaze_zone/steering_wheel,steering_wheel,False,hands_on_wheel/both_hands,both_hands
2077,gaze_zone/steering_wheel,steering_wheel,False,hands_on_wheel/both_hands,both_hands
2078,gaze_zone/steering_wheel,steering_wheel,False,hands_on_wheel/both_hands,both_hands
2079,gaze_zone/steering_wheel,steering_wheel,False,hands_on_wheel/both_hands,both_hands
2080,gaze_zone/steering_wheel,steering_wheel,False,hands_on_wheel/both_hands,both_hands
2081,gaze_zone/steering_wheel,steering_wheel,False,hands_on_wheel/both_hands,both_hands
2082,gaze_zone/steering_wheel,steering_wheel,False,hands_on_wheel/both_hands,both_hands
2083,gaze_zone/steering_wheel,steering_wheel,False,hands_on_wheel/both_hands,both_hands
2084,gaze_zone/steering_wheel,steering_wheel,False,hands_on_wheel/both_hands,both_hands
2085,gaze_zone/steering_wheel,steering_wheel,False,hands_on_wheel/both_hands,both_hands
2086,gaze_zone/steering_wheel,steering_wheel,False,hands_on_wheel/both_hands,both_hands
2087,gaze_zone/steering_wheel,steering_wheel,False,hands_on_wheel/both_hands,both_hands
2088,gaze_zone/steering_wheel,steering_wheel,False,hands_on_wheel/both_hands,both_hands
2089,gaze_zone/steering_wheel,steering_wheel,False,hands_on_wheel/both_hands,both_hands
2090,gaze_zone/steering_wheel,steering_wheel,False,hands_on_wheel/both_hands,both_hands
2091,gaze_zone/steering_wheel,steering_wheel,False,hands_on_wheel/both_hands,both_hands
2092,gaze_zone/steering_wheel,steering_wheel,False,hands_on_wheel/both_hands,both_hands
2093,gaze_zone/steering_wheel,steering_wheel,False,hands_on_wheel/both_hands,both_hands
2094,gaze_zone/steering_wheel,steering_wheel,False,hands_on_wheel/both_hands,both_hands
2095,gaze_zone/steering_wheel,steering_wheel,False,hands_on_wheel/both_hands,both_hands
2096,gaze_zone/steering_wheel,steering_wheel,False,hands_on_wheel/both_hands,both_hands
2097,gaze_zone/steering_wheel,steering_wheel,False,hands_on_wheel/both_hands,both_hands
2098,gaze_zone/steering_wheel,steering_wheel,False,hands_on_wheel/both_hands,both_hands
2099,gaze_zone/steering_wheel,steering_wheel,False,hands_on_wheel/both_hands,both_hands
2100,gaze_zone/steering_wheel,steering_wheel,False,hands_on_wheel/both_hands,both_hands
2101,gaze_zone/steering_wheel,steering_wheel,False,hands_on_wheel/both_hands,both_hands
2102,gaze_zone/steering_wheel,steering_wheel,False,hands_on_wheel/both_hands,both_hands
2103,gaze_zone/steering_wheel,steering_wheel,False,hands_on_wheel/both_hands,both_hands
2104,gaze_zone/steering_wheel,steering_wheel,False,hands_on_wheel/both_hands,both_hands
2105,gaze_zone/steering_wheel,steering_wheel,False,hands_on_wheel/both_hands,both_hands
2106,gaze_zone/steering_wheel,steering_wheel,False,hands_on_wheel/both_hands,both_hands
2107,gaze_zone/steering_wheel,steering_wheel,False,hands_on_wheel/both_hands,both_hands
2108,gaze_zone/steering_wheel,steering_wheel,False,hands_on_wheel/both_hands,both_hands
2109,gaze_zone/steering_wheel,steering_wheel,False,hands_on_wheel/both_hands,both_hands
2110,gaze_zone/steering_wheel,steering_wheel,False,hands_on_wheel/both_hands,both_hands
2111,gaze_zone/steering_wheel,steering_wheel,False,hands_on_wheel/both_hands,both_hands
2112,gaze_zone/steering_wheel,steering_wheel,False,hands_on_wheel/both_hands,both_hands
2113,gaze_zone/steering_wheel,steering_wheel,False,hands_on_wheel/both_hands,both_hands
2114,gaze_zone/steering_wheel,steering_wheel,False,hands_on_wheel/both_hands,both_hands
2115,gaze_zone/steering_wheel,steering_wheel,False,hands_on_wheel/both_hands,both_hands
2116,gaze_zone/steering_wheel,steering_wheel,False,hands_on_wheel/both_hands,both_hands
2117,gaze_zone/steering_wheel,steering_wheel,False,hands_on_wheel/both_hands,both_hands
2118,gaze_zone/steering_wheel,steering_wheel,False,hands_on_wheel/both_hands,both_hands
2119,gaze_zone/steering_wheel,steering_wheel,True,hands_on_wheel/both_hands,both_hands
2120,gaze_zone/steering_wheel,steering_wheel,True,hands_on_wheel/both_hands,both_hands
2121,gaze_zone/steering_wheel,steering_wheel,True,hands_on_wheel/both_hands,both_hands
2122,gaze_zone/steering_wheel,steering_wheel,True,hands_on_wheel/both_hands,both_hands
2123,gaze_zone/steering_wheel,steering_wheel,True,hands_on_wheel/both_hands,both_hands
2124,gaze_zone/steering_wheel,steering_wheel,True,hands_on_wheel/both_hands,both_hands
2125,gaze_zone/steering_wheel,steering_wheel,True,hands_on_wheel/both_hands,both_hands
2126,gaze_zone/steering_wheel,steering_wheel,True,hands_on_wheel/both_hands,both_hands
2127,gaze_zone/steering_wheel,steering_wheel,True,hands_on_wheel/both_hands,both_hands
2128,gaze_zone/steering_wheel,steering_wheel,True,hands_on_wheel/both_hands,both_hands
2129,gaze_zone/steering_wheel,steering_wheel,True,hands_on_wheel/both_hands,both_hands
2130,gaze_zone/steering_wheel,steering_wheel,True,hands_on_wheel/both_hands,both_hands
2131,gaze_zone/steering_wheel,steering_wheel,True,hands_on_wheel/both_hands,both_hands
2132,gaze_zone/steering_wheel,steering_wheel,True,hands_on_wheel/both_hands,both_hands
2133,gaze_zone/steering_wheel,steering_wheel,True,hands_on_wheel/both_hands,both_hands
2134,gaze_zone/steering_wheel,steering_wheel,True,hands_on_wheel/both_hands,both_hands
2135,gaze_zone/steering_wheel,steering_wheel,True,hands_on_wheel/both_hands,both_hands
2136,gaze_zone/steering_wheel,steering_wheel,True,hands_on_wheel/both_hands,both_hands
2137,gaze_zone/steering_wheel,steering_wheel,True,hands_on_wheel/both_hands,both_hands
2138,gaze_zone/steering_wheel,steering_wheel,True,hands_on_wheel/both_hands,both_hands
2139,gaze_zone/steering_wheel,steering_wheel,True,hands_on_wheel/both_hands,both_hands
2140,gaze_zone/steering_wheel,steering_wheel,True,hands_on_wheel/both_hands,both_hands
2141,gaze_zone/steering_wheel,steering_wheel,True,hands_on_wheel/both_hands,both_hands
2142,gaze_zone/steering_wheel,steering_wheel,True,hands_on_wheel/both_hands,both_hands
2143,gaze_zone/steering_wheel,steering_wheel,True,hands_on_wheel/both_hands,both_hands
2144,gaze_zone/steering_wheel,steering_wheel,True,hands_on_wheel/both_hands,both_hands
2145,gaze_zone/steering_wheel,steering_wheel,True,hands_on_wheel/both_hands,both_hands
2146,gaze_zone/steering_wheel,steering_wheel,True,hands_on_wheel/both_hands,both_hands
2147,gaze_zone/steering_wheel,steering_wheel,True,hands_on_wheel/both_hands,both_hands
2148,gaze_zone/steering_wheel,steering_wheel,True,hands_on_wheel/both_hands,both_hands
2149,gaze_zone/steering_wheel,steering_wheel,True,hands_on_wheel/both_hands,both_hands
2150,gaze_zone/steering_wheel,steering_wheel,True,hands_on_wheel/both_hands,both_hands
2151,gaze_zone/steering_wheel,steering_wheel,False,hands_on_wheel/both_hands,both_hands
2152,gaze_zone/steering_wheel,steering_wheel,False,hands_on_wheel/both_hands,both_hands
2153,gaze_zone/steering_wheel,steering_wheel,False,hands_on_wheel/both_hands,both_hands
2154,gaze_zone/steering_wheel,steering_wheel,False,hands_on_wheel/both_hands,both_hands
2155,gaze_zone/steering_wheel,steering_wheel,False,hands_on_wheel/both_hands,both_hands
2156,gaze_zone/steering_wheel,steering_wheel,False,hands_on_wheel/both_hands,both_hands
2157,gaze_zone/steering_wheel,steering_wheel,False,hands_on_wheel/both_hands,both_hands
2158,gaze_zone/steering_wheel,steering_wheel,False,hands_on_wheel/both_hands,both_hands
2159,gaze_zone/steering_wheel,steering_wheel,False,hands_on_wheel/both_hands,both_hands
2160,gaze_zone/steering_wheel,steering_wheel,False,hands_on_wheel/both_hands,both_hands
2161,gaze_zone/steering_wheel,steering_wheel,False,hands_on_wheel/both_hands,both_hands
2162,gaze_zone/steering_wheel,steering_wheel,False,hands_on_wheel/both_hands,both_hands
2163,gaze_zone/steering_wheel,steering_wheel,False,hands_on_wheel/both_hands,both_hands
2164,gaze_zone/steering_wheel,steering_wheel,True,hands_on_wheel/both_hands,both_hands
2165,gaze_zone/steering_wheel,steering_wheel,True,hands_on_wheel/both_hands,both_hands
2166,gaze_zone/steering_wheel,steering_wheel,True,hands_on_wheel/both_hands,both_hands
2167,gaze_zone/steering_wheel,steering_wheel,True,hands_on_wheel/both_hands,both_hands
2168,gaze_zone/steering_wheel,steering_wheel,True,hands_on_wheel/both_hands,both_hands
2169,gaze_zone/steering_wheel,steering_wheel,True,hands_on_wheel/both_hands,both_hands
2170,gaze_zone/steering_wheel,steering_wheel,True,hands_on_wheel/both_hands,both_hands
2171,gaze_zone/steering_wheel,steering_wheel,True,hands_on_wheel/both_hands,both_hands
2172,gaze_zone/steering_wheel,steering_wheel,False,hands_on_wheel/both_hands,both_hands
2173,gaze_zone/steering_wheel,steering_wheel,False,hands_on_wheel/both_hands,both_hands
2174,gaze_zone/steering_wheel,steering_wheel,False,hands_on_wheel/both_hands,both_hands
2175,gaze_zone/steering_wheel,steering_wheel,False,hands_on_wheel/both_hands,both_hands
2176,gaze_zone/steering_wheel,steering_wheel,True,hands_on_wheel/both_hands,both_hands
2177,gaze_zone/steering_wheel,steering_wheel,True,hands_on_wheel/both_hands,both_hands
2178,gaze_zone/steering_wheel,steering_wheel,True,hands_on_wheel/both_hands,both_hands
2179,gaze_zone/steering_wheel,steering_wheel,True,hands_on_wheel/both_hands,both_hands
2180,gaze_zone/steering_wheel,steering_wheel,True,hands_on_wheel/both_hands,both_hands
2181,gaze_zone/steering_wheel,steering_wheel,True,hands_on_wheel/both_hands,both_hands
2182,gaze_zone/steering_wheel,steering_wheel,True,hands_on_wheel/both_hands,both_hands
2183,gaze_zone/steering_wheel,steering_wheel,True,hands_on_wheel/both_hands,both_hands
2184,gaze_zone/steering_wheel,steering_wheel,True,hands_on_wheel/both_hands,both_hands
2185,gaze_zone/steering_wheel,steering_wheel,True,hands_on_wheel/both_hands,both_hands
2186,gaze_zone/steering_wheel,steering_wheel,True,hands_on_wheel/both_hands,both_hands
2187,gaze_zone/steering_wheel,steering_wheel,True,hands_on_wheel/both_hands,both_hands
2188,gaze_zone/steering_wheel,steering_wheel,True,hands_on_wheel/both_hands,both_hands
2189,gaze_zone/steering_wheel,steering_wheel,True,hands_on_wheel/both_hands,both_hands
2190,gaze_zone/steering_wheel,steering_wheel,True,hands_on_wheel/both_hands,both_hands
2191,gaze_zone/steering_wheel,steering_wheel,True,hands_on_wheel/both_hands,both_hands
2192,gaze_zone/steering_wheel,steering_wheel,True,hands_on_wheel/both_hands,both_hands
2193,gaze_zone/steering_wheel,steering_wheel,True,hands_on_wheel/both_hands,both_hands
2194,gaze_zone/front,front,True,hands_on_wheel/both_hands,both_hands
2195,gaze_zone/front,front,True,hands_on_wheel/both_hands,both_hands
2196,gaze_zone/front,front,True,hands_on_wheel/both_hands,both_hands
2197,gaze_zone/front,front,True,hands_on_wheel/both_hands,both_hands
2198,gaze_zone/front,front,True,hands_on_wheel/both_hands,both_hands
2199,gaze_zone/front,front,True,hands_on_wheel/both_hands,both_hands
2200,gaze_zone/front,front,False,hands_on_wheel/both_hands,both_hands
2201,gaze_zone/front,front,False,hands_on_wheel/both_hands,both_hands
2202,gaze_zone/front,front,False,hands_on_wheel/both_hands,both_hands
2203,gaze_zone/front,front,False,hands_on_wheel/both_hands,both_hands
2204,gaze_zone/front,front,False,hands_on_wheel/both_hands,both_hands
2205,gaze_zone/front,front,False,hands_on_wheel/both_hands,both_hands
2206,gaze_zone/front,front,False,hands_on_wheel/both_hands,both_hands
2207,gaze_zone/front,front,False,hands_on_wheel/both_hands,both_hands
2208,gaze_zone/front,front,False,hands_on_wheel/both_hands,both_hands
2209,gaze_zone/front,front,False,hands_on_wheel/both_hands,both_hands
2210,gaze_zone/front,front,False,hands_on_wheel/both_hands,both_hands
2211,gaze_zone/front,front,False,hands_on_wheel/both_hands,both_hands
2212,gaze_zone/front,front,False,hands_on_wheel/both_hands,both_hands
2213,gaze_zone/front,front,True,hands_on_wheel/both_hands,both_hands
2214,gaze_zone/front,front,True,hands_on_wheel/both_hands,both_hands
2215,gaze_zone/front,front,True,hands_on_wheel/both_hands,both_hands
2216,gaze_zone/front,front,True,hands_on_wheel/both_hands,both_hands
2217,gaze_zone/front,front,True,hands_on_wheel/both_hands,both_hands
2218,gaze_zone/front,front,True,hands_on_wheel/both_hands,both_hands
2219,gaze_zone/front,front,True,hands_on_wheel/both_hands,both_hands
2220,gaze_zone/front,front,True,hands_on_wheel/both_hands,both_hands
2221,gaze_zone/front,front,True,hands_on_wheel/both_hands,both_hands
2222,gaze_zone/front,front,True,hands_on_wheel/both_hands,both_hands
2223,gaze_zone/front,front,True,hands_on_wheel/both_hands,both_hands
2224,gaze_zone/front,front,False,hands_on_wheel/both_hands,both_hands
2225,gaze_zone/front,front,False,hands_on_wheel/both_hands,both_hands
2226,gaze_zone/front,front,False,hands_on_wheel/both_hands,both_hands
2227,gaze_zone/front,front,False,hands_on_wheel/both_hands,both_hands
2228,gaze_zone/front,front,False,hands_on_wheel/both_hands,both_hands
2229,gaze_zone/front,front,False,hands_on_wheel/both_hands,both_hands
2230,gaze_zone/front,front,False,hands_on_wheel/both_hands,both_hands
2231,gaze_zone/front,front,True,hands_on_wheel/both_hands,both_hands
2232,gaze_zone/front,front,True,hands_on_wheel/both_hands,both_hands
2233,gaze_zone/front,front,True,hands_on_wheel/both_hands,both_hands
2234,gaze_zone/front,front,True,hands_on_wheel/both_hands,both_hands
2235,gaze_zone/front,front,True,hands_on_wheel/both_hands,both_hands
2236,gaze_zone/front,front,True,hands_on_wheel/both_hands,both_hands
2237,gaze_zone/front,front,True,hands_on_wheel/both_hands,both_hands
2238,gaze_zone/front,front,True,hands_on_wheel/both_hands,both_hands
2239,gaze_zone/front,front,True,hands_on_wheel/both_hands,both_hands
2240,gaze_zone/front,front,True,hands_on_wheel/both_hands,both_hands
2241,gaze_zone/front,front,True,hands_on_wheel/both_hands,both_hands
2242,gaze_zone/front,front,False,hands_on_wheel/both_hands,both_hands
2243,gaze_zone/front,front,False,hands_on_wheel/both_hands,both_hands
2244,gaze_zone/front,front,False,hands_on_wheel/both_hands,both_hands
2245,gaze_zone/front,front,False,hands_on_wheel/both_hands,both_hands
2246,gaze_zone/front,front,False,hands_on_wheel/both_hands,both_hands
2247,gaze_zone/front,front,False,hands_on_wheel/both_hands,both_hands
2248,gaze_zone/front,front,False,hands_on_wheel/both_hands,both_hands
2249,gaze_zone/front,front,False,hands_on_wheel/both_hands,both_hands
2250,gaze_zone/front,front,True,hands_on_wheel/both_hands,both_hands
2251,gaze_zone/front,front,True,hands_on_wheel/both_hands,both_hands
2252,gaze_zone/front,front,True,hands_on_wheel/both_hands,both_hands
2253,gaze_zone/front,front,True,hands_on_wheel/both_hands,both_hands
2254,gaze_zone/front,front,True,hands_on_wheel/both_hands,both_hands
2255,gaze_zone/front,front,True,hands_on_wheel/both_hands,both_hands
2256,gaze_zone/front,front,True,hands_on_wheel/both_hands,both_hands
2257,gaze_zone/front,front,True,hands_on_wheel/both_hands,both_hands
2258,gaze_zone/front,front,True,hands_on_wheel/both_hands,both_hands
2259,gaze_zone/front,front,True,hands_on_wheel/both_hands,both_hands
2260,gaze_zone/front,front,False,hands_on_wheel/both_hands,both_hands
2261,gaze_zone/front,front,False,hands_on_wheel/both_hands,both_hands
2262,gaze_zone/front,front,False,hands_on_wheel/both_hands,both_hands
2263,gaze_zone/front,front,False,hands_on_wheel/both_hands,both_hands
2264,gaze_zone/front,front,False,hands_on_wheel/both_hands,both_hands
2265,gaze_zone/front,front,False,hands_on_wheel/both_hands,both_hands
2266,gaze_zone/front,front,False,hands_on_wheel/both_hands,both_hands
2267,gaze_zone/front,front,False,hands_on_wheel/both_hands,both_hands
2268,gaze_zone/front,front,False,hands_on_wheel/both_hands,both_hands
2269,gaze_zone/front,front,False,hands_on_wheel/both_hands,both_hands
2270,gaze_zone/front,front,False,hands_on_wheel/both_hands,both_hands
2271,gaze_zone/front,front,False,hands_on_wheel/both_hands,both_hands
2272,gaze_zone/front,front,False,hands_on_wheel/both_hands,both_hands
2273,gaze_zone/front,front,False,hands_on_wheel/both_hands,both_hands
2274,gaze_zone/front,front,False,hands_on_wheel/both_hands,both_hands
2275,gaze_zone/front,front,False,hands_on_wheel/both_hands,both_hands
2276,gaze_zone/front,front,False,hands_on_wheel/both_hands,both_hands
2277,gaze_zone/front,front,False,hands_on_wheel/both_hands,both_hands
2278,gaze_zone/front,front,False,hands_on_wheel/both_hands,both_hands
2279,gaze_zone/front,front,False,hands_on_wheel/both_hands,both_hands
2280,gaze_zone/front,front,False,hands_on_wheel/both_hands,both_hands
2281,gaze_zone/front,front,False,hands_on_wheel/both_hands,both_hands
2282,gaze_zone/front,front,True,hands_on_wheel/both_hands,both_hands
2283,gaze_zone/front,front,True,hands_on_wheel/both_hands,both_hands
2284,gaze_zone/front,front,True,hands_on_wheel/both_hands,both_hands
2285,gaze_zone/front,front,True,hands_on_wheel/both_hands,both_hands
2286,gaze_zone/front,front,True,hands_on_wheel/both_hands,both_hands
2287,gaze_zone/front,front,True,hands_on_wheel/both_hands,both_hands
2288,gaze_zone/front,front,True,hands_on_wheel/both_hands,both_hands
2289,gaze_zone/front,front,True,hands_on_wheel/both_hands,both_hands
2290,gaze_zone/front,front,True,hands_on_wheel/both_hands,both_hands
2291,gaze_zone/front,front,True,hands_on_wheel/both_hands,both_hands
2292,gaze_zone/front,front,True,hands_on_wheel/both_hands,both_hands
2293,gaze_zone/front,front,True,hands_on_wheel/both_hands,both_hands
2294,gaze_zone/front,front,True,hands_on_wheel/both_hands,both_hands
2295,gaze_zone/front,front,True,hands_on_wheel/both_hands,both_hands
2296,gaze_zone/front,front,True,hands_on_wheel/both_hands,both_hands
2297,gaze_zone/front,front,True,hands_on_wheel/both_hands,both_hands
2298,gaze_zone/front,front,True,hands_on_wheel/both_hands,both_hands
2299,gaze_zone/front,front,True,hands_on_wheel/both_hands,both_hands
2300,gaze_zone/front,front,True,hands_on_wheel/both_hands,both_hands
2301,gaze_zone/front,front,True,hands_on_wheel/both_hands,both_hands
2302,gaze_zone/front,front,False,hands_on_wheel/both_hands,both_hands
2303,gaze_zone/front,front,False,hands_on_wheel/both_hands,both_hands
2304,gaze_zone/front,front,False,hands_on_wheel/both_hands,both_hands
2305,gaze_zone/front,front,False,hands_on_wheel/both_hands,both_hands
2306,gaze_zone/front,front,False,hands_on_wheel/both_hands,both_hands
2307,gaze_zone/front,front,False,hands_on_wheel/both_hands,both_hands
2308,gaze_zone/front,front,False,hands_on_wheel/both_hands,both_hands
2309,gaze_zone/front,front,False,hands_on_wheel/both_hands,both_hands
2310,gaze_zone/front,front,False,hands_on_wheel/both_hands,both_hands
2311,gaze_zone/front,front,False,hands_on_wheel/both_hands,both_hands
2312,gaze_zone/front,front,False,hands_on_wheel/both_hands,both_hands
2313,gaze_zone/front,front,True,hands_on_wheel/both_hands,both_hands
2314,gaze_zone/front,front,True,hands_on_wheel/both_hands,both_hands
2315,gaze_zone/front,front,True,hands_on_wheel/both_hands,both_hands
2316,gaze_zone/front,front,True,hands_on_wheel/both_hands,both_hands
2317,gaze_zone/front,front,True,hands_on_wheel/both_hands,both_hands
2318,gaze_zone/front,front,True,hands_on_wheel/both_hands,both_hands
2319,gaze_zone/front,front,True,hands_on_wheel/both_hands,both_hands
2320,gaze_zone/front,front,True,hands_on_wheel/both_hands,both_hands
2321,gaze_zone/front,front,True,hands_on_wheel/both_hands,both_hands
2322,gaze_zone/front,front,True,hands_on_wheel/both_hands,both_hands
2323,gaze_zone/front,front,True,hands_on_wheel/both_hands,both_hands
2324,gaze_zone/front,front,False,hands_on_wheel/both_hands,both_hands
2325,gaze_zone/front,front,False,hands_on_wheel/both_hands,both_hands
2326,gaze_zone/front,front,False,hands_on_wheel/both_hands,both_hands
2327,gaze_zone/front,front,False,hands_on_wheel/only_right,only_right
2328,gaze_zone/not_valid,not_valid,False,hands_on_wheel/only_right,only_right
2329,gaze_zone/not_valid,not_valid,False,hands_on_wheel/only_right,only_right
2330,gaze_zone/not_valid,not_valid,False,hands_on_wheel/only_right,only_right
2331,gaze_zone/not_valid,not_valid,False,hands_on_wheel/only_right,only_right
2332,gaze_zone/not_valid,not_valid,False,hands_on_wheel/only_right,only_right
2333,gaze_zone/not_valid,not_valid,False,hands_on_wheel/only_right,only_right
2334,gaze_zone/not_valid,not_valid,False,hands_on_wheel/only_right,only_right
2335,gaze_zone/not_valid,not_valid,False,hands_on_wheel/only_right,only_right
2336,gaze_zone/not_valid,not_valid,True,hands_on_wheel/only_right,only_right
2337,gaze_zone/not_valid,not_valid,True,hands_on_wheel/only_right,only_right
2338,gaze_zone/not_valid,not_valid,True,hands_on_wheel/only_right,only_right
2339,gaze_zone/not_valid,not_valid,True,hands_on_wheel/only_right,only_right
2340,gaze_zone/not_valid,not_valid,True,hands_on_wheel/only_right,only_right
2341,gaze_zone/not_valid,not_valid,True,hands_on_wheel/only_right,only_right
2342,gaze_zone/not_valid,not_valid,True,hands_on_wheel/only_right,only_right
2343,gaze_zone/not_valid,not_valid,True,hands_on_wheel/only_right,only_right
2344,gaze_zone/not_valid,not_valid,True,hands_on_wheel/only_right,only_right
2345,gaze_zone/not_valid,not_valid,True,hands_on_wheel/only_right,only_right
2346,gaze_zone/not_valid,not_valid,False,hands_on_wheel/only_right,only_right
2347,gaze_zone/not_valid,not_valid,False,hands_on_wheel/only_right,only_right
2348,gaze_zone/not_valid,not_valid,False,hands_on_wheel/only_right,only_right
2349,gaze_zone/not_valid,not_valid,False,hands_on_wheel/only_right,only_right
2350,gaze_zone/not_valid,not_valid,False,hands_on_wheel/only_right,only_right
2351,gaze_zone/not_valid,not_valid,False,hands_on_wheel/only_right,only_right
2352,gaze_zone/not_valid,not_valid,False,hands_on_wheel/only_right,only_right
2353,gaze_zone/not_valid,not_valid,False,hands_on_wheel/only_right,only_right
2354,gaze_zone/not_valid,not_valid,False,hands_on_wheel/only_right,only_right
2355,gaze_zone/not_valid,not_valid,False,hands_on_wheel/only_right,only_right
2356,gaze_zone/not_valid,not_valid,False,hands_on_wheel/only_right,only_right
2357,gaze_zone/not_valid,not_valid,False,hands_on_wheel/only_right,only_right
2358,gaze_zone/not_valid,not_valid,False,hands_on_wheel/only_right,only_right
2359,gaze_zone/not_valid,not_valid,False,hands_on_wheel/only_right,only_right
2360,gaze_zone/not_valid,not_valid,False,hands_on_wheel/only_right,only_right
2361,gaze_zone/not_valid,not_valid,False,hands_on_wheel/only_right,only_right
2362,gaze_zone/not_valid,not_valid,False,hands_on_wheel/only_right,only_right
2363,gaze_zone/not_valid,not_valid,False,hands_on_wheel/only_right,only_right
2364,gaze_zone/not_valid,not_valid,False,hands_on_wheel/only_right,only_right
2365,gaze_zone/not_valid,not_valid,False,hands_on_wheel/only_right,only_right
2366,gaze_zone/not_valid,not_valid,False,hands_on_wheel/only_right,only_right
2367,gaze_zone/not_valid,not_valid,False,hands_on_wheel/only_right,only_right
2368,gaze_zone/not_valid,not_valid,False,hands_on_wheel/only_right,only_right
2369,gaze_zone/not_valid,not_valid,True,hands_on_wheel/only_right,only_right
2370,gaze_zone/not_valid,not_valid,True,hands_on_wheel/only_right,only_right
2371,gaze_zone/not_valid,not_valid,True,hands_on_wheel/only_right,only_right
2372,gaze_zone/not_valid,not_valid,True,hands_on_wheel/only_right,only_right
2373,gaze_zone/not_valid,not_valid,True,hands_on_wheel/only_right,only_right
2374,gaze_zone/not_valid,not_valid,True,hands_on_wheel/only_right,only_right
2375,gaze_zone/not_valid,not_valid,True,hands_on_wheel/only_right,only_right
2376,gaze_zone/not_valid,not_valid,True,hands_on_wheel/only_right,only_right
2377,gaze_zone/not_valid,not_valid,True,hands_on_wheel/only_right,only_right
2378,gaze_zone/not_valid,not_valid,True,hands_on_wheel/only_right,only_right
2379,gaze_zone/not_valid,not_valid,False,hands_on_wheel/only_right,only_right
2380,gaze_zone/not_valid,not_valid,False,hands_on_wheel/only_right,only_right
2381,gaze_zone/not_valid,not_valid,False,hands_on_wheel/only_right,only_right
2382,gaze_zone/not_valid,not_valid,False,hands_on_wheel/only_right,only_right
2383,gaze_zone/not_valid,not_valid,False,hands_on_wheel/only_right,only_right
2384,gaze_zone/not_valid,not_valid,False,hands_on_wheel/only_right,only_right
2385,gaze_zone/not_valid,not_valid,False,hands_on_wheel/only_right,only_right
2386,gaze_zone/not_valid,not_valid,False,hands_on_wheel/only_right,only_right
2387,gaze_zone/not_valid,not_valid,False,hands_on_wheel/only_right,only_right
2388,gaze_zone/not_valid,not_valid,False,hands_on_wheel/only_right,only_right
2389,gaze_zone/not_valid,not_valid,False,hands_on_wheel/only_right,only_right
2390,gaze_zone/not_valid,not_valid,False,hands_on_wheel/only_right,only_right
2391,gaze_zone/not_valid,not_valid,False,hands_on_wheel/only_right,only_right
2392,gaze_zone/not_valid,not_valid,False,hands_on_wheel/only_right,only_right
2393,gaze_zone/not_valid,not_valid,True,hands_on_wheel/only_right,only_right
2394,gaze_zone/not_valid,not_valid,True,hands_on_wheel/only_right,only_right
2395,gaze_zone/not_valid,not_valid,True,hands_on_wheel/only_right,only_right
2396,gaze_zone/not_valid,not_valid,True,hands_on_wheel/only_right,only_right
2397,gaze_zone/not_valid,not_valid,True,hands_on_wheel/only_right,only_right
2398,gaze_zone/not_valid,not_valid,True,hands_on_wheel/only_right,only_right
2399,gaze_zone/not_valid,not_valid,True,hands_on_wheel/only_right,only_right
2400,gaze_zone/not_valid,not_valid,True,hands_on_wheel/only_right,only_right
2401,gaze_zone/not_valid,not_valid,True,hands_on_wheel/only_right,only_right
2402,gaze_zone/not_valid,not_valid,False,hands_on_wheel/only_right,only_right
2403,gaze_zone/not_valid,not_valid,False,hands_on_wheel/only_right,only_right
2404,gaze_zone/not_valid,not_valid,True,hands_on_wheel/only_right,only_right
2405,gaze_zone/not_valid,not_valid,True,hands_on_wheel/only_right,only_right
2406,gaze_zone/not_valid,not_valid,True,hands_on_wheel/only_right,only_right
2407,gaze_zone/not_valid,not_valid,True,hands_on_wheel/only_right,only_right
2408,gaze_zone/not_valid,not_valid,True,hands_on_wheel/only_right,only_right
2409,gaze_zone/not_valid,not_valid,True,hands_on_wheel/only_right,only_right
2410,gaze_zone/not_valid,not_valid,True,hands_on_wheel/only_right,only_right
2411,gaze_zone/not_valid,not_valid,True,hands_on_wheel/only_right,only_right
2412,gaze_zone/not_valid,not_valid,True,hands_on_wheel/only_right,only_right
2413,gaze_zone/not_valid,not_valid,True,hands_on_wheel/only_right,only_right
2414,gaze_zone/not_valid,not_valid,False,hands_on_wheel/only_right,only_right
2415,gaze_zone/not_valid,not_valid,False,hands_on_wheel/only_right,only_right
2416,gaze_zone/not_valid,not_valid,False,hands_on_wheel/only_right,only_right
2417,gaze_zone/not_valid,not_valid,False,hands_on_wheel/only_right,only_right
2418,gaze_zone/not_valid,not_valid,False,hands_on_wheel/only_right,only_right
2419,gaze_zone/not_valid,not_valid,False,hands_on_wheel/only_right,only_right
2420,gaze_zone/not_valid,not_valid,False,hands_on_wheel/only_right,only_right
2421,gaze_zone/not_valid,not_valid,False,hands_on_wheel/only_right,only_right
2422,gaze_zone/not_valid,not_valid,False,hands_on_wheel/only_right,only_right
2423,gaze_zone/not_valid,not_valid,False,hands_on_wheel/only_right,only_right
2424,gaze_zone/not_valid,not_valid,True,hands_on_wheel/only_right,only_right
2425,gaze_zone/not_valid,not_valid,True,hands_on_wheel/only_right,only_right
2426,gaze_zone/not_valid,not_valid,True,hands_on_wheel/only_right,only_right
2427,gaze_zone/not_valid,not_valid,True,hands_on_wheel/only_right,only_right
2428,gaze_zone/not_valid,not_valid,True,hands_on_wheel/only_right,only_right
2429,gaze_zone/not_valid,not_valid,True,hands_on_wheel/only_right,only_right
2430,gaze_zone/not_valid,not_valid,True,hands_on_wheel/only_right,only_right
2431,gaze_zone/not_valid,not_valid,True,hands_on_wheel/only_right,only_right
2432,gaze_zone/not_valid,not_valid,True,hands_on_wheel/only_right,only_right
2433,gaze_zone/not_valid,not_valid,True,hands_on_wheel/only_right,only_right
2434,gaze_zone/not_valid,not_valid,True,hands_on_wheel/only_right,only_right
2435,gaze_zone/not_valid,not_valid,True,hands_on_wheel/only_right,only_right
2436,gaze_zone/not_valid,not_valid,False,hands_on_wheel/only_right,only_right
2437,gaze_zone/not_valid,not_valid,False,hands_on_wheel/only_right,only_right
2438,gaze_zone/not_valid,not_valid,False,hands_on_wheel/only_right,only_right
2439,gaze_zone/not_valid,not_valid,False,hands_on_wheel/only_right,only_right
2440,gaze_zone/not_valid,not_valid,False,hands_on_wheel/only_right,only_right
2441,gaze_zone/not_valid,not_valid,False,hands_on_wheel/only_right,only_right
2442,gaze_zone/not_valid,not_valid,False,hands_on_wheel/only_right,only_right
2443,gaze_zone/not_valid,not_valid,True,hands_on_wheel/only_right,only_right
2444,gaze_zone/not_valid,not_valid,True,hands_on_wheel/only_right,only_right
2445,gaze_zone/not_valid,not_valid,True,hands_on_wheel/only_right,only_right
2446,gaze_zone/not_valid,not_valid,True,hands_on_wheel/only_right,only_right
2447,gaze_zone/not_valid,not_valid,True,hands_on_wheel/only_right,only_right
2448,gaze_zone/not_valid,not_valid,True,hands_on_wheel/only_right,only_right
2449,gaze_zone/not_valid,not_valid,True,hands_on_wheel/only_right,only_right
2450,gaze_zone/not_valid,not_valid,True,hands_on_wheel/only_right,only_right
2451,gaze_zone/not_valid,not_valid,True,hands_on_wheel/only_right,only_right
2452,gaze_zone/not_valid,not_valid,True,hands_on_wheel/only_right,only_right
2453,gaze_zone/not_valid,not_valid,True,hands_on_wheel/only_right,only_right
2454,gaze_zone/not_valid,not_valid,True,hands_on_wheel/only_right,only_right
2455,gaze_zone/not_valid,not_valid,False,hands_on_wheel/only_right,only_right
2456,gaze_zone/not_valid,not_valid,False,hands_on_wheel/only_right,only_right
2457,gaze_zone/not_valid,not_valid,False,hands_on_wheel/only_right,only_right
2458,gaze_zone/not_valid,not_valid,False,hands_on_wheel/only_right,only_right
2459,gaze_zone/not_valid,not_valid,False,hands_on_wheel/only_right,only_right
2460,gaze_zone/not_valid,not_valid,False,hands_on_wheel/only_right,only_right
2461,gaze_zone/not_valid,not_valid,False,hands_on_wheel/only_right,only_right
2462,gaze_zone/not_valid,not_valid,False,hands_on_wheel/only_right,only_right
2463,gaze_zone/not_valid,not_valid,False,hands_on_wheel/only_right,only_right
2464,gaze_zone/not_valid,not_valid,False,hands_on_wheel/only_right,only_right
2465,gaze_zone/not_valid,not_valid,False,hands_on_wheel/only_right,only_right
2466,gaze_zone/not_valid,not_valid,False,hands_on_wheel/only_right,only_right
2467,gaze_zone/not_valid,not_valid,False,hands_on_wheel/only_right,only_right
2468,gaze_zone/not_valid,not_valid,False,hands_on_wheel/only_right,only_right
2469,gaze_zone/not_valid,not_valid,False,hands_on_wheel/only_right,only_right
2470,gaze_zone/not_valid,not_valid,False,hands_on_wheel/only_right,only_right
2471,gaze_zone/not_valid,not_valid,False,hands_on_wheel/only_right,only_right
2472,gaze_zone/not_valid,not_valid,True,hands_on_wheel/only_right,only_right
2473,gaze_zone/not_valid,not_valid,True,hands_on_wheel/only_right,only_right
2474,gaze_zone/not_valid,not_valid,True,hands_on_wheel/only_right,only_right
2475,gaze_zone/not_valid,not_valid,True,hands_on_wheel/only_right,only_right
2476,gaze_zone/not_valid,not_valid,True,hands_on_wheel/only_right,only_right
2477,gaze_zone/not_valid,not_valid,True,hands_on_wheel/only_right,only_right
2478,gaze_zone/not_valid,not_valid,True,hands_on_wheel/only_right,only_right
2479,gaze_zone/not_valid,not_valid,True,hands_on_wheel/only_right,only_right
2480,gaze_zone/not_valid,not_valid,True,hands_on_wheel/only_right,only_right
2481,gaze_zone/not_valid,not_valid,True,hands_on_wheel/only_right,only_right
2482,gaze_zone/not_valid,not_valid,True,hands_on_wheel/only_right,only_right
2483,gaze_zone/not_valid,not_valid,False,hands_on_wheel/only_right,only_right
2484,gaze_zone/not_valid,not_valid,False,hands_on_wheel/only_right,only_right
2485,gaze_zone/not_valid,not_valid,False,hands_on_wheel/only_right,only_right
2486,gaze_zone/not_valid,not_valid,False,hands_on_wheel/only_right,only_right
2487,gaze_zone/not_valid,not_valid,False,hands_on_wheel/only_right,only_right
2488,gaze_zone/not_valid,not_valid,False,hands_on_wheel/only_right,only_right
2489,gaze_zone/not_valid,not_valid,False,hands_on_wheel/only_right,only_right
2490,gaze_zone/not_valid,not_valid,False,hands_on_wheel/only_right,only_right
2491,gaze_zone/not_valid,not_valid,False,hands_on_wheel/only_right,only_right
2492,gaze_zone/not_valid,not_valid,False,hands_on_wheel/only_right,only_right
2493,gaze_zone/not_valid,not_valid,False,hands_on_wheel/only_right,only_right
2494,gaze_zone/not_valid,not_valid,False,hands_on_wheel/only_right,only_right
2495,gaze_zone/not_valid,not_valid,False,hands_on_wheel/only_right,only_right
2496,gaze_zone/not_valid,not_valid,False,hands_on_wheel/only_right,only_right
2497,gaze_zone/not_valid,not_valid,False,hands_on_wheel/only_right,only_right
2498,gaze_zone/not_valid,not_valid,False,hands_on_wheel/only_right,only_right
2499,gaze_zone/not_valid,not_valid,False,hands_on_wheel/only_right,only_right
2500,gaze_zone/not_valid,not_valid,False,hands_on_wheel/only_right,only_right
2501,gaze_zone/not_valid,not_valid,False,hands_on_wheel/only_right,only_right
2502,gaze_zone/not_valid,not_valid,False,hands_on_wheel/only_right,only_right
2503,gaze_zone/not_valid,not_valid,False,hands_on_wheel/only_right,only_right
2504,gaze_zone/not_valid,not_valid,False,hands_on_wheel/only_right,only_right
2505,gaze_zone/not_valid,not_valid,False,hands_on_wheel/only_right,only_right
2506,gaze_zone/not_valid,not_valid,False,hands_on_wheel/only_right,only_right
2507,gaze_zone/not_valid,not_valid,False,hands_on_wheel/only_right,only_right
2508,gaze_zone/not_valid,not_valid,False,hands_on_wheel/only_right,only_right
2509,gaze_zone/not_valid,not_valid,False,hands_on_wheel/only_right,only_right
2510,gaze_zone/not_valid,not_valid,False,hands_on_wheel/only_right,only_right
2511,gaze_zone/not_valid,not_valid,False,hands_on_wheel/only_right,only_right
2512,gaze_zone/not_valid,not_valid,False,hands_on_wheel/only_right,only_right
2513,gaze_zone/not_valid,not_valid,False,hands_on_wheel/only_right,only_right
2514,gaze_zone/not_valid,not_valid,False,hands_on_wheel/only_right,only_right
2515,gaze_zone/not_valid,not_valid,False,hands_on_wheel/only_right,only_right
2516,gaze_zone/not_valid,not_valid,False,hands_on_wheel/only_right,only_right
2517,gaze_zone/not_valid,not_valid,False,hands_on_wheel/only_right,only_right
2518,gaze_zone/not_valid,not_valid,False,hands_on_wheel/both_hands,both_hands
2519,gaze_zone/not_valid,not_valid,False,hands_on_wheel/both_hands,both_hands
2520,gaze_zone/not_valid,not_valid,False,hands_on_wheel/both_hands,both_hands
2521,gaze_zone/not_valid,not_valid,False,hands_on_wheel/both_hands,both_hands
2522,gaze_zone/not_valid,not_valid,False,hands_on_wheel/both_hands,both_hands
2523,gaze_zone/not_valid,not_valid,False,hands_on_wheel/both_hands,both_hands
2524,gaze_zone/not_valid,not_valid,False,hands_on_wheel/both_hands,both_hands
2525,gaze_zone/not_valid,not_valid,False,hands_on_wheel/both_hands,both_hands
2526,gaze_zone/not_valid,not_valid,False,hands_on_wheel/both_hands,both_hands
2527,gaze_zone/not_valid,not_valid,False,hands_on_wheel/both_hands,both_hands
2528,gaze_zone/not_valid,not_valid,False,hands_on_wheel/both_hands,both_hands
2529,gaze_zone/not_valid,not_valid,False,hands_on_wheel/both_hands,both_hands
2530,gaze_zone/not_valid,not_valid,False,hands_on_wheel/both_hands,both_hands
2531,gaze_zone/not_valid,not_valid,False,hands_on_wheel/both_hands,both_hands
2532,gaze_zone/not_valid,not_valid,False,hands_on_wheel/both_hands,both_hands
2533,gaze_zone/not_valid,not_valid,False,hands_on_wheel/both_hands,both_hands
2534,gaze_zone/not_valid,not_valid,False,hands_on_wheel/both_hands,both_hands
2535,gaze_zone/not_valid,not_valid,False,hands_on_wheel/both_hands,both_hands
2536,gaze_zone/not_valid,not_valid,False,hands_on_wheel/both_hands,both_hands
2537,gaze_zone/not_valid,not_valid,False,hands_on_wheel/both_hands,both_hands
2538,gaze_zone/not_valid,not_valid,False,hands_on_wheel/both_hands,both_hands
2539,gaze_zone/not_valid,not_valid,False,hands_on_wheel/both_hands,both_hands
2540,gaze_zone/not_valid,not_valid,False,hands_on_wheel/only_left,only_left
2541,gaze_zone/not_valid,not_valid,False,hands_on_wheel/only_left,only_left
2542,gaze_zone/not_valid,not_valid,False,hands_on_wheel/only_left,only_left
2543,gaze_zone/not_valid,not_valid,False,hands_on_wheel/only_left,only_left
2544,gaze_zone/not_valid,not_valid,True,hands_on_wheel/only_left,only_left
2545,gaze_zone/not_valid,not_valid,True,hands_on_wheel/only_left,only_left
2546,gaze_zone/not_valid,not_valid,True,hands_on_wheel/only_left,only_left
2547,gaze_zone/not_valid,not_valid,True,hands_on_wheel/only_left,only_left
2548,gaze_zone/not_valid,not_valid,True,hands_on_wheel/only_left,only_left
2549,gaze_zone/not_valid,not_valid,True,hands_on_wheel/only_left,only_left
2550,gaze_zone/not_valid,not_valid,True,hands_on_wheel/only_left,only_left
2551,gaze_zone/not_valid,not_valid,True,hands_on_wheel/only_left,only_left
2552,gaze_zone/not_valid,not_valid,True,hands_on_wheel/only_left,only_left
2553,gaze_zone/not_valid,not_valid,True,hands_on_wheel/only_left,only_left
2554,gaze_zone/not_valid,not_valid,False,hands_on_wheel/only_left,only_left
2555,gaze_zone/not_valid,not_valid,False,hands_on_wheel/only_left,only_left
2556,gaze_zone/not_valid,not_valid,False,hands_on_wheel/only_left,only_left
2557,gaze_zone/not_valid,not_valid,False,hands_on_wheel/only_left,only_left
2558,gaze_zone/not_valid,not_valid,True,hands_on_wheel/only_left,only_left
2559,gaze_zone/not_valid,not_valid,True,hands_on_wheel/only_left,only_left
2560,gaze_zone/not_valid,not_valid,True,hands_on_wheel/only_left,only_left
2561,gaze_zone/not_valid,not_valid,True,hands_on_wheel/only_left,only_left
2562,gaze_zone/not_valid,not_valid,True,hands_on_wheel/only_left,only_left
2563,gaze_zone/not_valid,not_valid,True,hands_on_wheel/only_left,only_left
2564,gaze_zone/not_valid,not_valid,True,hands_on_wheel/only_left,only_left
2565,gaze_zone/not_valid,not_valid,True,hands_on_wheel/only_left,only_left
2566,gaze_zone/not_valid,not_valid,True,hands_on_wheel/only_left,only_left
2567,gaze_zone/not_valid,not_valid,True,hands_on_wheel/only_left,only_left
2568,gaze_zone/not_valid,not_valid,True,hands_on_wheel/only_left,only_left
2569,gaze_zone/not_valid,not_valid,True,hands_on_wheel/only_left,only_left
2570,gaze_zone/not_valid,not_valid,False,hands_on_wheel/only_left,only_left
2571,gaze_zone/not_valid,not_valid,False,hands_on_wheel/only_left,only_left
2572,gaze_zone/not_valid,not_valid,False,hands_on_wheel/only_left,only_left
2573,gaze_zone/not_valid,not_valid,False,hands_on_wheel/only_left,only_left
2574,gaze_zone/not_valid,not_valid,False,hands_on_wheel/only_left,only_left
2575,gaze_zone/not_valid,not_valid,False,hands_on_wheel/only_left,only_left
2576,gaze_zone/not_valid,not_valid,False,hands_on_wheel/only_left,only_left
2577,gaze_zone/not_valid,not_valid,False,hands_on_wheel/only_left,only_left
2578,gaze_zone/not_valid,not_valid,False,hands_on_wheel/only_left,only_left
2579,gaze_zone/not_valid,not_valid,True,hands_on_wheel/only_left,only_left
2580,gaze_zone/not_valid,not_valid,True,hands_on_wheel/only_left,only_left
2581,gaze_zone/not_valid,not_valid,True,hands_on_wheel/only_left,only_left
2582,gaze_zone/not_valid,not_valid,True,hands_on_wheel/only_left,only_left
2583,gaze_zone/not_valid,not_valid,True,hands_on_wheel/only_left,only_left
2584,gaze_zone/not_valid,not_valid,True,hands_on_wheel/only_left,only_left
2585,gaze_zone/not_valid,not_valid,True,hands_on_wheel/only_left,only_left
2586,gaze_zone/not_valid,not_valid,True,hands_on_wheel/only_left,only_left
2587,gaze_zone/not_valid,not_valid,True,hands_on_wheel/only_left,only_left
2588,gaze_zone/not_valid,not_valid,True,hands_on_wheel/only_left,only_left
2589,gaze_zone/not_valid,not_valid,True,hands_on_wheel/only_left,only_left
2590,gaze_zone/not_valid,not_valid,True,hands_on_wheel/only_left,only_left
2591,gaze_zone/not_valid,not_valid,True,hands_on_wheel/only_left,only_left
2592,gaze_zone/not_valid,not_valid,False,hands_on_wheel/only_left,only_left
2593,gaze_zone/not_valid,not_valid,False,hands_on_wheel/only_left,only_left
2594,gaze_zone/not_valid,not_valid,False,hands_on_wheel/only_left,only_left
2595,gaze_zone/not_valid,not_valid,False,hands_on_wheel/only_left,only_left
2596,gaze_zone/not_valid,not_valid,False,hands_on_wheel/only_left,only_left
2597,gaze_zone/not_valid,not_valid,False,hands_on_wheel/only_left,only_left
2598,gaze_zone/not_valid,not_valid,False,hands_on_wheel/only_left,only_left
2599,gaze_zone/not_valid,not_valid,False,hands_on_wheel/only_left,only_left
2600,gaze_zone/not_valid,not_valid,False,hands_on_wheel/only_left,only_left
2601,gaze_zone/not_valid,not_valid,False,hands_on_wheel/only_left,only_left
2602,gaze_zone/not_valid,not_valid,False,hands_on_wheel/only_left,only_left
2603,gaze_zone/not_valid,not_valid,True,hands_on_wheel/only_left,only_left
2604,gaze_zone/not_valid,not_valid,True,hands_on_wheel/only_left,only_left
2605,gaze_zone/not_valid,not_valid,True,hands_on_wheel/only_left,only_left
2606,gaze_zone/not_valid,not_valid,True,hands_on_wheel/only_left,only_left
2607,gaze_zone/not_valid,not_valid,True,hands_on_wheel/only_left,only_left
2608,gaze_zone/not_valid,not_valid,True,hands_on_wheel/only_left,only_left
2609,gaze_zone/not_valid,not_valid,True,hands_on_wheel/only_left,only_left
2610,gaze_zone/not_valid,not_valid,True,hands_on_wheel/only_left,only_left
2611,gaze_zone/not_valid,not_valid,True,hands_on_wheel/only_left,only_left
2612,gaze_zone/not_valid,not_valid,True,hands_on_wheel/only_left,only_left
2613,gaze_zone/not_valid,not_valid,True,hands_on_wheel/only_left,only_left
2614,gaze_zone/not_valid,not_valid,False,hands_on_wheel/only_left,only_left
2615,gaze_zone/not_valid,not_valid,False,hands_on_wheel/only_left,only_left
2616,gaze_zone/not_valid,not_valid,False,hands_on_wheel/only_left,only_left
2617,gaze_zone/not_valid,not_valid,False,hands_on_wheel/only_left,only_left
2618,gaze_zone/not_valid,not_valid,False,hands_on_wheel/only_left,only_left
2619,gaze_zone/not_valid,not_valid,False,hands_on_wheel/only_left,only_left
2620,gaze_zone/not_valid,not_valid,False,hands_on_wheel/only_left,only_left
2621,gaze_zone/not_valid,not_valid,False,hands_on_wheel/only_left,only_left
2622,gaze_zone/not_valid,not_valid,False,hands_on_wheel/only_left,only_left
2623,gaze_zone/not_valid,not_valid,False,hands_on_wheel/only_left,only_left
2624,gaze_zone/not_valid,not_valid,False,hands_on_wheel/only_left,only_left
2625,gaze_zone/not_valid,not_valid,False,hands_on_wheel/only_left,only_left
2626,gaze_zone/not_valid,not_valid,False,hands_on_wheel/only_left,only_left
2627,gaze_zone/not_valid,not_valid,False,hands_on_wheel/only_left,only_left
2628,gaze_zone/not_valid,not_valid,False,hands_on_wheel/only_left,only_left
2629,gaze_zone/not_valid,not_valid,False,hands_on_wheel/only_left,only_left
2630,gaze_zone/not_valid,not_valid,False,hands_on_wheel/only_left,only_left
2631,gaze_zone/not_valid,not_valid,False,hands_on_wheel/only_left,only_left
2632,gaze_zone/not_valid,not_valid,False,hands_on_wheel/only_left,only_left
2633,gaze_zone/not_valid,not_valid,False,hands_on_wheel/only_left,only_left
2634,gaze_zone/not_valid,not_valid,False,hands_on_wheel/only_left,only_left
2635,gaze_zone/not_valid,not_valid,False,hands_on_wheel/only_left,only_left
2636,gaze_zone/not_valid,not_valid,False,hands_on_wheel/only_left,only_left
2637,gaze_zone/not_valid,not_valid,False,hands_on_wheel/only_left,only_left
2638,gaze_zone/not_valid,not_valid,False,hands_on_wheel/only_left,only_left
2639,gaze_zone/not_valid,not_valid,False,hands_on_wheel/only_left,only_left
2640,gaze_zone/not_valid,not_valid,False,hands_on_wheel/only_left,only_left
2641,gaze_zone/not_valid,not_valid,False,hands_on_wheel/only_left,only_left
2642,gaze_zone/not_valid,not_valid,False,hands_on_wheel/only_left,only_left
2643,gaze_zone/not_valid,not_valid,False,hands_on_wheel/only_left,only_left
2644,gaze_zone/not_valid,not_valid,False,hands_on_wheel/only_left,only_left
2645,gaze_zone/not_valid,not_valid,True,hands_on_wheel/only_left,only_left
2646,gaze_zone/not_valid,not_valid,True,hands_on_wheel/only_left,only_left
2647,gaze_zone/not_valid,not_valid,True,hands_on_wheel/only_left,only_left
2648,gaze_zone/not_valid,not_valid,True,hands_on_wheel/only_left,only_left
2649,gaze_zone/not_valid,not_valid,True,hands_on_wheel/only_left,only_left
2650,gaze_zone/not_valid,not_valid,True,hands_on_wheel/only_left,only_left
2651,gaze_zone/not_valid,not_valid,True,hands_on_wheel/only_left,only_left
2652,gaze_zone/not_valid,not_valid,True,hands_on_wheel/only_left,only_left
2653,gaze_zone/not_valid,not_valid,True,hands_on_wheel/only_left,only_left
2654,gaze_zone/not_valid,not_valid,True,hands_on_wheel/only_left,only_left
2655,gaze_zone/not_valid,not_valid,True,hands_on_wheel/only_left,only_left
2656,gaze_zone/not_valid,not_valid,False,hands_on_wheel/only_left,only_left
2657,gaze_zone/not_valid,not_valid,False,hands_on_wheel/only_left,only_left
2658,gaze_zone/not_valid,not_valid,False,hands_on_wheel/only_left,only_left
2659,gaze_zone/not_valid,not_valid,False,hands_on_wheel/only_left,only_left
2660,gaze_zone/not_valid,not_valid,False,hands_on_wheel/only_left,only_left
2661,gaze_zone/not_valid,not_valid,False,hands_on_wheel/only_left,only_left
2662,gaze_zone/not_valid,not_valid,False,hands_on_wheel/only_left,only_left
2663,gaze_zone/not_valid,not_valid,False,hands_on_wheel/only_left,only_left
2664,gaze_zone/not_valid,not_valid,False,hands_on_wheel/only_left,only_left
2665,gaze_zone/not_valid,not_valid,False,hands_on_wheel/only_left,only_left
2666,gaze_zone/not_valid,not_valid,False,hands_on_wheel/only_left,only_left
2667,gaze_zone/not_valid,not_valid,False,hands_on_wheel/only_left,only_left
2668,gaze_zone/not_valid,not_valid,False,hands_on_wheel/only_left,only_left
2669,gaze_zone/not_valid,not_valid,False,hands_on_wheel/only_left,only_left
2670,gaze_zone/not_valid,not_valid,False,hands_on_wheel/only_left,only_left
2671,gaze_zone/not_valid,not_valid,False,hands_on_wheel/only_left,only_left
2672,gaze_zone/not_valid,not_valid,False,hands_on_wheel/only_left,only_left
2673,gaze_zone/not_valid,not_valid,False,hands_on_wheel/only_left,only_left
2674,gaze_zone/not_valid,not_valid,False,hands_on_wheel/only_left,only_left
2675,gaze_zone/not_valid,not_valid,False,hands_on_wheel/only_left,only_left
2676,gaze_zone/not_valid,not_valid,False,hands_on_wheel/only_left,only_left
2677,gaze_zone/not_valid,not_valid,False,hands_on_wheel/none,none
2678,gaze_zone/not_valid,not_valid,False,hands_on_wheel/none,none
2679,gaze_zone/not_valid,not_valid,False,hands_on_wheel/none,none
2680,gaze_zone/not_valid,not_valid,False,hands_on_wheel/none,none
2681,gaze_zone/not_valid,not_valid,False,hands_on_wheel/none,none
2682,gaze_zone/not_valid,not_valid,False,hands_on_wheel/none,none
2683,gaze_zone/not_valid,not_valid,False,hands_on_wheel/none,none
2684,gaze_zone/not_valid,not_valid,False,hands_on_wheel/none,none
2685,gaze_zone/not_valid,not_valid,False,hands_on_wheel/none,none
2686,gaze_zone/not_valid,not_valid,False,hands_on_wheel/none,none
2687,gaze_zone/not_valid,not_valid,False,hands_on_wheel/none,none
2688,gaze_zone/not_valid,not_valid,False,hands_on_wheel/none,none
2689,gaze_zone/not_valid,not_valid,False,hands_on_wheel/none,none
2690,gaze_zone/not_valid,not_valid,False,hands_on_wheel/none,none
2691,gaze_zone/not_valid,not_valid,False,hands_on_wheel/none,none
2692,gaze_zone/not_valid,not_valid,False,hands_on_wheel/none,none
2693,gaze_zone/not_valid,not_valid,False,hands_on_wheel/none,none
2694,gaze_zone/not_valid,not_valid,False,hands_on_wheel/none,none
2695,gaze_zone/not_valid,not_valid,False,hands_on_wheel/none,none
2696,gaze_zone/not_valid,not_valid,False,hands_on_wheel/none,none
2697,gaze_zone/not_valid,not_valid,False,hands_on_wheel/none,none
2698,gaze_zone/not_valid,not_valid,False,hands_on_wheel/none,none
2699,gaze_zone/not_valid,not_valid,False,hands_on_wheel/none,none
2700,gaze_zone/not_valid,not_valid,False,hands_on_wheel/none,none
2701,gaze_zone/not_valid,not_valid,False,hands_on_wheel/none,none
2702,gaze_zone/not_valid,not_valid,False,hands_on_wheel/none,none
2703,gaze_zone/not_valid,not_valid,False,hands_on_wheel/none,none
2704,gaze_zone/not_valid,not_valid,False,hands_on_wheel/none,none
2705,gaze_zone/not_valid,not_valid,False,hands_on_wheel/none,none
2706,gaze_zone/not_valid,not_valid,False,hands_on_wheel/none,none
2707,gaze_zone/not_valid,not_valid,False,hands_on_wheel/none,none
2708,gaze_zone/not_valid,not_valid,False,hands_on_wheel/none,none
2709,gaze_zone/not_valid,not_valid,False,hands_on_wheel/none,none
2710,gaze_zone/not_valid,not_valid,True,hands_on_wheel/none,none
2711,gaze_zone/not_valid,not_valid,True,hands_on_wheel/none,none
2712,gaze_zone/not_valid,not_valid,True,hands_on_wheel/none,none
2713,gaze_zone/not_valid,not_valid,True,hands_on_wheel/none,none
2714,gaze_zone/not_valid,not_valid,True,hands_on_wheel/none,none
2715,gaze_zone/not_valid,not_valid,True,hands_on_wheel/none,none
2716,gaze_zone/not_valid,not_valid,True,hands_on_wheel/none,none
2717,gaze_zone/not_valid,not_valid,True,hands_on_wheel/none,none
2718,gaze_zone/not_valid,not_valid,True,hands_on_wheel/none,none
2719,gaze_zone/not_valid,not_valid,True,hands_on_wheel/none,none
2720,gaze_zone/not_valid,not_valid,True,hands_on_wheel/none,none
2721,gaze_zone/not_valid,not_valid,True,hands_on_wheel/none,none
2722,gaze_zone/not_valid,not_valid,True,hands_on_wheel/none,none
2723,gaze_zone/not_valid,not_valid,True,hands_on_wheel/none,none
2724,gaze_zone/not_valid,not_valid,True,hands_on_wheel/none,none
2725,gaze_zone/not_valid,not_valid,True,hands_on_wheel/none,none
2726,gaze_zone/not_valid,not_valid,True,hands_on_wheel/none,none
2727,gaze_zone/not_valid,not_valid,True,hands_on_wheel/none,none
2728,gaze_zone/not_valid,not_valid,True,hands_on_wheel/none,none
2729,gaze_zone/not_valid,not_valid,True,hands_on_wheel/none,none
2730,gaze_zone/not_valid,not_valid,True,hands_on_wheel/none,none
2731,gaze_zone/not_valid,not_valid,True,hands_on_wheel/none,none
2732,gaze_zone/not_valid,not_valid,True,hands_on_wheel/none,none
2733,gaze_zone/not_valid,not_valid,True,hands_on_wheel/none,none
2734,gaze_zone/not_valid,not_valid,True,hands_on_wheel/none,none
2735,gaze_zone/not_valid,not_valid,True,hands_on_wheel/none,none
2736,gaze_zone/not_valid,not_valid,True,hands_on_wheel/none,none
2737,gaze_zone/not_valid,not_valid,False,hands_on_wheel/none,none
2738,gaze_zone/not_valid,not_valid,False,hands_on_wheel/none,none
2739,gaze_zone/not_valid,not_valid,False,hands_on_wheel/none,none
2740,gaze_zone/not_valid,not_valid,False,hands_on_wheel/none,none
2741,gaze_zone/not_valid,not_valid,False,hands_on_wheel/none,none
2742,gaze_zone/not_valid,not_valid,False,hands_on_wheel/none,none
2743,gaze_zone/not_valid,not_valid,True,hands_on_wheel/none,none
2744,gaze_zone/not_valid,not_valid,True,hands_on_wheel/none,none
2745,gaze_zone/not_valid,not_valid,True,hands_on_wheel/none,none
2746,gaze_zone/not_valid,not_valid,True,hands_on_wheel/none,none
2747,gaze_zone/not_valid,not_valid,True,hands_on_wheel/none,none
2748,gaze_zone/not_valid,not_valid,True,hands_on_wheel/none,none
2749,gaze_zone/not_valid,not_valid,True,hands_on_wheel/none,none
2750,gaze_zone/not_valid,not_valid,True,hands_on_wheel/none,none
2751,gaze_zone/not_valid,not_valid,True,hands_on_wheel/none,none
2752,gaze_zone/not_valid,not_valid,False,hands_on_wheel/none,none
2753,gaze_zone/not_valid,not_valid,False,hands_on_wheel/none,none
2754,gaze_zone/not_valid,not_valid,False,hands_on_wheel/none,none
2755,gaze_zone/not_valid,not_valid,False,hands_on_wheel/none,none
2756,gaze_zone/not_valid,not_valid,False,hands_on_wheel/none,none
2757,gaze_zone/not_valid,not_valid,False,hands_on_wheel/none,none
2758,gaze_zone/not_valid,not_valid,True,hands_on_wheel/none,none
2759,gaze_zone/not_valid,not_valid,True,hands_on_wheel/none,none
2760,gaze_zone/not_valid,not_valid,True,hands_on_wheel/none,none
2761,gaze_zone/not_valid,not_valid,True,hands_on_wheel/none,none
2762,gaze_zone/not_valid,not_valid,True,hands_on_wheel/none,none
2763,gaze_zone/not_valid,not_valid,True,hands_on_wheel/none,none
2764,gaze_zone/not_valid,not_valid,True,hands_on_wheel/none,none
2765,gaze_zone/not_valid,not_valid,True,hands_on_wheel/none,none
2766,gaze_zone/not_valid,not_valid,True,hands_on_wheel/none,none
2767,gaze_zone/not_valid,not_valid,True,hands_on_wheel/none,none
2768,gaze_zone/not_valid,not_valid,True,hands_on_wheel/none,none
2769,gaze_zone/not_valid,not_valid,True,hands_on_wheel/none,none
2770,gaze_zone/not_valid,not_valid,True,hands_on_wheel/none,none
2771,gaze_zone/not_valid,not_valid,True,hands_on_wheel/none,none
2772,gaze_zone/not_valid,not_valid,True,hands_on_wheel/none,none
2773,gaze_zone/not_valid,not_valid,True,hands_on_wheel/none,none
2774,gaze_zone/not_valid,not_valid,False,hands_on_wheel/none,none
2775,gaze_zone/not_valid,not_valid,False,hands_on_wheel/none,none
2776,gaze_zone/not_valid,not_valid,False,hands_on_wheel/none,none
2777,gaze_zone/not_valid,not_valid,False,hands_on_wheel/none,none
2778,gaze_zone/not_valid,not_valid,False,hands_on_wheel/none,none
2779,gaze_zone/not_valid,not_valid,False,hands_on_wheel/none,none
2780,gaze_zone/not_valid,not_valid,False,hands_on_wheel/none,none
2781,gaze_zone/not_valid,not_valid,False,hands_on_wheel/none,none
2782,gaze_zone/not_valid,not_valid,False,hands_on_wheel/none,none
2783,gaze_zone/not_valid,not_valid,True,hands_on_wheel/none,none
2784,gaze_zone/not_valid,not_valid,True,hands_on_wheel/none,none
2785,gaze_zone/not_valid,not_valid,True,hands_on_wheel/none,none
2786,gaze_zone/not_valid,not_valid,True,hands_on_wheel/none,none
2787,gaze_zone/not_valid,not_valid,True,hands_on_wheel/none,none
2788,gaze_zone/not_valid,not_valid,True,hands_on_wheel/none,none
2789,gaze_zone/not_valid,not_valid,True,hands_on_wheel/none,none
2790,gaze_zone/not_valid,not_valid,True,hands_on_wheel/none,none
2791,gaze_zone/not_valid,not_valid,True,hands_on_wheel/none,none
2792,gaze_zone/not_valid,not_valid,True,hands_on_wheel/none,none
2793,gaze_zone/not_valid,not_valid,True,hands_on_wheel/none,none
2794,gaze_zone/not_valid,not_valid,True,hands_on_wheel/none,none
2795,gaze_zone/not_valid,not_valid,True,hands_on_wheel/none,none
2796,gaze_zone/not_valid,not_valid,True,hands_on_wheel/none,none
2797,gaze_zone/not_valid,not_valid,True,hands_on_wheel/none,none
2798,gaze_zone/not_valid,not_valid,True,hands_on_wheel/none,none
2799,gaze_zone/not_valid,not_valid,True,hands_on_wheel/none,none
2800,gaze_zone/not_valid,not_valid,True,hands_on_wheel/none,none
2801,gaze_zone/not_valid,not_valid,True,hands_on_wheel/none,none
2802,gaze_zone/not_valid,not_valid,True,hands_on_wheel/none,none
2803,gaze_zone/not_valid,not_valid,False,hands_on_wheel/none,none
2804,gaze_zone/not_valid,not_valid,False,hands_on_wheel/none,none
2805,gaze_zone/not_valid,not_valid,False,hands_on_wheel/none,none
2806,gaze_zone/not_valid,not_valid,False,hands_on_wheel/none,none
2807,gaze_zone/not_valid,not_valid,False,hands_on_wheel/none,none
2808,gaze_zone/not_valid,not_valid,False,hands_on_wheel/none,none
2809,gaze_zone/not_valid,not_valid,False,hands_on_wheel/none,none
2810,gaze_zone/not_valid,not_valid,False,hands_on_wheel/none,none
2811,gaze_zone/not_valid,not_valid,False,hands_on_wheel/none,none
2812,gaze_zone/not_valid,not_valid,False,hands_on_wheel/none,none
2813,gaze_zone/not_valid,not_valid,False,hands_on_wheel/none,none
2814,gaze_zone/not_valid,not_valid,False,hands_on_wheel/none,none
2815,gaze_zone/not_valid,not_valid,True,hands_on_wheel/none,none
2816,gaze_zone/not_valid,not_valid,True,hands_on_wheel/none,none
2817,gaze_zone/not_valid,not_valid,True,hands_on_wheel/none,none
2818,gaze_zone/not_valid,not_valid,True,hands_on_wheel/none,none
2819,gaze_zone/not_valid,not_valid,True,hands_on_wheel/none,none
2820,gaze_zone/not_valid,not_valid,True,hands_on_wheel/none,none
2821,gaze_zone/not_valid,not_valid,True,hands_on_wheel/none,none
2822,gaze_zone/not_valid,not_valid,True,hands_on_wheel/none,none
2823,gaze_zone/not_valid,not_valid,True,hands_on_wheel/none,none
2824,gaze_zone/not_valid,not_valid,True,hands_on_wheel/none,none
2825,gaze_zone/not_valid,not_valid,False,hands_on_wheel/none,none
2826,gaze_zone/not_valid,not_valid,False,hands_on_wheel/none,none
2827,gaze_zone/not_valid,not_valid,False,hands_on_wheel/none,none
2828,gaze_zone/not_valid,not_valid,False,hands_on_wheel/none,none
2829,gaze_zone/not_valid,not_valid,False,hands_on_wheel/none,none
2830,gaze_zone/not_valid,not_valid,False,hands_on_wheel/none,none
2831,gaze_zone/not_valid,not_valid,False,hands_on_wheel/none,none
2832,gaze_zone/not_valid,not_valid,False,hands_on_wheel/none,none
2833,gaze_zone/not_valid,not_valid,False,hands_on_wheel/none,none
2834,gaze_zone/not_valid,not_valid,False,hands_on_wheel/none,none
2835,gaze_zone/not_valid,not_valid,False,hands_on_wheel/none,none
2836,gaze_zone/not_valid,not_valid,False,hands_on_wheel/none,none
2837,gaze_zone/not_valid,not_valid,False,hands_on_wheel/none,none
2838,gaze_zone/not_valid,not_valid,False,hands_on_wheel/none,none
2839,gaze_zone/not_valid,not_valid,False,hands_on_wheel/none,none
2840,gaze_zone/not_valid,not_valid,False,hands_on_wheel/none,none
2841,gaze_zone/not_valid,not_valid,False,hands_on_wheel/none,none
2842,gaze_zone/not_valid,not_valid,False,hands_on_wheel/none,none
2843,gaze_zone/not_valid,not_valid,False,hands_on_wheel/none,none
2844,gaze_zone/not_valid,not_valid,False,hands_on_wheel/none,none
2845,gaze_zone/not_valid,not_valid,False,hands_on_wheel/none,none
2846,gaze_zone/not_valid,not_valid,False,hands_on_wheel/none,none
2847,gaze_zone/not_valid,not_valid,False,hands_on_wheel/none,none
2848,gaze_zone/not_valid,not_valid,False,hands_on_wheel/none,none
2849,gaze_zone/not_valid,not_valid,False,hands_on_wheel/none,none
2850,gaze_zone/not_valid,not_valid,True,hands_on_wheel/none,none
2851,gaze_zone/not_valid,not_valid,True,hands_on_wheel/none,none
2852,gaze_zone/not_valid,not_valid,True,hands_on_wheel/none,none
2853,gaze_zone/not_valid,not_valid,True,hands_on_wheel/none,none
2854,gaze_zone/not_valid,not_valid,True,hands_on_wheel/none,none
2855,gaze_zone/not_valid,not_valid,True,hands_on_wheel/none,none
2856,gaze_zone/not_valid,not_valid,True,hands_on_wheel/none,none
2857,gaze_zone/not_valid,not_valid,True,hands_on_wheel/none,none
2858,gaze_zone/not_valid,not_valid,True,hands_on_wheel/none,none
2859,gaze_zone/not_valid,not_valid,True,hands_on_wheel/none,none
2860,gaze_zone/not_valid,not_valid,True,hands_on_wheel/none,none
2861,gaze_zone/not_valid,not_valid,True,hands_on_wheel/none,none
2862,gaze_zone/not_valid,not_valid,True,hands_on_wheel/none,none
2863,gaze_zone/not_valid,not_valid,True,hands_on_wheel/none,none
2864,gaze_zone/not_valid,not_valid,True,hands_on_wheel/none,none
2865,gaze_zone/not_valid,not_valid,True,hands_on_wheel/none,none
2866,gaze_zone/not_valid,not_valid,False,hands_on_wheel/none,none
2867,gaze_zone/not_valid,not_valid,False,hands_on_wheel/none,none
2868,gaze_zone/not_valid,not_valid,False,hands_on_wheel/none,none
2869,gaze_zone/not_valid,not_valid,False,hands_on_wheel/none,none
2870,gaze_zone/not_valid,not_valid,False,hands_on_wheel/none,none
2871,gaze_zone/not_valid,not_valid,False,hands_on_wheel/none,none
2872,gaze_zone/not_valid,not_valid,False,hands_on_wheel/none,none
2873,gaze_zone/not_valid,not_valid,False,hands_on_wheel/none,none
2874,gaze_zone/not_valid,not_valid,True,hands_on_wheel/none,none
2875,gaze_zone/not_valid,not_valid,True,hands_on_wheel/none,none
2876,gaze_zone/not_valid,not_valid,True,hands_on_wheel/none,none
2877,gaze_zone/not_valid,not_valid,True,hands_on_wheel/none,none
2878,gaze_zone/not_valid,not_valid,True,hands_on_wheel/none,none
2879,gaze_zone/not_valid,not_valid,True,hands_on_wheel/none,none
2880,gaze_zone/not_valid,not_valid,True,hands_on_wheel/none,none
2881,gaze_zone/not_valid,not_valid,True,hands_on_wheel/none,none
2882,gaze_zone/not_valid,not_valid,True,hands_on_wheel/none,none
2883,gaze_zone/not_valid,not_valid,True,hands_on_wheel/none,none
2884,gaze_zone/not_valid,not_valid,True,hands_on_wheel/none,none
2885,gaze_zone/not_valid,not_valid,False,hands_on_wheel/none,none
2886,gaze_zone/not_valid,not_valid,False,hands_on_wheel/none,none
2887,gaze_zone/not_valid,not_valid,False,hands_on_wheel/none,none
2888,gaze_zone/not_valid,not_valid,False,hands_on_wheel/none,none
2889,gaze_zone/not_valid,not_valid,False,hands_on_wheel/none,none
2890,gaze_zone/not_valid,not_valid,False,hands_on_wheel/none,none
2891,gaze_zone/not_valid,not_valid,False,hands_on_wheel/none,none
2892,gaze_zone/not_valid,not_valid,False,hands_on_wheel/none,none
2893,gaze_zone/not_valid,not_valid,False,hands_on_wheel/none,none
2894,gaze_zone/not_valid,not_valid,False,hands_on_wheel/none,none
2895,gaze_zone/not_valid,not_valid,False,hands_on_wheel/none,none
2896,gaze_zone/not_valid,not_valid,False,hands_on_wheel/none,none
2897,gaze_zone/not_valid,not_valid,False,hands_on_wheel/none,none
2898,gaze_zone/not_valid,not_valid,False,hands_on_wheel/none,none
2899,gaze_zone/not_valid,not_valid,False,hands_on_wheel/none,none
2900,gaze_zone/not_valid,not_valid,False,hands_on_wheel/none,none
2901,gaze_zone/not_valid,not_valid,False,hands_on_wheel/both_hands,both_hands
2902,gaze_zone/not_valid,not_valid,False,hands_on_wheel/both_hands,both_hands
2903,gaze_zone/not_valid,not_valid,False,hands_on_wheel/both_hands,both_hands
2904,gaze_zone/not_valid,not_valid,False,hands_on_wheel/both_hands,both_hands
2905,gaze_zone/not_valid,not_valid,False,hands_on_wheel/both_hands,both_hands
2906,gaze_zone/not_valid,not_valid,False,hands_on_wheel/both_hands,both_hands
2907,gaze_zone/not_valid,not_valid,False,hands_on_wheel/both_hands,both_hands
2908,gaze_zone/not_valid,not_valid,False,hands_on_wheel/both_hands,both_hands
2909,gaze_zone/not_valid,not_valid,False,hands_on_wheel/both_hands,both_hands
2910,gaze_zone/not_valid,not_valid,False,hands_on_wheel/both_hands,both_hands
2911,gaze_zone/not_valid,not_valid,False,hands_on_wheel/both_hands,both_hands
2912,gaze_zone/not_valid,not_valid,False,hands_on_wheel/both_hands,both_hands
2913,gaze_zone/not_valid,not_valid,False,hands_on_wheel/both_hands,both_hands
2914,gaze_zone/not_valid,not_valid,False,hands_on_wheel/both_hands,both_hands
2915,gaze_zone/not_valid,not_valid,False,hands_on_wheel/both_hands,both_hands
2916,gaze_zone/not_valid,not_valid,False,hands_on_wheel/both_hands,both_hands
2917,gaze_zone/not_valid,not_valid,False,hands_on_wheel/both_hands,both_hands
2918,gaze_zone/not_valid,not_valid,False,hands_on_wheel/both_hands,both_hands
2919,gaze_zone/not_valid,not_valid,False,hands_on_wheel/both_hands,both_hands
2920,gaze_zone/not_valid,not_valid,False,hands_on_wheel/both_hands,both_hands
2921,gaze_zone/not_valid,not_valid,False,hands_on_wheel/both_hands,both_hands
2922,gaze_zone/not_valid,not_valid,False,hands_on_wheel/both_hands,both_hands
2923,gaze_zone/not_valid,not_valid,False,hands_on_wheel/both_hands,both_hands
2924,gaze_zone/not_valid,not_valid,False,hands_on_wheel/both_hands,both_hands
2925,gaze_zone/not_valid,not_valid,False,hands_on_wheel/both_hands,both_hands
2926,gaze_zone/not_valid,not_valid,False,hands_on_wheel/both_hands,both_hands
2927,gaze_zone/not_valid,not_valid,False,hands_on_wheel/both_hands,both_hands
2928,gaze_zone/not_valid,not_valid,False,hands_on_wheel/both_hands,both_hands
2929,gaze_zone/not_valid,not_valid,False,hands_on_wheel/both_hands,both_hands
2930,gaze_zone/not_valid,not_valid,False,hands_on_wheel/both_hands,both_hands
2931,gaze_zone/not_valid,not_valid,False,hands_on_wheel/both_hands,both_hands
2932,gaze_zone/not_valid,not_valid,False,hands_on_wheel/both_hands,both_hands
2933,gaze_zone/not_valid,not_valid,False,hands_on_wheel/both_hands,both_hands
2934,gaze_zone/not_valid,not_valid,False,hands_on_wheel/both_hands,both_hands
2935,gaze_zone/not_valid,not_valid,False,hands_on_wheel/both_hands,both_hands
2936,gaze_zone/not_valid,not_valid,False,hands_on_wheel/both_hands,both_hands
2937,gaze_zone/not_valid,not_valid,False,hands_on_wheel/both_hands,both_hands
2938,gaze_zone/not_valid,not_valid,False,hands_on_wheel/both_hands,both_hands
2939,gaze_zone/not_valid,not_valid,False,hands_on_wheel/both_hands,both_hands
2940,gaze_zone/not_valid,not_valid,False,hands_on_wheel/both_hands,both_hands
2941,gaze_zone/not_valid,not_valid,False,hands_on_wheel/both_hands,both_hands
2942,gaze_zone/not_valid,not_valid,False,hands_on_wheel/both_hands,both_hands
2943,gaze_zone/not_valid,not_valid,False,hands_on_wheel/both_hands,both_hands
2944,gaze_zone/not_valid,not_valid,False,hands_on_wheel/both_hands,both_hands
2945,gaze_zone/not_valid,not_valid,False,hands_on_wheel/both_hands,both_hands
2946,gaze_zone/not_valid,not_valid,False,hands_on_wheel/both_hands,both_hands
2947,gaze_zone/not_valid,not_valid,False,hands_on_wheel/both_hands,both_hands
2948,gaze_zone/not_valid,not_valid,False,hands_on_wheel/both_hands,both_hands
2949,gaze_zone/not_valid,not_valid,False,hands_on_wheel/both_hands,both_hands
2950,gaze_zone/not_valid,not_valid,False,hands_on_wheel/both_hands,both_hands
2951,gaze_zone/not_valid,not_valid,False,hands_on_wheel/both_hands,both_hands
2952,gaze_zone/not_valid,not_valid,False,hands_on_wheel/both_hands,both_hands
2953,gaze_zone/not_valid,not_valid,False,hands_on_wheel/both_hands,both_hands
2954,gaze_zone/not_valid,not_valid,False,hands_on_wheel/both_hands,both_hands
2955,gaze_zone/not_valid,not_valid,False,hands_on_wheel/both_hands,both_hands
2956,gaze_zone/not_valid,not_valid,False,hands_on_wheel/both_hands,both_hands
2957,gaze_zone/not_valid,not_valid,False,hands_on_wheel/both_hands,both_hands
2958,gaze_zone/not_valid,not_valid,False,hands_on_wheel/both_hands,both_hands
2959,gaze_zone/not_valid,not_valid,False,hands_on_wheel/both_hands,both_hands
2960,gaze_zone/not_valid,not_valid,False,hands_on_wheel/both_hands,both_hands
2961,gaze_zone/not_valid,not_valid,False,hands_on_wheel/both_hands,both_hands
2962,gaze_zone/not_valid,not_valid,False,hands_on_wheel/both_hands,both_hands
2963,gaze_zone/not_valid,not_valid,False,hands_on_wheel/both_hands,both_hands
2964,gaze_zone/not_valid,not_valid,False,hands_on_wheel/both_hands,both_hands
2965,gaze_zone/not_valid,not_valid,False,hands_on_wheel/both_hands,both_hands
2966,gaze_zone/not_valid,not_valid,False,hands_on_wheel/both_hands,both_hands
2967,gaze_zone/not_valid,not_valid,False,hands_on_wheel/both_hands,both_hands
2968,gaze_zone/not_valid,not_valid,False,hands_on_wheel/both_hands,both_hands
2969,gaze_zone/not_valid,not_valid,False,hands_on_wheel/both_hands,both_hands
2970,gaze_zone/not_valid,not_valid,True,hands_on_wheel/both_hands,both_hands
2971,gaze_zone/not_valid,not_valid,True,hands_on_wheel/both_hands,both_hands
2972,gaze_zone/not_valid,not_valid,True,hands_on_wheel/both_hands,both_hands
2973,gaze_zone/not_valid,not_valid,True,hands_on_wheel/both_hands,both_hands
2974,gaze_zone/not_valid,not_valid,True,hands_on_wheel/both_hands,both_hands
2975,gaze_zone/not_valid,not_valid,True,hands_on_wheel/both_hands,both_hands
2976,gaze_zone/not_valid,not_valid,True,hands_on_wheel/both_hands,both_hands
2977,gaze_zone/not_valid,not_valid,True,hands_on_wheel/both_hands,both_hands
2978,gaze_zone/not_valid,not_valid,True,hands_on_wheel/both_hands,both_hands
2979,gaze_zone/not_valid,not_valid,True,hands_on_wheel/both_hands,both_hands
2980,gaze_zone/not_valid,not_valid,True,hands_on_wheel/both_hands,both_hands
2981,gaze_zone/not_valid,not_valid,True,hands_on_wheel/both_hands,both_hands
2982,gaze_zone/not_valid,not_valid,False,hands_on_wheel/both_hands,both_hands
2983,gaze_zone/not_valid,not_valid,False,hands_on_wheel/both_hands,both_hands
2984,gaze_zone/not_valid,not_valid,False,hands_on_wheel/both_hands,both_hands
2985,gaze_zone/not_valid,not_valid,False,hands_on_wheel/both_hands,both_hands
2986,gaze_zone/not_valid,not_valid,False,hands_on_wheel/both_hands,both_hands
2987,gaze_zone/not_valid,not_valid,False,hands_on_wheel/both_hands,both_hands
2988,gaze_zone/not_valid,not_valid,False,hands_on_wheel/both_hands,both_hands
2989,gaze_zone/not_valid,not_valid,False,hands_on_wheel/both_hands,both_hands
2990,gaze_zone/not_valid,not_valid,False,hands_on_wheel/both_hands,both_hands
2991,gaze_zone/not_valid,not_valid,False,hands_on_wheel/both_hands,both_hands
2992,gaze_zone/not_valid,not_valid,False,hands_on_wheel/both_hands,both_hands
2993,gaze_zone/not_valid,not_valid,True,hands_on_wheel/both_hands,both_hands
2994,gaze_zone/not_valid,not_valid,True,hands_on_wheel/both_hands,both_hands
2995,gaze_zone/not_valid,not_valid,True,hands_on_wheel/both_hands,both_hands
2996,gaze_zone/not_valid,not_valid,True,hands_on_wheel/both_hands,both_hands
2997,gaze_zone/not_valid,not_valid,True,hands_on_wheel/both_hands,both_hands
2998,gaze_zone/not_valid,not_valid,True,hands_on_wheel/both_hands,both_hands
2999,gaze_zone/not_valid,not_valid,True,hands_on_wheel/both_hands,both_hands
3000,gaze_zone/not_valid,not_valid,True,hands_on_wheel/both_hands,both_hands
3001,gaze_zone/not_valid,not_valid,True,hands_on_wheel/both_hands,both_hands
3002,gaze_zone/not_valid,not_valid,True,hands_on_wheel/both_hands,both_hands
3003,gaze_zone/not_valid,not_valid,True,hands_on_wheel/both_hands,both_hands
3004,gaze_zone/not_valid,not_valid,True,hands_on_wheel/both_hands,both_hands
3005,gaze_zone/not_valid,not_valid,False,hands_on_wheel/both_hands,both_hands
3006,gaze_zone/not_valid,not_valid,False,hands_on_wheel/both_hands,both_hands
3007,gaze_zone/not_valid,not_valid,False,hands_on_wheel/both_hands,both_hands
3008,gaze_zone/not_valid,not_valid,False,hands_on_wheel/both_hands,both_hands
3009,gaze_zone/not_valid,not_valid,False,hands_on_wheel/both_hands,both_hands
3010,gaze_zone/not_valid,not_valid,False,hands_on_wheel/both_hands,both_hands
3011,gaze_zone/not_valid,not_valid,False,hands_on_wheel/both_hands,both_hands
3012,gaze_zone/not_valid,not_valid,False,hands_on_wheel/both_hands,both_hands
3013,gaze_zone/not_valid,not_valid,False,hands_on_wheel/both_hands,both_hands
3014,gaze_zone/not_valid,not_valid,False,hands_on_wheel/both_hands,both_hands
3015,gaze_zone/not_valid,not_valid,False,hands_on_wheel/both_hands,both_hands
3016,gaze_zone/not_valid,not_valid,False,hands_on_wheel/both_hands,both_hands
3017,gaze_zone/not_valid,not_valid,False,hands_on_wheel/both_hands,both_hands
3018,gaze_zone/not_valid,not_valid,False,hands_on_wheel/both_hands,both_hands
3019,gaze_zone/not_valid,not_valid,False,hands_on_wheel/both_hands,both_hands
3020,gaze_zone/not_valid,not_valid,False,hands_on_wheel/both_hands,both_hands
3021,gaze_zone/not_valid,not_valid,False,hands_on_wheel/both_hands,both_hands
3022,gaze_zone/not_valid,not_valid,False,hands_on_wheel/both_hands,both_hands
3023,gaze_zone/not_valid,not_valid,False,hands_on_wheel/both_hands,both_hands
3024,gaze_zone/not_valid,not_valid,False,hands_on_wheel/both_hands,both_hands
3025,gaze_zone/not_valid,not_valid,False,hands_on_wheel/both_hands,both_hands
3026,gaze_zone/not_valid,not_valid,False,hands_on_wheel/both_hands,both_hands
3027,gaze_zone/not_valid,not_valid,False,hands_on_wheel/both_hands,both_hands
3028,gaze_zone/not_valid,not_valid,False,hands_on_wheel/both_hands,both_hands
3029,gaze_zone/not_valid,not_valid,False,hands_on_wheel/both_hands,both_hands
3030,gaze_zone/not_valid,not_valid,False,hands_on_wheel/both_hands,both_hands
3031,gaze_zone/not_valid,not_valid,False,hands_on_wheel/both_hands,both_hands
3032,gaze_zone/not_valid,not_valid,False,hands_on_wheel/both_hands,both_hands
3033,gaze_zone/not_valid,not_valid,False,hands_on_wheel/both_hands,both_hands
3034,gaze_zone/not_valid,not_valid,True,hands_on_wheel/both_hands,both_hands
3035,gaze_zone/not_valid,not_valid,True,hands_on_wheel/both_hands,both_hands
3036,gaze_zone/not_valid,not_valid,True,hands_on_wheel/both_hands,both_hands
3037,gaze_zone/not_valid,not_valid,True,hands_on_wheel/both_hands,both_hands
3038,gaze_zone/not_valid,not_valid,True,hands_on_wheel/both_hands,both_hands
3039,gaze_zone/not_valid,not_valid,True,hands_on_wheel/both_hands,both_hands
3040,gaze_zone/not_valid,not_valid,True,hands_on_wheel/both_hands,both_hands
3041,gaze_zone/not_valid,not_valid,True,hands_on_wheel/both_hands,both_hands
3042,gaze_zone/not_valid,not_valid,True,hands_on_wheel/both_hands,both_hands
3043,gaze_zone/not_valid,not_valid,False,hands_on_wheel/both_hands,both_hands
3044,gaze_zone/not_valid,not_valid,False,hands_on_wheel/both_hands,both_hands
3045,gaze_zone/not_valid,not_valid,False,hands_on_wheel/both_hands,both_hands
3046,gaze_zone/not_valid,not_valid,False,hands_on_wheel/both_hands,both_hands
3047,gaze_zone/not_valid,not_valid,False,hands_on_wheel/both_hands,both_hands
3048,gaze_zone/not_valid,not_valid,False,hands_on_wheel/both_hands,both_hands
3049,gaze_zone/not_valid,not_valid,False,hands_on_wheel/both_hands,both_hands
3050,gaze_zone/not_valid,not_valid,False,hands_on_wheel/both_hands,both_hands
3051,gaze_zone/not_valid,not_valid,True,hands_on_wheel/both_hands,both_hands
3052,gaze_zone/not_valid,not_valid,True,hands_on_wheel/both_hands,both_hands
3053,gaze_zone/not_valid,not_valid,True,hands_on_wheel/both_hands,both_hands
3054,gaze_zone/not_valid,not_valid,True,hands_on_wheel/both_hands,both_hands
3055,gaze_zone/not_valid,not_valid,True,hands_on_wheel/both_hands,both_hands
3056,gaze_zone/not_valid,not_valid,True,hands_on_wheel/both_hands,both_hands
3057,gaze_zone/not_valid,not_valid,True,hands_on_wheel/both_hands,both_hands
3058,gaze_zone/not_valid,not_valid,True,hands_on_wheel/both_hands,both_hands
3059,gaze_zone/not_valid,not_valid,True,hands_on_wheel/both_hands,both_hands
3060,gaze_zone/not_valid,not_valid,True,hands_on_wheel/both_hands,both_hands
3061,gaze_zone/not_valid,not_valid,True,hands_on_wheel/both_hands,both_hands
3062,gaze_zone/not_valid,not_valid,True,hands_on_wheel/both_hands,both_hands
3063,gaze_zone/not_valid,not_valid,False,hands_on_wheel/both_hands,both_hands
3064,gaze_zone/not_valid,not_valid,False,hands_on_wheel/both_hands,both_hands
3065,gaze_zone/not_valid,not_valid,False,hands_on_wheel/both_hands,both_hands
3066,gaze_zone/not_valid,not_valid,False,hands_on_wheel/both_hands,both_hands
3067,gaze_zone/not_valid,not_valid,False,hands_on_wheel/both_hands,both_hands
3068,gaze_zone/not_valid,not_valid,False,hands_on_wheel/both_hands,both_hands
3069,gaze_zone/not_valid,not_valid,False,hands_on_wheel/both_hands,both_hands
3070,gaze_zone/not_valid,not_valid,False,hands_on_wheel/both_hands,both_hands
3071,gaze_zone/not_valid,not_valid,False,hands_on_wheel/both_hands,both_hands
3072,gaze_zone/not_valid,not_valid,False,hands_on_wheel/both_hands,both_hands
3073,gaze_zone/not_valid,not_valid,False,hands_on_wheel/both_hands,both_hands
3074,gaze_zone/not_valid,not_valid,False,hands_on_wheel/both_hands,both_hands
3075,gaze_zone/not_valid,not_valid,False,hands_on_wheel/both_hands,both_hands
3076,gaze_zone/not_valid,not_valid,False,hands_on_wheel/both_hands,both_hands
3077,gaze_zone/not_valid,not_valid,False,hands_on_wheel/both_hands,both_hands
3078,gaze_zone/not_valid,not_valid,False,hands_on_wheel/both_hands,both_hands
3079,gaze_zone/not_valid,not_valid,False,hands_on_wheel/both_hands,both_hands
3080,gaze_zone/not_valid,not_valid,False,hands_on_wheel/both_hands,both_hands
3081,gaze_zone/not_valid,not_valid,False,hands_on_wheel/both_hands,both_hands
3082,gaze_zone/not_valid,not_valid,False,hands_on_wheel/both_hands,both_hands
3083,gaze_zone/not_valid,not_valid,False,hands_on_wheel/both_hands,both_hands
3084,gaze_zone/not_valid,not_valid,False,hands_on_wheel/both_hands,both_hands
3085,gaze_zone/not_valid,not_valid,False,hands_on_wheel/both_hands,both_hands
3086,gaze_zone/not_valid,not_valid,False,hands_on_wheel/both_hands,both_hands
3087,gaze_zone/not_valid,not_valid,False,hands_on_wheel/both_hands,both_hands
3088,gaze_zone/not_valid,not_valid,False,hands_on_wheel/both_hands,both_hands
3089,gaze_zone/not_valid,not_valid,False,hands_on_wheel/both_hands,both_hands
3090,gaze_zone/not_valid,not_valid,False,hands_on_wheel/both_hands,both_hands
3091,gaze_zone/not_valid,not_valid,False,hands_on_wheel/both_hands,both_hands
3092,gaze_zone/not_valid,not_valid,False,hands_on_wheel/both_hands,both_hands
3093,gaze_zone/not_valid,not_valid,False,hands_on_wheel/both_hands,both_hands
3094,gaze_zone/not_valid,not_valid,False,hands_on_wheel/both_hands,both_hands
3095,gaze_zone/not_valid,not_valid,False,hands_on_wheel/both_hands,both_hands
3096,gaze_zone/not_valid,not_valid,False,hands_on_wheel/both_hands,both_hands
3097,gaze_zone/not_valid,not_valid,False,hands_on_wheel/both_hands,both_hands
3098,gaze_zone/not_valid,not_valid,False,hands_on_wheel/both_hands,both_hands
3099,gaze_zone/not_valid,not_valid,False,hands_on_wheel/both_hands,both_hands
3100,gaze_zone/not_valid,not_valid,False,hands_on_wheel/both_hands,both_hands
3101,gaze_zone/not_valid,not_valid,False,hands_on_wheel/both_hands,both_hands
3102,gaze_zone/not_valid,not_valid,False,hands_on_wheel/both_hands,both_hands
3103,gaze_zone/not_valid,not_valid,False,hands_on_wheel/both_hands,both_hands
3104,gaze_zone/not_valid,not_valid,False,hands_on_wheel/both_hands,both_hands
3105,gaze_zone/not_valid,not_valid,False,hands_on_wheel/both_hands,both_hands
3106,gaze_zone/not_valid,not_valid,False,hands_on_wheel/both_hands,both_hands
3107,gaze_zone/not_valid,not_valid,False,hands_on_wheel/both_hands,both_hands
3108,gaze_zone/not_valid,not_valid,False,hands_on_wheel/both_hands,both_hands
3109,gaze_zone/not_valid,not_valid,False,hands_on_wheel/both_hands,both_hands
3110,gaze_zone/not_valid,not_valid,False,hands_on_wheel/both_hands,both_hands
3111,gaze_zone/not_valid,not_valid,False,hands_on_wheel/both_hands,both_hands
3112,gaze_zone/not_valid,not_valid,False,hands_on_wheel/both_hands,both_hands
3113,gaze_zone/not_valid,not_valid,False,hands_on_wheel/both_hands,both_hands
3114,gaze_zone/not_valid,not_valid,True,hands_on_wheel/both_hands,both_hands
3115,gaze_zone/not_valid,not_valid,True,hands_on_wheel/both_hands,both_hands
3116,gaze_zone/not_valid,not_valid,True,hands_on_wheel/both_hands,both_hands
3117,gaze_zone/not_valid,not_valid,True,hands_on_wheel/both_hands,both_hands
3118,gaze_zone/not_valid,not_valid,True,hands_on_wheel/both_hands,both_hands
3119,gaze_zone/not_valid,not_valid,True,hands_on_wheel/both_hands,both_hands
3120,gaze_zone/not_valid,not_valid,True,hands_on_wheel/both_hands,both_hands
3121,gaze_zone/not_valid,not_valid,True,hands_on_wheel/both_hands,both_hands
3122,gaze_zone/not_valid,not_valid,True,hands_on_wheel/both_hands,both_hands
3123,gaze_zone/not_valid,not_valid,True,hands_on_wheel/both_hands,both_hands
3124,gaze_zone/not_valid,not_valid,True,hands_on_wheel/both_hands,both_hands
3125,gaze_zone/not_valid,not_valid,True,hands_on_wheel/both_hands,both_hands
3126,gaze_zone/not_valid,not_valid,True,hands_on_wheel/both_hands,both_hands
3127,gaze_zone/not_valid,not_valid,True,hands_on_wheel/both_hands,both_hands
3128,gaze_zone/not_valid,not_valid,True,hands_on_wheel/both_hands,both_hands
3129,gaze_zone/not_valid,not_valid,False,hands_on_wheel/both_hands,both_hands
3130,gaze_zone/not_valid,not_valid,False,hands_on_wheel/both_hands,both_hands
3131,gaze_zone/not_valid,not_valid,False,hands_on_wheel/both_hands,both_hands
3132,gaze_zone/not_valid,not_valid,False,hands_on_wheel/both_hands,both_hands
3133,gaze_zone/not_valid,not_valid,False,hands_on_wheel/both_hands,both_hands
3134,gaze_zone/not_valid,not_valid,False,hands_on_wheel/both_hands,both_hands
3135,gaze_zone/not_valid,not_valid,True,hands_on_wheel/both_hands,both_hands
3136,gaze_zone/not_valid,not_valid,True,hands_on_wheel/both_hands,both_hands
3137,gaze_zone/not_valid,not_valid,True,hands_on_wheel/both_hands,both_hands
3138,gaze_zone/not_valid,not_valid,True,hands_on_wheel/both_hands,both_hands
3139,gaze_zone/not_valid,not_valid,True,hands_on_wheel/both_hands,both_hands
3140,gaze_zone/not_valid,not_valid,True,hands_on_wheel/both_hands,both_hands
3141,gaze_zone/not_valid,not_valid,True,hands_on_wheel/both_hands,both_hands
3142,gaze_zone/not_valid,not_valid,True,hands_on_wheel/both_hands,both_hands
3143,gaze_zone/not_valid,not_valid,True,hands_on_wheel/both_hands,both_hands
3144,gaze_zone/not_valid,not_valid,True,hands_on_wheel/both_hands,both_hands
3145,gaze_zone/not_valid,not_valid,False,hands_on_wheel/both_hands,both_hands
3146,gaze_zone/not_valid,not_valid,False,hands_on_wheel/both_hands,both_hands
3147,gaze_zone/not_valid,not_valid,False,hands_on_wheel/both_hands,both_hands
3148,gaze_zone/not_valid,not_valid,False,hands_on_wheel/both_hands,both_hands
3149,gaze_zone/not_valid,not_valid,False,hands_on_wheel/both_hands,both_hands
3150,gaze_zone/not_valid,not_valid,True,hands_on_wheel/both_hands,both_hands
3151,gaze_zone/not_valid,not_valid,True,hands_on_wheel/both_hands,both_hands
3152,gaze_zone/not_valid,not_valid,True,hands_on_wheel/both_hands,both_hands
3153,gaze_zone/not_valid,not_valid,True,hands_on_wheel/both_hands,both_hands
3154,gaze_zone/not_valid,not_valid,True,hands_on_wheel/both_hands,both_hands
3155,gaze_zone/not_valid,not_valid,True,hands_on_wheel/both_hands,both_hands
3156,gaze_zone/not_valid,not_valid,True,hands_on_wheel/both_hands,both_hands
3157,gaze_zone/not_valid,not_valid,True,hands_on_wheel/both_hands,both_hands
3158,gaze_zone/not_valid,not_valid,True,hands_on_wheel/both_hands,both_hands
3159,gaze_zone/not_valid,not_valid,True,hands_on_wheel/both_hands,both_hands
3160,gaze_zone/not_valid,not_valid,False,hands_on_wheel/both_hands,both_hands
3161,gaze_zone/not_valid,not_valid,False,hands_on_wheel/both_hands,both_hands
3162,gaze_zone/not_valid,not_valid,False,hands_on_wheel/both_hands,both_hands
3163,gaze_zone/not_valid,not_valid,False,hands_on_wheel/both_hands,both_hands
3164,gaze_zone/not_valid,not_valid,False,hands_on_wheel/both_hands,both_hands
3165,gaze_zone/not_valid,not_valid,False,hands_on_wheel/both_hands,both_hands
3166,gaze_zone/not_valid,not_valid,False,hands_on_wheel/both_hands,both_hands
3167,gaze_zone/not_valid,not_valid,False,hands_on_wheel/both_hands,both_hands
3168,gaze_zone/not_valid,not_valid,False,hands_on_wheel/both_hands,both_hands
3169,gaze_zone/not_valid,not_valid,False,hands_on_wheel/only_right,only_right
3170,gaze_zone/not_valid,not_valid,False,hands_on_wheel/only_right,only_right
3171,gaze_zone/not_valid,not_valid,True,hands_on_wheel/only_right,only_right
3172,gaze_zone/not_valid,not_valid,True,hands_on_wheel/only_right,only_right
3173,gaze_zone/not_valid,not_valid,True,hands_on_wheel/only_right,only_right
3174,gaze_zone/not_valid,not_valid,True,hands_on_wheel/only_right,only_right
3175,gaze_zone/not_valid,not_valid,True,hands_on_wheel/only_right,only_right
3176,gaze_zone/not_valid,not_valid,True,hands_on_wheel/only_right,only_right
3177,gaze_zone/not_valid,not_valid,True,hands_on_wheel/only_right,only_right
3178,gaze_zone/not_valid,not_valid,True,hands_on_wheel/only_right,only_right
3179,gaze_zone/not_valid,not_valid,True,hands_on_wheel/only_right,only_right
3180,gaze_zone/not_valid,not_valid,True,hands_on_wheel/only_right,only_right
3181,gaze_zone/not_valid,not_valid,False,hands_on_wheel/only_right,only_right
3182,gaze_zone/not_valid,not_valid,False,hands_on_wheel/only_right,only_right
3183,gaze_zone/not_valid,not_valid,False,hands_on_wheel/only_right,only_right
3184,gaze_zone/not_valid,not_valid,False,hands_on_wheel/only_right,only_right
3185,gaze_zone/not_valid,not_valid,False,hands_on_wheel/only_right,only_right
3186,gaze_zone/not_valid,not_valid,False,hands_on_wheel/only_right,only_right
3187,gaze_zone/not_valid,not_valid,False,hands_on_wheel/only_right,only_right
3188,gaze_zone/not_valid,not_valid,False,hands_on_wheel/only_right,only_right
3189,gaze_zone/not_valid,not_valid,False,hands_on_wheel/only_right,only_right
3190,gaze_zone/not_valid,not_valid,False,hands_on_wheel/only_right,only_right
3191,gaze_zone/not_valid,not_valid,False,hands_on_wheel/only_right,only_right
3192,gaze_zone/not_valid,not_valid,False,hands_on_wheel/only_right,only_right
3193,gaze_zone/not_valid,not_valid,False,hands_on_wheel/only_right,only_right
3194,gaze_zone/not_valid,not_valid,False,hands_on_wheel/only_right,only_right
3195,gaze_zone/not_valid,not_valid,False,hands_on_wheel/only_right,only_right
3196,gaze_zone/not_valid,not_valid,False,hands_on_wheel/only_right,only_right
3197,gaze_zone/not_valid,not_valid,False,hands_on_wheel/only_right,only_right
3198,gaze_zone/not_valid,not_valid,False,hands_on_wheel/only_right,only_right
3199,gaze_zone/not_valid,not_valid,False,hands_on_wheel/only_right,only_right
3200,gaze_zone/not_valid,not_valid,False,hands_on_wheel/only_right,only_right
3201,gaze_zone/not_valid,not_valid,False,hands_on_wheel/only_right,only_right
3202,gaze_zone/not_valid,not_valid,False,hands_on_wheel/only_right,only_right
3203,gaze_zone/not_valid,not_valid,False,hands_on_wheel/only_right,only_right
3204,gaze_zone/not_valid,not_valid,False,hands_on_wheel/only_right,only_right
3205,gaze_zone/not_valid,not_valid,False,hands_on_wheel/only_right,only_right
3206,gaze_zone/not_valid,not_valid,False,hands_on_wheel/only_right,only_right
3207,gaze_zone/not_valid,not_valid,False,hands_on_wheel/only_right,only_right
3208,gaze_zone/not_valid,not_valid,False,hands_on_wheel/only_right,only_right
3209,gaze_zone/not_valid,not_valid,False,hands_on_wheel/only_right,only_right
3210,gaze_zone/not_valid,not_valid,False,hands_on_wheel/only_right,only_right
3211,gaze_zone/not_valid,not_valid,False,hands_on_wheel/only_right,only_right
3212,gaze_zone/not_valid,not_valid,False,hands_on_wheel/only_right,only_right
3213,gaze_zone/not_valid,not_valid,False,hands_on_wheel/only_right,only_right
3214,gaze_zone/not_valid,not_valid,False,hands_on_wheel/only_right,only_right
3215,gaze_zone/not_valid,not_valid,False,hands_on_wheel/only_right,only_right
3216,gaze_zone/not_valid,not_valid,False,hands_on_wheel/only_right,only_right
3217,gaze_zone/not_valid,not_valid,False,hands_on_wheel/only_right,only_right
3218,gaze_zone/not_valid,not_valid,False,hands_on_wheel/only_right,only_right
3219,gaze_zone/not_valid,not_valid,False,hands_on_wheel/only_right,only_right
3220,gaze_zone/not_valid,not_valid,False,hands_on_wheel/only_right,only_right
3221,gaze_zone/not_valid,not_valid,False,hands_on_wheel/only_right,only_right
3222,gaze_zone/not_valid,not_valid,False,hands_on_wheel/only_right,only_right
3223,gaze_zone/not_valid,not_valid,False,hands_on_wheel/only_right,only_right
3224,gaze_zone/not_valid,not_valid,False,hands_on_wheel/only_right,only_right
3225,gaze_zone/not_valid,not_valid,False,hands_on_wheel/only_right,only_right
3226,gaze_zone/not_valid,not_valid,False,hands_on_wheel/only_right,only_right
3227,gaze_zone/not_valid,not_valid,False,hands_on_wheel/only_right,only_right
3228,gaze_zone/not_valid,not_valid,False,hands_on_wheel/only_right,only_right
3229,gaze_zone/not_valid,not_valid,False,hands_on_wheel/only_right,only_right
3230,gaze_zone/not_valid,not_valid,False,hands_on_wheel/only_right,only_right
3231,gaze_zone/not_valid,not_valid,False,hands_on_wheel/only_right,only_right
3232,gaze_zone/not_valid,not_valid,True,hands_on_wheel/only_right,only_right
3233,gaze_zone/not_valid,not_valid,True,hands_on_wheel/only_right,only_right
3234,gaze_zone/not_valid,not_valid,True,hands_on_wheel/only_right,only_right
3235,gaze_zone/not_valid,not_valid,True,hands_on_wheel/only_right,only_right
3236,gaze_zone/not_valid,not_valid,True,hands_on_wheel/only_right,only_right
3237,gaze_zone/not_valid,not_valid,True,hands_on_wheel/only_right,only_right
3238,gaze_zone/not_valid,not_valid,True,hands_on_wheel/only_right,only_right
3239,gaze_zone/not_valid,not_valid,True,hands_on_wheel/only_right,only_right
3240,gaze_zone/not_valid,not_valid,True,hands_on_wheel/only_right,only_right
3241,gaze_zone/not_valid,not_valid,True,hands_on_wheel/only_right,only_right
3242,gaze_zone/not_valid,not_valid,True,hands_on_wheel/only_right,only_right
3243,gaze_zone/not_valid,not_valid,True,hands_on_wheel/only_right,only_right
3244,gaze_zone/not_valid,not_valid,False,hands_on_wheel/only_right,only_right
3245,gaze_zone/not_valid,not_valid,False,hands_on_wheel/only_right,only_right
3246,gaze_zone/not_valid,not_valid,False,hands_on_wheel/only_right,only_right
3247,gaze_zone/not_valid,not_valid,False,hands_on_wheel/only_right,only_right
3248,gaze_zone/not_valid,not_valid,False,hands_on_wheel/only_right,only_right
3249,gaze_zone/not_valid,not_valid,False,hands_on_wheel/only_right,only_right
3250,gaze_zone/not_valid,not_valid,False,hands_on_wheel/only_right,only_right
3251,gaze_zone/not_valid,not_valid,False,hands_on_wheel/only_right,only_right
3252,gaze_zone/not_valid,not_valid,False,hands_on_wheel/only_right,only_right
3253,gaze_zone/not_valid,not_valid,False,hands_on_wheel/only_right,only_right
3254,gaze_zone/not_valid,not_valid,False,hands_on_wheel/only_right,only_right
3255,gaze_zone/not_valid,not_valid,True,hands_on_wheel/only_right,only_right
3256,gaze_zone/not_valid,not_valid,True,hands_on_wheel/only_right,only_right
3257,gaze_zone/not_valid,not_valid,True,hands_on_wheel/only_right,only_right
3258,gaze_zone/not_valid,not_valid,True,hands_on_wheel/only_right,only_right
3259,gaze_zone/not_valid,not_valid,True,hands_on_wheel/only_right,only_right
3260,gaze_zone/not_valid,not_valid,True,hands_on_wheel/only_right,only_right
3261,gaze_zone/not_valid,not_valid,True,hands_on_wheel/only_right,only_right
3262,gaze_zone/not_valid,not_valid,True,hands_on_wheel/only_right,only_right
3263,gaze_zone/not_valid,not_valid,True,hands_on_wheel/only_right,only_right
3264,gaze_zone/not_valid,not_valid,True,hands_on_wheel/only_right,only_right
3265,gaze_zone/not_valid,not_valid,True,hands_on_wheel/only_right,only_right
3266,gaze_zone/not_valid,not_valid,True,hands_on_wheel/only_right,only_right
3267,gaze_zone/not_valid,not_valid,True,hands_on_wheel/only_right,only_right
3268,gaze_zone/not_valid,not_valid,False,hands_on_wheel/only_right,only_right
3269,gaze_zone/not_valid,not_valid,False,hands_on_wheel/only_right,only_right
3270,gaze_zone/not_valid,not_valid,False,hands_on_wheel/only_right,only_right
3271,gaze_zone/not_valid,not_valid,False,hands_on_wheel/only_right,only_right
3272,gaze_zone/not_valid,not_valid,False,hands_on_wheel/only_right,only_right
3273,gaze_zone/not_valid,not_valid,False,hands_on_wheel/only_right,only_right
3274,gaze_zone/not_valid,not_valid,False,hands_on_wheel/only_right,only_right
3275,gaze_zone/not_valid,not_valid,False,hands_on_wheel/only_right,only_right
3276,gaze_zone/not_valid,not_valid,False,hands_on_wheel/only_right,only_right
3277,gaze_zone/not_valid,not_valid,False,hands_on_wheel/only_right,only_right
3278,gaze_zone/not_valid,not_valid,False,hands_on_wheel/only_right,only_right
3279,gaze_zone/not_valid,not_valid,False,hands_on_wheel/only_right,only_right
3280,gaze_zone/not_valid,not_valid,False,hands_on_wheel/only_right,only_right
3281,gaze_zone/not_valid,not_valid,False,hands_on_wheel/only_right,only_right
3282,gaze_zone/not_valid,not_valid,True,hands_on_wheel/only_right,only_right
3283,gaze_zone/not_valid,not_valid,True,hands_on_wheel/only_right,only_right
3284,gaze_zone/not_valid,not_valid,True,hands_on_wheel/only_right,only_right
3285,gaze_zone/not_valid,not_valid,True,hands_on_wheel/only_right,only_right
3286,gaze_zone/not_valid,not_valid,True,hands_on_wheel/only_right,only_right
3287,gaze_zone/not_valid,not_valid,True,hands_on_wheel/only_right,only_right
3288,gaze_zone/not_valid,not_valid,True,hands_on_wheel/only_right,only_right
3289,gaze_zone/not_valid,not_valid,True,hands_on_wheel/only_right,only_right
3290,gaze_zone/not_valid,not_valid,True,hands_on_wheel/only_right,only_right
3291,gaze_zone/not_valid,not_valid,True,hands_on_wheel/only_right,only_right
3292,gaze_zone/not_valid,not_valid,False,hands_on_wheel/only_right,only_right
3293,gaze_zone/not_valid,not_valid,False,hands_on_wheel/only_right,only_right
3294,gaze_zone/not_valid,not_valid,False,hands_on_wheel/only_right,only_right
3295,gaze_zone/not_valid,not_valid,False,hands_on_wheel/only_right,only_right
3296,gaze_zone/not_valid,not_valid,False,hands_on_wheel/only_right,only_right
3297,gaze_zone/not_valid,not_valid,False,hands_on_wheel/only_right,only_right
3298,gaze_zone/not_valid,not_valid,False,hands_on_wheel/only_right,only_right
3299,gaze_zone/not_valid,not_valid,False,hands_on_wheel/only_right,only_right
3300,gaze_zone/not_valid,not_valid,False,hands_on_wheel/only_right,only_right
3301,gaze_zone/not_valid,not_valid,True,hands_on_wheel/only_right,only_right
3302,gaze_zone/not_valid,not_valid,True,hands_on_wheel/only_right,only_right
3303,gaze_zone/not_valid,not_valid,True,hands_on_wheel/only_right,only_right
3304,gaze_zone/not_valid,not_valid,True,hands_on_wheel/only_right,only_right
3305,gaze_zone/not_valid,not_valid,True,hands_on_wheel/only_right,only_right
3306,gaze_zone/not_valid,not_valid,True,hands_on_wheel/only_right,only_right
3307,gaze_zone/not_valid,not_valid,True,hands_on_wheel/only_right,only_right
3308,gaze_zone/not_valid,not_valid,True,hands_on_wheel/only_right,only_right
3309,gaze_zone/not_valid,not_valid,True,hands_on_wheel/only_right,only_right
3310,gaze_zone/not_valid,not_valid,True,hands_on_wheel/only_right,only_right
3311,gaze_zone/not_valid,not_valid,False,hands_on_wheel/only_right,only_right
3312,gaze_zone/not_valid,not_valid,False,hands_on_wheel/only_right,only_right
3313,gaze_zone/not_valid,not_valid,False,hands_on_wheel/only_right,only_right
3314,gaze_zone/not_valid,not_valid,False,hands_on_wheel/only_right,only_right
3315,gaze_zone/not_valid,not_valid,False,hands_on_wheel/only_right,only_right
3316,gaze_zone/not_valid,not_valid,False,hands_on_wheel/only_right,only_right
3317,gaze_zone/not_valid,not_valid,False,hands_on_wheel/only_right,only_right
3318,gaze_zone/not_valid,not_valid,False,hands_on_wheel/only_right,only_right
3319,gaze_zone/not_valid,not_valid,False,hands_on_wheel/only_right,only_right
3320,gaze_zone/not_valid,not_valid,False,hands_on_wheel/only_right,only_right
3321,gaze_zone/not_valid,not_valid,False,hands_on_wheel/only_right,only_right
3322,gaze_zone/not_valid,not_valid,False,hands_on_wheel/only_right,only_right
3323,gaze_zone/not_valid,not_valid,False,hands_on_wheel/only_right,only_right
3324,gaze_zone/not_valid,not_valid,False,hands_on_wheel/only_right,only_right
3325,gaze_zone/not_valid,not_valid,False,hands_on_wheel/only_right,only_right
3326,gaze_zone/not_valid,not_valid,False,hands_on_wheel/only_right,only_right
3327,gaze_zone/not_valid,not_valid,False,hands_on_wheel/only_right,only_right
3328,gaze_zone/not_valid,not_valid,False,hands_on_wheel/only_right,only_right
3329,gaze_zone/not_valid,not_valid,False,hands_on_wheel/only_right,only_right
3330,gaze_zone/not_valid,not_valid,False,hands_on_wheel/only_right,only_right
3331,gaze_zone/not_valid,not_valid,True,hands_on_wheel/only_right,only_right
3332,gaze_zone/not_valid,not_valid,True,hands_on_wheel/only_right,only_right
3333,gaze_zone/not_valid,not_valid,True,hands_on_wheel/only_right,only_right
3334,gaze_zone/not_valid,not_valid,True,hands_on_wheel/only_right,only_right
3335,gaze_zone/not_valid,not_valid,True,hands_on_wheel/only_right,only_right
3336,gaze_zone/not_valid,not_valid,True,hands_on_wheel/only_right,only_right
3337,gaze_zone/not_valid,not_valid,True,hands_on_wheel/only_right,only_right
3338,gaze_zone/not_valid,not_valid,True,hands_on_wheel/only_right,only_right
3339,gaze_zone/not_valid,not_valid,True,hands_on_wheel/only_right,only_right
3340,gaze_zone/not_valid,not_valid,True,hands_on_wheel/only_right,only_right
3341,gaze_zone/not_valid,not_valid,True,hands_on_wheel/only_right,only_right
3342,gaze_zone/not_valid,not_valid,False,hands_on_wheel/only_right,only_right
3343,gaze_zone/not_valid,not_valid,False,hands_on_wheel/only_right,only_right
3344,gaze_zone/not_valid,not_valid,False,hands_on_wheel/only_right,only_right
3345,gaze_zone/not_valid,not_valid,False,hands_on_wheel/only_right,only_right
3346,gaze_zone/not_valid,not_valid,False,hands_on_wheel/only_right,only_right
3347,gaze_zone/not_valid,not_valid,False,hands_on_wheel/only_right,only_right
3348,gaze_zone/not_valid,not_valid,False,hands_on_wheel/only_right,only_right
3349,gaze_zone/not_valid,not_valid,False,hands_on_wheel/only_right,only_right
3350,gaze_zone/not_valid,not_valid,False,hands_on_wheel/only_right,only_right
3351,gaze_zone/not_valid,not_valid,False,hands_on_wheel/only_right,only_right
3352,gaze_zone/not_valid,not_valid,False,hands_on_wheel/only_right,only_right
3353,gaze_zone/not_valid,not_valid,False,hands_on_wheel/only_right,only_right
3354,gaze_zone/not_valid,not_valid,False,hands_on_wheel/only_right,only_right
3355,gaze_zone/not_valid,not_valid,False,hands_on_wheel/only_right,only_right
3356,gaze_zone/not_valid,not_valid,False,hands_on_wheel/only_right,only_right
3357,gaze_zone/not_valid,not_valid,True,hands_on_wheel/only_right,only_right
3358,gaze_zone/not_valid,not_valid,True,hands_on_wheel/only_right,only_right
3359,gaze_zone/not_valid,not_valid,True,hands_on_wheel/only_right,only_right
3360,gaze_zone/not_valid,not_valid,True,hands_on_wheel/only_right,only_right
3361,gaze_zone/not_valid,not_valid,True,hands_on_wheel/only_right,only_right
3362,gaze_zone/not_valid,not_valid,True,hands_on_wheel/only_right,only_right
3363,gaze_zone/not_valid,not_valid,True,hands_on_wheel/only_right,only_right
3364,gaze_zone/not_valid,not_valid,True,hands_on_wheel/only_right,only_right
3365,gaze_zone/not_valid,not_valid,True,hands_on_wheel/only_right,only_right
3366,gaze_zone/not_valid,not_valid,True,hands_on_wheel/only_right,only_right
3367,gaze_zone/not_valid,not_valid,True,hands_on_wheel/only_right,only_right
3368,gaze_zone/not_valid,not_valid,False,hands_on_wheel/only_right,only_right
3369,gaze_zone/not_valid,not_valid,False,hands_on_wheel/only_right,only_right
3370,gaze_zone/not_valid,not_valid,False,hands_on_wheel/only_right,only_right
3371,gaze_zone/not_valid,not_valid,False,hands_on_wheel/only_right,only_right
3372,gaze_zone/not_valid,not_valid,False,hands_on_wheel/only_right,only_right
3373,gaze_zone/not_valid,not_valid,False,hands_on_wheel/only_right,only_right
3374,gaze_zone/not_valid,not_valid,False,hands_on_wheel/only_right,only_right
3375,gaze_zone/not_valid,not_valid,False,hands_on_wheel/only_right,only_right
3376,gaze_zone/not_valid,not_valid,False,hands_on_wheel/only_right,only_right
3377,gaze_zone/not_valid,not_valid,False,hands_on_wheel/only_right,only_right
3378,gaze_zone/not_valid,not_valid,False,hands_on_wheel/only_right,only_right
3379,gaze_zone/not_valid,not_valid,False,hands_on_wheel/only_right,only_right
3380,gaze_zone/not_valid,not_valid,False,hands_on_wheel/only_right,only_right
3381,gaze_zone/not_valid,not_valid,False,hands_on_wheel/only_right,only_right
3382,gaze_zone/not_valid,not_valid,False,hands_on_wheel/only_right,only_right
3383,gaze_zone/not_valid,not_valid,False,hands_on_wheel/only_right,only_right
3384,gaze_zone/not_valid,not_valid,False,hands_on_wheel/only_right,only_right
3385,gaze_zone/not_valid,not_valid,False,hands_on_wheel/only_right,only_right
3386,gaze_zone/not_valid,not_valid,False,hands_on_wheel/only_right,only_right
3387,gaze_zone/not_valid,not_valid,False,hands_on_wheel/only_right,only_right
3388,gaze_zone/not_valid,not_valid,False,hands_on_wheel/only_right,only_right
3389,gaze_zone/not_valid,not_valid,False,hands_on_wheel/only_right,only_right
3390,gaze_zone/not_valid,not_valid,False,hands_on_wheel/only_right,only_right
3391,gaze_zone/not_valid,not_valid,False,hands_on_wheel/only_right,only_right
3392,gaze_zone/not_valid,not_valid,False,hands_on_wheel/only_right,only_right
3393,gaze_zone/not_valid,not_valid,False,hands_on_wheel/only_right,only_right
3394,gaze_zone/not_valid,not_valid,False,hands_on_wheel/only_right,only_right
3395,gaze_zone/not_valid,not_valid,False,hands_on_wheel/only_right,only_right
3396,gaze_zone/not_valid,not_valid,False,hands_on_wheel/only_right,only_right
3397,gaze_zone/not_valid,not_valid,False,hands_on_wheel/only_right,only_right
3398,gaze_zone/not_valid,not_valid,True,hands_on_wheel/only_right,only_right
3399,gaze_zone/not_valid,not_valid,True,hands_on_wheel/only_right,only_right
3400,gaze_zone/not_valid,not_valid,True,hands_on_wheel/only_right,only_right
3401,gaze_zone/not_valid,not_valid,True,hands_on_wheel/only_right,only_right
3402,gaze_zone/not_valid,not_valid,True,hands_on_wheel/only_right,only_right
3403,gaze_zone/not_valid,not_valid,True,hands_on_wheel/only_right,only_right
3404,gaze_zone/not_valid,not_valid,True,hands_on_wheel/only_right,only_right
3405,gaze_zone/not_valid,not_valid,True,hands_on_wheel/only_right,only_right
3406,gaze_zone/not_valid,not_valid,False,hands_on_wheel/only_right,only_right
3407,gaze_zone/not_valid,not_valid,False,hands_on_wheel/only_right,only_right
3408,gaze_zone/not_valid,not_valid,False,hands_on_wheel/only_right,only_right
3409,gaze_zone/not_valid,not_valid,False,hands_on_wheel/only_right,only_right
3410,gaze_zone/not_valid,not_valid,False,hands_on_wheel/only_right,only_right
3411,gaze_zone/not_valid,not_valid,False,hands_on_wheel/only_right,only_right
3412,gaze_zone/not_valid,not_valid,False,hands_on_wheel/only_right,only_right
3413,gaze_zone/not_valid,not_valid,True,hands_on_wheel/only_right,only_right
3414,gaze_zone/not_valid,not_valid,True,hands_on_wheel/only_right,only_right
3415,gaze_zone/not_valid,not_valid,True,hands_on_wheel/only_right,only_right
3416,gaze_zone/not_valid,not_valid,True,hands_on_wheel/only_right,only_right
3417,gaze_zone/not_valid,not_valid,True,hands_on_wheel/only_right,only_right
3418,gaze_zone/not_valid,not_valid,True,hands_on_wheel/only_right,only_right
3419,gaze_zone/not_valid,not_valid,True,hands_on_wheel/only_right,only_right
3420,gaze_zone/not_valid,not_valid,True,hands_on_wheel/only_right,only_right
3421,gaze_zone/not_valid,not_valid,True,hands_on_wheel/only_right,only_right
3422,gaze_zone/not_valid,not_valid,True,hands_on_wheel/only_right,only_right
3423,gaze_zone/not_valid,not_valid,True,hands_on_wheel/only_right,only_right
3424,gaze_zone/not_valid,not_valid,True,hands_on_wheel/only_right,only_right
3425,gaze_zone/not_valid,not_valid,True,hands_on_wheel/only_right,only_right
3426,gaze_zone/not_valid,not_valid,True,hands_on_wheel/only_right,only_right
3427,gaze_zone/not_valid,not_valid,True,hands_on_wheel/only_right,only_right
3428,gaze_zone/not_valid,not_valid,True,hands_on_wheel/only_right,only_right
3429,gaze_zone/not_valid,not_valid,False,hands_on_wheel/only_right,only_right
3430,gaze_zone/not_valid,not_valid,False,hands_on_wheel/only_right,only_right
3431,gaze_zone/not_valid,not_valid,False,hands_on_wheel/only_right,only_right
3432,gaze_zone/not_valid,not_valid,False,hands_on_wheel/only_right,only_right
3433,gaze_zone/not_valid,not_valid,False,hands_on_wheel/only_right,only_right
3434,gaze_zone/not_valid,not_valid,False,hands_on_wheel/only_right,only_right
3435,gaze_zone/not_valid,not_valid,False,hands_on_wheel/only_right,only_right
3436,gaze_zone/not_valid,not_valid,False,hands_on_wheel/both_hands,both_hands
3437,gaze_zone/not_valid,not_valid,False,hands_on_wheel/both_hands,both_hands
3438,gaze_zone/not_valid,not_valid,False,hands_on_wheel/both_hands,both_hands
3439,gaze_zone/not_valid,not_valid,False,hands_on_wheel/both_hands,both_hands
3440,gaze_zone/not_valid,not_valid,False,hands_on_wheel/both_hands,both_hands
3441,gaze_zone/not_valid,not_valid,False,hands_on_wheel/both_hands,both_hands
3442,gaze_zone/not_valid,not_valid,False,hands_on_wheel/both_hands,both_hands
3443,gaze_zone/not_valid,not_valid,False,hands_on_wheel/both_hands,both_hands
3444,gaze_zone/not_valid,not_valid,False,hands_on_wheel/both_hands,both_hands
3445,gaze_zone/not_valid,not_valid,False,hands_on_wheel/both_hands,both_hands
3446,gaze_zone/not_valid,not_valid,False,hands_on_wheel/both_hands,both_hands
3447,gaze_zone/not_valid,not_valid,False,hands_on_wheel/both_hands,both_hands
3448,gaze_zone/not_valid,not_valid,False,hands_on_wheel/both_hands,both_hands
3449,gaze_zone/not_valid,not_valid,True,hands_on_wheel/both_hands,both_hands
3450,gaze_zone/not_valid,not_valid,True,hands_on_wheel/both_hands,both_hands
3451,gaze_zone/not_valid,not_valid,True,hands_on_wheel/both_hands,both_hands
3452,gaze_zone/not_valid,not_valid,True,hands_on_wheel/both_hands,both_hands
3453,gaze_zone/not_valid,not_valid,True,hands_on_wheel/both_hands,both_hands
3454,gaze_zone/not_valid,not_valid,True,hands_on_wheel/both_hands,both_hands
3455,gaze_zone/not_valid,not_valid,True,hands_on_wheel/only_left,only_left
3456,gaze_zone/not_valid,not_valid,True,hands_on_wheel/only_left,only_left
3457,gaze_zone/not_valid,not_valid,True,hands_on_wheel/only_left,only_left
3458,gaze_zone/not_valid,not_valid,True,hands_on_wheel/only_left,only_left
3459,gaze_zone/not_valid,not_valid,False,hands_on_wheel/only_left,only_left
3460,gaze_zone/not_valid,not_valid,False,hands_on_wheel/only_left,only_left
3461,gaze_zone/not_valid,not_valid,False,hands_on_wheel/only_left,only_left
3462,gaze_zone/not_valid,not_valid,False,hands_on_wheel/only_left,only_left
3463,gaze_zone/not_valid,not_valid,False,hands_on_wheel/only_left,only_left
3464,gaze_zone/not_valid,not_valid,False,hands_on_wheel/only_left,only_left
3465,gaze_zone/not_valid,not_valid,False,hands_on_wheel/only_left,only_left
3466,gaze_zone/not_valid,not_valid,False,hands_on_wheel/only_left,only_left
3467,gaze_zone/not_valid,not_valid,False,hands_on_wheel/only_left,only_left
3468,gaze_zone/not_valid,not_valid,False,hands_on_wheel/only_left,only_left
3469,gaze_zone/not_valid,not_valid,False,hands_on_wheel/only_left,only_left
3470,gaze_zone/not_valid,not_valid,False,hands_on_wheel/only_left,only_left
3471,gaze_zone/not_valid,not_valid,False,hands_on_wheel/only_left,only_left
3472,gaze_zone/not_valid,not_valid,False,hands_on_wheel/only_left,only_left
3473,gaze_zone/not_valid,not_valid,False,hands_on_wheel/only_left,only_left
3474,gaze_zone/not_valid,not_valid,False,hands_on_wheel/only_left,only_left
3475,gaze_zone/not_valid,not_valid,False,hands_on_wheel/only_left,only_left
3476,gaze_zone/not_valid,not_valid,False,hands_on_wheel/only_left,only_left
3477,gaze_zone/not_valid,not_valid,False,hands_on_wheel/only_left,only_left
3478,gaze_zone/not_valid,not_valid,False,hands_on_wheel/only_left,only_left
3479,gaze_zone/not_valid,not_valid,False,hands_on_wheel/only_left,only_left
3480,gaze_zone/not_valid,not_valid,False,hands_on_wheel/only_left,only_left
3481,gaze_zone/not_valid,not_valid,False,hands_on_wheel/only_left,only_left
3482,gaze_zone/not_valid,not_valid,False,hands_on_wheel/only_left,only_left
3483,gaze_zone/not_valid,not_valid,False,hands_on_wheel/only_left,only_left
3484,gaze_zone/not_valid,not_valid,False,hands_on_wheel/only_left,only_left
3485,gaze_zone/not_valid,not_valid,False,hands_on_wheel/only_left,only_left
3486,gaze_zone/not_valid,not_valid,False,hands_on_wheel/only_left,only_left
3487,gaze_zone/not_valid,not_valid,False,hands_on_wheel/only_left,only_left
3488,gaze_zone/not_valid,not_valid,False,hands_on_wheel/only_left,only_left
3489,gaze_zone/not_valid,not_valid,False,hands_on_wheel/only_left,only_left
3490,gaze_zone/not_valid,not_valid,False,hands_on_wheel/only_left,only_left
3491,gaze_zone/not_valid,not_valid,False,hands_on_wheel/only_left,only_left
3492,gaze_zone/not_valid,not_valid,False,hands_on_wheel/only_left,only_left
3493,gaze_zone/not_valid,not_valid,False,hands_on_wheel/only_left,only_left
3494,gaze_zone/not_valid,not_valid,False,hands_on_wheel/only_left,only_left
3495,gaze_zone/not_valid,not_valid,False,hands_on_wheel/only_left,only_left
3496,gaze_zone/not_valid,not_valid,True,hands_on_wheel/only_left,only_left
3497,gaze_zone/not_valid,not_valid,True,hands_on_wheel/only_left,only_left
3498,gaze_zone/not_valid,not_valid,True,hands_on_wheel/only_left,only_left
3499,gaze_zone/not_valid,not_valid,True,hands_on_wheel/only_left,only_left
3500,gaze_zone/not_valid,not_valid,True,hands_on_wheel/only_left,only_left
3501,gaze_zone/not_valid,not_valid,True,hands_on_wheel/only_left,only_left
3502,gaze_zone/not_valid,not_valid,True,hands_on_wheel/only_left,only_left
3503,gaze_zone/not_valid,not_valid,True,hands_on_wheel/only_left,only_left
3504,gaze_zone/not_valid,not_valid,True,hands_on_wheel/only_left,only_left
3505,gaze_zone/not_valid,not_valid,True,hands_on_wheel/only_left,only_left
3506,gaze_zone/not_valid,not_valid,True,hands_on_wheel/only_left,only_left
3507,gaze_zone/not_valid,not_valid,False,hands_on_wheel/only_left,only_left
3508,gaze_zone/not_valid,not_valid,False,hands_on_wheel/only_left,only_left
3509,gaze_zone/not_valid,not_valid,False,hands_on_wheel/only_left,only_left
3510,gaze_zone/not_valid,not_valid,False,hands_on_wheel/only_left,only_left
3511,gaze_zone/not_valid,not_valid,False,hands_on_wheel/only_left,only_left
3512,gaze_zone/not_valid,not_valid,False,hands_on_wheel/only_left,only_left
3513,gaze_zone/not_valid,not_valid,False,hands_on_wheel/only_left,only_left
3514,gaze_zone/not_valid,not_valid,False,hands_on_wheel/only_left,only_left
3515,gaze_zone/not_valid,not_valid,False,hands_on_wheel/only_left,only_left
3516,gaze_zone/not_valid,not_valid,False,hands_on_wheel/only_left,only_left
3517,gaze_zone/not_valid,not_valid,False,hands_on_wheel/only_left,only_left
3518,gaze_zone/not_valid,not_valid,False,hands_on_wheel/only_left,only_left
3519,gaze_zone/not_valid,not_valid,False,hands_on_wheel/only_left,only_left
3520,gaze_zone/not_valid,not_valid,False,hands_on_wheel/only_left,only_left
3521,gaze_zone/not_valid,not_valid,False,hands_on_wheel/only_left,only_left
3522,gaze_zone/not_valid,not_valid,False,hands_on_wheel/only_left,only_left
3523,gaze_zone/not_valid,not_valid,False,hands_on_wheel/only_left,only_left
3524,gaze_zone/not_valid,not_valid,False,hands_on_wheel/only_left,only_left
3525,gaze_zone/not_valid,not_valid,False,hands_on_wheel/only_left,only_left
3526,gaze_zone/not_valid,not_valid,False,hands_on_wheel/only_left,only_left
3527,gaze_zone/not_valid,not_valid,False,hands_on_wheel/only_left,only_left
3528,gaze_zone/not_valid,not_valid,False,hands_on_wheel/only_left,only_left
3529,gaze_zone/not_valid,not_valid,False,hands_on_wheel/only_left,only_left
3530,gaze_zone/not_valid,not_valid,False,hands_on_wheel/only_left,only_left
3531,gaze_zone/not_valid,not_valid,False,hands_on_wheel/only_left,only_left
3532,gaze_zone/not_valid,not_valid,False,hands_on_wheel/only_left,only_left
3533,gaze_zone/not_valid,not_valid,False,hands_on_wheel/only_left,only_left
3534,gaze_zone/not_valid,not_valid,False,hands_on_wheel/only_left,only_left
3535,gaze_zone/not_valid,not_valid,False,hands_on_wheel/only_left,only_left
3536,gaze_zone/not_valid,not_valid,False,hands_on_wheel/only_left,only_left
3537,gaze_zone/not_valid,not_valid,False,hands_on_wheel/only_left,only_left
3538,gaze_zone/not_valid,not_valid,False,hands_on_wheel/only_left,only_left
3539,gaze_zone/not_valid,not_valid,False,hands_on_wheel/only_left,only_left
3540,gaze_zone/not_valid,not_valid,False,hands_on_wheel/only_left,only_left
3541,gaze_zone/not_valid,not_valid,True,hands_on_wheel/only_left,only_left
3542,gaze_zone/not_valid,not_valid,True,hands_on_wheel/only_left,only_left
3543,gaze_zone/not_valid,not_valid,True,hands_on_wheel/only_left,only_left
3544,gaze_zone/not_valid,not_valid,True,hands_on_wheel/only_left,only_left
3545,gaze_zone/not_valid,not_valid,True,hands_on_wheel/only_left,only_left
3546,gaze_zone/not_valid,not_valid,True,hands_on_wheel/only_left,only_left
3547,gaze_zone/not_valid,not_valid,True,hands_on_wheel/only_left,only_left
3548,gaze_zone/not_valid,not_valid,True,hands_on_wheel/only_left,only_left
3549,gaze_zone/not_valid,not_valid,True,hands_on_wheel/only_left,only_left
3550,gaze_zone/not_valid,not_valid,True,hands_on_wheel/only_left,only_left
3551,gaze_zone/not_valid,not_valid,True,hands_on_wheel/only_left,only_left
3552,gaze_zone/not_valid,not_valid,False,hands_on_wheel/only_left,only_left
3553,gaze_zone/not_valid,not_valid,False,hands_on_wheel/only_left,only_left
3554,gaze_zone/not_valid,not_valid,False,hands_on_wheel/only_left,only_left
3555,gaze_zone/not_valid,not_valid,False,hands_on_wheel/only_left,only_left
3556,gaze_zone/not_valid,not_valid,False,hands_on_wheel/only_left,only_left
3557,gaze_zone/not_valid,not_valid,False,hands_on_wheel/only_left,only_left
3558,gaze_zone/not_valid,not_valid,False,hands_on_wheel/only_left,only_left
3559,gaze_zone/not_valid,not_valid,False,hands_on_wheel/only_left,only_left
3560,gaze_zone/not_valid,not_valid,False,hands_on_wheel/only_left,only_left
3561,gaze_zone/not_valid,not_valid,False,hands_on_wheel/only_left,only_left
3562,gaze_zone/not_valid,not_valid,False,hands_on_wheel/only_left,only_left
3563,gaze_zone/not_valid,not_valid,False,hands_on_wheel/only_left,only_left
3564,gaze_zone/not_valid,not_valid,False,hands_on_wheel/only_left,only_left
3565,gaze_zone/not_valid,not_valid,False,hands_on_wheel/only_left,only_left
3566,gaze_zone/not_valid,not_valid,False,hands_on_wheel/only_left,only_left
3567,gaze_zone/not_valid,not_valid,False,hands_on_wheel/only_left,only_left
3568,gaze_zone/not_valid,not_valid,False,hands_on_wheel/only_left,only_left
3569,gaze_zone/not_valid,not_valid,False,hands_on_wheel/only_left,only_left
3570,gaze_zone/not_valid,not_valid,False,hands_on_wheel/only_left,only_left
3571,gaze_zone/not_valid,not_valid,False,hands_on_wheel/only_left,only_left
3572,gaze_zone/not_valid,not_valid,False,hands_on_wheel/only_left,only_left
3573,gaze_zone/not_valid,not_valid,False,hands_on_wheel/only_left,only_left
3574,gaze_zone/not_valid,not_valid,False,hands_on_wheel/only_left,only_left
3575,gaze_zone/not_valid,not_valid,False,hands_on_wheel/only_left,only_left
3576,gaze_zone/not_valid,not_valid,False,hands_on_wheel/only_left,only_left
3577,gaze_zone/not_valid,not_valid,False,hands_on_wheel/only_left,only_left
3578,gaze_zone/not_valid,not_valid,False,hands_on_wheel/only_left,only_left
3579,gaze_zone/not_valid,not_valid,False,hands_on_wheel/only_left,only_left
3580,gaze_zone/not_valid,not_valid,False,hands_on_wheel/only_left,only_left
3581,gaze_zone/not_valid,not_valid,False,hands_on_wheel/only_left,only_left
3582,gaze_zone/not_valid,not_valid,False,hands_on_wheel/only_left,only_left
3583,gaze_zone/not_valid,not_valid,False,hands_on_wheel/only_left,only_left
3584,gaze_zone/not_valid,not_valid,False,hands_on_wheel/only_left,only_left
3585,gaze_zone/not_valid,not_valid,False,hands_on_wheel/only_left,only_left
3586,gaze_zone/not_valid,not_valid,False,hands_on_wheel/only_left,only_left
3587,gaze_zone/not_valid,not_valid,False,hands_on_wheel/only_left,only_left
3588,gaze_zone/not_valid,not_valid,False,hands_on_wheel/only_left,only_left
3589,gaze_zone/not_valid,not_valid,False,hands_on_wheel/only_left,only_left
3590,gaze_zone/not_valid,not_valid,False,hands_on_wheel/only_left,only_left
3591,gaze_zone/not_valid,not_valid,False,hands_on_wheel/only_left,only_left
3592,gaze_zone/not_valid,not_valid,False,hands_on_wheel/only_left,only_left
3593,gaze_zone/not_valid,not_valid,False,hands_on_wheel/only_left,only_left
3594,gaze_zone/not_valid,not_valid,False,hands_on_wheel/only_left,only_left
3595,gaze_zone/not_valid,not_valid,False,hands_on_wheel/only_left,only_left
3596,gaze_zone/not_valid,not_valid,False,hands_on_wheel/only_left,only_left
3597,gaze_zone/not_valid,not_valid,False,hands_on_wheel/only_left,only_left
3598,gaze_zone/not_valid,not_valid,False,hands_on_wheel/only_left,only_left
3599,gaze_zone/not_valid,not_valid,False,hands_on_wheel/only_left,only_left
3600,gaze_zone/not_valid,not_valid,False,hands_on_wheel/only_left,only_left
3601,gaze_zone/not_valid,not_valid,False,hands_on_wheel/only_left,only_left
3602,gaze_zone/not_valid,not_valid,False,hands_on_wheel/only_left,only_left
3603,gaze_zone/not_valid,not_valid,False,hands_on_wheel/only_left,only_left
3604,gaze_zone/not_valid,not_valid,False,hands_on_wheel/only_left,only_left
3605,gaze_zone/not_valid,not_valid,False,hands_on_wheel/only_left,only_left
3606,gaze_zone/not_valid,not_valid,False,hands_on_wheel/only_left,only_left
3607,gaze_zone/not_valid,not_valid,False,hands_on_wheel/only_left,only_left
3608,gaze_zone/not_valid,not_valid,False,hands_on_wheel/only_left,only_left
3609,gaze_zone/not_valid,not_valid,False,hands_on_wheel/only_left,only_left
3610,gaze_zone/not_valid,not_valid,False,hands_on_wheel/only_left,only_left
3611,gaze_zone/not_valid,not_valid,False,hands_on_wheel/only_left,only_left
3612,gaze_zone/not_valid,not_valid,False,hands_on_wheel/only_left,only_left
3613,gaze_zone/not_valid,not_valid,True,hands_on_wheel/only_left,only_left
3614,gaze_zone/not_valid,not_valid,True,hands_on_wheel/only_left,only_left
3615,gaze_zone/not_valid,not_valid,True,hands_on_wheel/only_left,only_left
3616,gaze_zone/not_valid,not_valid,True,hands_on_wheel/only_left,only_left
3617,gaze_zone/not_valid,not_valid,True,hands_on_wheel/only_left,only_left
3618,gaze_zone/not_valid,not_valid,True,hands_on_wheel/only_left,only_left
3619,gaze_zone/not_valid,not_valid,True,hands_on_wheel/only_left,only_left
3620,gaze_zone/not_valid,not_valid,True,hands_on_wheel/only_left,only_left
3621,gaze_zone/not_valid,not_valid,True,hands_on_wheel/only_left,only_left
3622,gaze_zone/not_valid,not_valid,True,hands_on_wheel/only_left,only_left
3623,gaze_zone/not_valid,not_valid,False,hands_on_wheel/only_left,only_left
3624,gaze_zone/not_valid,not_valid,False,hands_on_wheel/only_left,only_left
3625,gaze_zone/not_valid,not_valid,False,hands_on_wheel/only_left,only_left
3626,gaze_zone/not_valid,not_valid,False,hands_on_wheel/only_left,only_left
3627,gaze_zone/not_valid,not_valid,False,hands_on_wheel/only_left,only_left
3628,gaze_zone/not_valid,not_valid,False,hands_on_wheel/only_left,only_left
3629,gaze_zone/not_valid,not_valid,False,hands_on_wheel/only_left,only_left
3630,gaze_zone/not_valid,not_valid,False,hands_on_wheel/only_left,only_left
3631,gaze_zone/not_valid,not_valid,False,hands_on_wheel/only_left,only_left
3632,gaze_zone/not_valid,not_valid,False,hands_on_wheel/only_left,only_left
3633,gaze_zone/not_valid,not_valid,False,hands_on_wheel/only_left,only_left
3634,gaze_zone/not_valid,not_valid,False,hands_on_wheel/only_left,only_left
3635,gaze_zone/not_valid,not_valid,False,hands_on_wheel/only_left,only_left
3636,gaze_zone/not_valid,not_valid,False,hands_on_wheel/only_left,only_left
3637,gaze_zone/not_valid,not_valid,False,hands_on_wheel/only_left,only_left
3638,gaze_zone/not_valid,not_valid,False,hands_on_wheel/only_left,only_left
3639,gaze_zone/not_valid,not_valid,False,hands_on_wheel/only_left,only_left
3640,gaze_zone/not_valid,not_valid,False,hands_on_wheel/only_left,only_left
3641,gaze_zone/not_valid,not_valid,False,hands_on_wheel/only_left,only_left
3642,gaze_zone/not_valid,not_valid,False,hands_on_wheel/only_left,only_left
3643,gaze_zone/not_valid,not_valid,False,hands_on_wheel/only_left,only_left
3644,gaze_zone/not_valid,not_valid,False,hands_on_wheel/only_left,only_left
3645,gaze_zone/not_valid,not_valid,False,hands_on_wheel/only_left,only_left
3646,gaze_zone/not_valid,not_valid,False,hands_on_wheel/only_left,only_left
3647,gaze_zone/not_valid,not_valid,False,hands_on_wheel/only_left,only_left
3648,gaze_zone/not_valid,not_valid,False,hands_on_wheel/only_left,only_left
3649,gaze_zone/not_valid,not_valid,False,hands_on_wheel/only_left,only_left
3650,gaze_zone/not_valid,not_valid,False,hands_on_wheel/only_left,only_left
3651,gaze_zone/not_valid,not_valid,False,hands_on_wheel/only_left,only_left
3652,gaze_zone/not_valid,not_valid,False,hands_on_wheel/only_left,only_left
3653,gaze_zone/not_valid,not_valid,False,hands_on_wheel/only_left,only_left
3654,gaze_zone/not_valid,not_valid,False,hands_on_wheel/only_left,only_left
3655,gaze_zone/not_valid,not_valid,False,hands_on_wheel/only_left,only_left
3656,gaze_zone/not_valid,not_valid,False,hands_on_wheel/only_left,only_left
3657,gaze_zone/not_valid,not_valid,False,hands_on_wheel/only_left,only_left
3658,gaze_zone/not_valid,not_valid,False,hands_on_wheel/only_left,only_left
3659,gaze_zone/not_valid,not_valid,False,hands_on_wheel/only_left,only_left
3660,gaze_zone/not_valid,not_valid,False,hands_on_wheel/only_left,only_left
3661,gaze_zone/not_valid,not_valid,False,hands_on_wheel/only_left,only_left
3662,gaze_zone/not_valid,not_valid,True,hands_on_wheel/only_left,only_left
3663,gaze_zone/not_valid,not_valid,True,hands_on_wheel/only_left,only_left
3664,gaze_zone/not_valid,not_valid,True,hands_on_wheel/only_left,only_left
3665,gaze_zone/not_valid,not_valid,True,hands_on_wheel/only_left,only_left
3666,gaze_zone/not_valid,not_valid,True,hands_on_wheel/only_left,only_left
3667,gaze_zone/not_valid,not_valid,True,hands_on_wheel/only_left,only_left
3668,gaze_zone/not_valid,not_valid,True,hands_on_wheel/only_left,only_left
3669,gaze_zone/not_valid,not_valid,True,hands_on_wheel/only_left,only_left
3670,gaze_zone/not_valid,not_valid,False,hands_on_wheel/only_left,only_left
3671,gaze_zone/not_valid,not_valid,False,hands_on_wheel/only_left,only_left
3672,gaze_zone/not_valid,not_valid,True,hands_on_wheel/only_left,only_left
3673,gaze_zone/not_valid,not_valid,True,hands_on_wheel/only_left,only_left
3674,gaze_zone/not_valid,not_valid,True,hands_on_wheel/only_left,only_left
3675,gaze_zone/not_valid,not_valid,True,hands_on_wheel/only_left,only_left
3676,gaze_zone/not_valid,not_valid,True,hands_on_wheel/only_left,only_left
3677,gaze_zone/not_valid,not_valid,True,hands_on_wheel/only_left,only_left
3678,gaze_zone/not_valid,not_valid,True,hands_on_wheel/only_left,only_left
3679,gaze_zone/not_valid,not_valid,True,hands_on_wheel/only_left,only_left
3680,gaze_zone/not_valid,not_valid,True,hands_on_wheel/only_left,only_left
3681,gaze_zone/not_valid,not_valid,True,hands_on_wheel/only_left,only_left
3682,gaze_zone/not_valid,not_valid,True,hands_on_wheel/only_left,only_left
3683,gaze_zone/not_valid,not_valid,True,hands_on_wheel/only_left,only_left
3684,gaze_zone/not_valid,not_valid,True,hands_on_wheel/only_left,only_left
3685,gaze_zone/not_valid,not_valid,True,hands_on_wheel/only_left,only_left
3686,gaze_zone/not_valid,not_valid,False,hands_on_wheel/only_left,only_left
3687,gaze_zone/not_valid,not_valid,False,hands_on_wheel/only_left,only_left
3688,gaze_zone/not_valid,not_valid,False,hands_on_wheel/only_left,only_left
3689,gaze_zone/not_valid,not_valid,False,hands_on_wheel/none,none
3690,gaze_zone/not_valid,not_valid,False,hands_on_wheel/none,none
3691,gaze_zone/not_valid,not_valid,False,hands_on_wheel/none,none
3692,gaze_zone/not_valid,not_valid,False,hands_on_wheel/none,none
3693,gaze_zone/not_valid,not_valid,False,hands_on_wheel/none,none
3694,gaze_zone/not_valid,not_valid,False,hands_on_wheel/none,none
3695,gaze_zone/not_valid,not_valid,False,hands_on_wheel/none,none
3696,gaze_zone/not_valid,not_valid,True,hands_on_wheel/none,none
3697,gaze_zone/not_valid,not_valid,True,hands_on_wheel/none,none
3698,gaze_zone/not_valid,not_valid,True,hands_on_wheel/none,none
3699,gaze_zone/not_valid,not_valid,True,hands_on_wheel/none,none
3700,gaze_zone/not_valid,not_valid,True,hands_on_wheel/none,none
3701,gaze_zone/not_valid,not_valid,True,hands_on_wheel/none,none
3702,gaze_zone/not_valid,not_valid,True,hands_on_wheel/none,none
3703,gaze_zone/not_valid,not_valid,True,hands_on_wheel/none,none
3704,gaze_zone/not_valid,not_valid,True,hands_on_wheel/none,none
3705,gaze_zone/not_valid,not_valid,True,hands_on_wheel/none,none
3706,gaze_zone/not_valid,not_valid,True,hands_on_wheel/none,none
3707,gaze_zone/not_valid,not_valid,True,hands_on_wheel/none,none
3708,gaze_zone/not_valid,not_valid,True,hands_on_wheel/none,none
3709,gaze_zone/not_valid,not_valid,True,hands_on_wheel/none,none
3710,gaze_zone/not_valid,not_valid,True,hands_on_wheel/none,none
3711,gaze_zone/not_valid,not_valid,True,hands_on_wheel/none,none
3712,gaze_zone/not_valid,not_valid,True,hands_on_wheel/none,none
3713,gaze_zone/not_valid,not_valid,True,hands_on_wheel/none,none
3714,gaze_zone/not_valid,not_valid,True,hands_on_wheel/none,none
3715,gaze_zone/not_valid,not_valid,True,hands_on_wheel/none,none
3716,gaze_zone/not_valid,not_valid,True,hands_on_wheel/none,none
3717,gaze_zone/not_valid,not_valid,True,hands_on_wheel/none,none
3718,gaze_zone/not_valid,not_valid,True,hands_on_wheel/none,none
3719,gaze_zone/not_valid,not_valid,True,hands_on_wheel/none,none
3720,gaze_zone/not_valid,not_valid,False,hands_on_wheel/none,none
3721,gaze_zone/not_valid,not_valid,False,hands_on_wheel/none,none
3722,gaze_zone/not_valid,not_valid,False,hands_on_wheel/none,none
3723,gaze_zone/not_valid,not_valid,False,hands_on_wheel/none,none
3724,gaze_zone/not_valid,not_valid,False,hands_on_wheel/none,none
3725,gaze_zone/not_valid,not_valid,False,hands_on_wheel/none,none
3726,gaze_zone/not_valid,not_valid,False,hands_on_wheel/none,none
3727,gaze_zone/not_valid,not_valid,False,hands_on_wheel/none,none
3728,gaze_zone/not_valid,not_valid,True,hands_on_wheel/none,none
3729,gaze_zone/not_valid,not_valid,True,hands_on_wheel/none,none
3730,gaze_zone/not_valid,not_valid,True,hands_on_wheel/none,none
3731,gaze_zone/not_valid,not_valid,True,hands_on_wheel/none,none
3732,gaze_zone/not_valid,not_valid,True,hands_on_wheel/none,none
3733,gaze_zone/not_valid,not_valid,True,hands_on_wheel/none,none
3734,gaze_zone/not_valid,not_valid,True,hands_on_wheel/none,none
3735,gaze_zone/not_valid,not_valid,True,hands_on_wheel/none,none
3736,gaze_zone/not_valid,not_valid,True,hands_on_wheel/none,none
3737,gaze_zone/not_valid,not_valid,True,hands_on_wheel/none,none
3738,gaze_zone/not_valid,not_valid,True,hands_on_wheel/none,none
3739,gaze_zone/not_valid,not_valid,True,hands_on_wheel/none,none
3740,gaze_zone/not_valid,not_valid,False,hands_on_wheel/none,none
3741,gaze_zone/not_valid,not_valid,False,hands_on_wheel/none,none
3742,gaze_zone/not_valid,not_valid,False,hands_on_wheel/none,none
3743,gaze_zone/not_valid,not_valid,False,hands_on_wheel/none,none
3744,gaze_zone/not_valid,not_valid,False,hands_on_wheel/none,none
3745,gaze_zone/not_valid,not_valid,False,hands_on_wheel/none,none
3746,gaze_zone/not_valid,not_valid,True,hands_on_wheel/none,none
3747,gaze_zone/not_valid,not_valid,True,hands_on_wheel/none,none
3748,gaze_zone/not_valid,not_valid,True,hands_on_wheel/none,none
3749,gaze_zone/not_valid,not_valid,True,hands_on_wheel/none,none
3750,gaze_zone/not_valid,not_valid,True,hands_on_wheel/none,none
3751,gaze_zone/not_valid,not_valid,True,hands_on_wheel/none,none
3752,gaze_zone/not_valid,not_valid,True,hands_on_wheel/none,none
3753,gaze_zone/not_valid,not_valid,True,hands_on_wheel/none,none
3754,gaze_zone/not_valid,not_valid,True,hands_on_wheel/none,none
3755,gaze_zone/not_valid,not_valid,True,hands_on_wheel/none,none
3756,gaze_zone/not_valid,not_valid,True,hands_on_wheel/none,none
3757,gaze_zone/not_valid,not_valid,True,hands_on_wheel/none,none
3758,gaze_zone/not_valid,not_valid,True,hands_on_wheel/none,none
3759,gaze_zone/not_valid,not_valid,True,hands_on_wheel/none,none
3760,gaze_zone/not_valid,not_valid,True,hands_on_wheel/none,none
3761,gaze_zone/not_valid,not_valid,True,hands_on_wheel/none,none
3762,gaze_zone/not_valid,not_valid,True,hands_on_wheel/none,none
3763,gaze_zone/not_valid,not_valid,False,hands_on_wheel/none,none
3764,gaze_zone/not_valid,not_valid,False,hands_on_wheel/none,none
3765,gaze_zone/not_valid,not_valid,False,hands_on_wheel/none,none
3766,gaze_zone/not_valid,not_valid,False,hands_on_wheel/none,none
3767,gaze_zone/not_valid,not_valid,False,hands_on_wheel/none,none
3768,gaze_zone/not_valid,not_valid,False,hands_on_wheel/none,none
3769,gaze_zone/not_valid,not_valid,False,hands_on_wheel/none,none
3770,gaze_zone/not_valid,not_valid,False,hands_on_wheel/none,none
3771,gaze_zone/not_valid,not_valid,False,hands_on_wheel/none,none
3772,gaze_zone/not_valid,not_valid,False,hands_on_wheel/none,none
3773,gaze_zone/not_valid,not_valid,True,hands_on_wheel/none,none
3774,gaze_zone/not_valid,not_valid,True,hands_on_wheel/none,none
3775,gaze_zone/not_valid,not_valid,True,hands_on_wheel/none,none
3776,gaze_zone/not_valid,not_valid,True,hands_on_wheel/none,none
3777,gaze_zone/not_valid,not_valid,True,hands_on_wheel/none,none
3778,gaze_zone/not_valid,not_valid,True,hands_on_wheel/none,none
3779,gaze_zone/not_valid,not_valid,True,hands_on_wheel/none,none
3780,gaze_zone/not_valid,not_valid,True,hands_on_wheel/none,none
3781,gaze_zone/not_valid,not_valid,True,hands_on_wheel/none,none
3782,gaze_zone/not_valid,not_valid,True,hands_on_wheel/none,none
3783,gaze_zone/not_valid,not_valid,True,hands_on_wheel/none,none
3784,gaze_zone/not_valid,not_valid,True,hands_on_wheel/none,none
3785,gaze_zone/not_valid,not_valid,True,hands_on_wheel/none,none
3786,gaze_zone/not_valid,not_valid,True,hands_on_wheel/none,none
3787,gaze_zone/not_valid,not_valid,True,hands_on_wheel/none,none
3788,gaze_zone/not_valid,not_valid,False,hands_on_wheel/none,none
3789,gaze_zone/not_valid,not_valid,False,hands_on_wheel/none,none
3790,gaze_zone/not_valid,not_valid,False,hands_on_wheel/none,none
3791,gaze_zone/not_valid,not_valid,False,hands_on_wheel/none,none
3792,gaze_zone/not_valid,not_valid,True,hands_on_wheel/none,none
3793,gaze_zone/not_valid,not_valid,True,hands_on_wheel/none,none
3794,gaze_zone/not_valid,not_valid,True,hands_on_wheel/none,none
3795,gaze_zone/not_valid,not_valid,True,hands_on_wheel/none,none
3796,gaze_zone/not_valid,not_valid,True,hands_on_wheel/none,none
3797,gaze_zone/not_valid,not_valid,True,hands_on_wheel/none,none
3798,gaze_zone/not_valid,not_valid,True,hands_on_wheel/none,none
3799,gaze_zone/not_valid,not_valid,True,hands_on_wheel/none,none
3800,gaze_zone/not_valid,not_valid,True,hands_on_wheel/none,none
3801,gaze_zone/not_valid,not_valid,True,hands_on_wheel/none,none
3802,gaze_zone/not_valid,not_valid,True,hands_on_wheel/none,none
3803,gaze_zone/not_valid,not_valid,True,hands_on_wheel/none,none
3804,gaze_zone/not_valid,not_valid,True,hands_on_wheel/none,none
3805,gaze_zone/not_valid,not_valid,True,hands_on_wheel/none,none
3806,gaze_zone/not_valid,not_valid,True,hands_on_wheel/none,none
3807,gaze_zone/not_valid,not_valid,True,hands_on_wheel/none,none
3808,gaze_zone/not_valid,not_valid,True,hands_on_wheel/none,none
3809,gaze_zone/not_valid,not_valid,True,hands_on_wheel/none,none
3810,gaze_zone/not_valid,not_valid,False,hands_on_wheel/none,none
3811,gaze_zone/not_valid,not_valid,False,hands_on_wheel/none,none
3812,gaze_zone/not_valid,not_valid,False,hands_on_wheel/none,none
3813,gaze_zone/not_valid,not_valid,False,hands_on_wheel/none,none
3814,gaze_zone/not_valid,not_valid,False,hands_on_wheel/none,none
3815,gaze_zone/not_valid,not_valid,False,hands_on_wheel/none,none
3816,gaze_zone/not_valid,not_valid,False,hands_on_wheel/none,none
3817,gaze_zone/not_valid,not_valid,False,hands_on_wheel/none,none
3818,gaze_zone/not_valid,not_valid,False,hands_on_wheel/none,none
3819,gaze_zone/not_valid,not_valid,False,hands_on_wheel/none,none
3820,gaze_zone/not_valid,not_valid,False,hands_on_wheel/none,none
3821,gaze_zone/not_valid,not_valid,False,hands_on_wheel/none,none
3822,gaze_zone/not_valid,not_valid,False,hands_on_wheel/none,none
3823,gaze_zone/not_valid,not_valid,False,hands_on_wheel/none,none
3824,gaze_zone/not_valid,not_valid,False,hands_on_wheel/none,none
3825,gaze_zone/not_valid,not_valid,False,hands_on_wheel/none,none
3826,gaze_zone/not_valid,not_valid,False,hands_on_wheel/none,none
3827,gaze_zone/not_valid,not_valid,False,hands_on_wheel/none,none
3828,gaze_zone/not_valid,not_valid,False,hands_on_wheel/none,none
3829,gaze_zone/not_valid,not_valid,False,hands_on_wheel/none,none
3830,gaze_zone/not_valid,not_valid,False,hands_on_wheel/none,none
3831,gaze_zone/not_valid,not_valid,False,hands_on_wheel/none,none
3832,gaze_zone/not_valid,not_valid,False,hands_on_wheel/none,none
3833,gaze_zone/not_valid,not_valid,False,hands_on_wheel/none,none
3834,gaze_zone/not_valid,not_valid,False,hands_on_wheel/none,none
3835,gaze_zone/not_valid,not_valid,False,hands_on_wheel/none,none
3836,gaze_zone/not_valid,not_valid,False,hands_on_wheel/none,none
3837,gaze_zone/not_valid,not_valid,False,hands_on_wheel/none,none
3838,gaze_zone/not_valid,not_valid,False,hands_on_wheel/none,none
3839,gaze_zone/not_valid,not_valid,False,hands_on_wheel/none,none
3840,gaze_zone/not_valid,not_valid,False,hands_on_wheel/none,none
3841,gaze_zone/not_valid,not_valid,False,hands_on_wheel/none,none
3842,gaze_zone/not_valid,not_valid,False,hands_on_wheel/none,none
3843,gaze_zone/not_valid,not_valid,False,hands_on_wheel/none,none
3844,gaze_zone/not_valid,not_valid,False,hands_on_wheel/none,none
3845,gaze_zone/not_valid,not_valid,False,hands_on_wheel/none,none
3846,gaze_zone/not_valid,not_valid,False,hands_on_wheel/both_hands,both_hands
3847,gaze_zone/not_valid,not_valid,False,hands_on_wheel/both_hands,both_hands
3848,gaze_zone/not_valid,not_valid,False,hands_on_wheel/both_hands,both_hands
3849,gaze_zone/not_valid,not_valid,False,hands_on_wheel/both_hands,both_hands
3850,gaze_zone/not_valid,not_valid,False,hands_on_wheel/both_hands,both_hands
3851,gaze_zone/not_valid,not_valid,True,hands_on_wheel/both_hands,both_hands
3852,gaze_zone/not_valid,not_valid,True,hands_on_wheel/both_hands,both_hands
3853,gaze_zone/not_valid,not_valid,True,hands_on_wheel/both_hands,both_hands
3854,gaze_zone/not_valid,not_valid,True,hands_on_wheel/both_hands,both_hands
3855,gaze_zone/not_valid,not_valid,True,hands_on_wheel/both_hands,both_hands
3856,gaze_zone/not_valid,not_valid,True,hands_on_wheel/both_hands,both_hands
3857,gaze_zone/not_valid,not_valid,True,hands_on_wheel/both_hands,both_hands
3858,gaze_zone/not_valid,not_valid,True,hands_on_wheel/both_hands,both_hands
3859,gaze_zone/not_valid,not_valid,True,hands_on_wheel/both_hands,both_hands
3860,gaze_zone/not_valid,not_valid,True,hands_on_wheel/both_hands,both_hands
3861,gaze_zone/not_valid,not_valid,True,hands_on_wheel/both_hands,both_hands
3862,gaze_zone/not_valid,not_valid,False,hands_on_wheel/both_hands,both_hands
3863,gaze_zone/not_valid,not_valid,False,hands_on_wheel/both_hands,both_hands
3864,gaze_zone/not_valid,not_valid,False,hands_on_wheel/both_hands,both_hands
3865,gaze_zone/not_valid,not_valid,False,hands_on_wheel/both_hands,both_hands
3866,gaze_zone/not_valid,not_valid,False,hands_on_wheel/both_hands,both_hands
3867,gaze_zone/not_valid,not_valid,False,hands_on_wheel/both_hands,both_hands
3868,gaze_zone/not_valid,not_valid,False,hands_on_wheel/both_hands,both_hands
3869,gaze_zone/not_valid,not_valid,False,hands_on_wheel/both_hands,both_hands
3870,gaze_zone/not_valid,not_valid,False,hands_on_wheel/both_hands,both_hands
3871,gaze_zone/not_valid,not_valid,False,hands_on_wheel/both_hands,both_hands
3872,gaze_zone/not_valid,not_valid,False,hands_on_wheel/both_hands,both_hands
3873,gaze_zone/not_valid,not_valid,False,hands_on_wheel/both_hands,both_hands
3874,gaze_zone/not_valid,not_valid,False,hands_on_wheel/both_hands,both_hands
3875,gaze_zone/not_valid,not_valid,False,hands_on_wheel/both_hands,both_hands
3876,gaze_zone/not_valid,not_valid,False,hands_on_wheel/both_hands,both_hands
3877,gaze_zone/not_valid,not_valid,False,hands_on_wheel/both_hands,both_hands
3878,gaze_zone/not_valid,not_valid,False,hands_on_wheel/both_hands,both_hands
3879,gaze_zone/not_valid,not_valid,False,hands_on_wheel/both_hands,both_hands
3880,gaze_zone/not_valid,not_valid,False,hands_on_wheel/both_hands,both_hands
3881,gaze_zone/not_valid,not_valid,False,hands_on_wheel/both_hands,both_hands
3882,gaze_zone/not_valid,not_valid,False,hands_on_wheel/both_hands,both_hands
3883,gaze_zone/not_valid,not_valid,False,hands_on_wheel/both_hands,both_hands
3884,gaze_zone/not_valid,not_valid,True,hands_on_wheel/both_hands,both_hands
3885,gaze_zone/not_valid,not_valid,True,hands_on_wheel/both_hands,both_hands
3886,gaze_zone/not_valid,not_valid,True,hands_on_wheel/both_hands,both_hands
3887,gaze_zone/not_valid,not_valid,True,hands_on_wheel/both_hands,both_hands
3888,gaze_zone/not_valid,not_valid,True,hands_on_wheel/both_hands,both_hands
3889,gaze_zone/not_valid,not_valid,True,hands_on_wheel/both_hands,both_hands
3890,gaze_zone/not_valid,not_valid,True,hands_on_wheel/both_hands,both_hands
3891,gaze_zone/not_valid,not_valid,True,hands_on_wheel/both_hands,both_hands
3892,gaze_zone/not_valid,not_valid,True,hands_on_wheel/both_hands,both_hands
3893,gaze_zone/not_valid,not_valid,True,hands_on_wheel/both_hands,both_hands
3894,gaze_zone/not_valid,not_valid,True,hands_on_wheel/both_hands,both_hands
3895,gaze_zone/not_valid,not_valid,False,hands_on_wheel/both_hands,both_hands
3896,gaze_zone/not_valid,not_valid,False,hands_on_wheel/both_hands,both_hands
3897,gaze_zone/not_valid,not_valid,False,hands_on_wheel/both_hands,both_hands
3898,gaze_zone/not_valid,not_valid,False,hands_on_wheel/both_hands,both_hands
3899,gaze_zone/not_valid,not_valid,False,hands_on_wheel/both_hands,both_hands
3900,gaze_zone/not_valid,not_valid,False,hands_on_wheel/both_hands,both_hands
3901,gaze_zone/not_valid,not_valid,False,hands_on_wheel/both_hands,both_hands
3902,gaze_zone/not_valid,not_valid,False,hands_on_wheel/both_hands,both_hands
3903,gaze_zone/not_valid,not_valid,False,hands_on_wheel/both_hands,both_hands
3904,gaze_zone/not_valid,not_valid,False,hands_on_wheel/both_hands,both_hands
3905,gaze_zone/not_valid,not_valid,False,hands_on_wheel/both_hands,both_hands
3906,gaze_zone/not_valid,not_valid,False,hands_on_wheel/both_hands,both_hands
3907,gaze_zone/not_valid,not_valid,False,hands_on_wheel/both_hands,both_hands
3908,gaze_zone/not_valid,not_valid,False,hands_on_wheel/both_hands,both_hands
3909,gaze_zone/not_valid,not_valid,False,hands_on_wheel/both_hands,both_hands
3910,gaze_zone/not_valid,not_valid,False,hands_on_wheel/both_hands,both_hands
3911,gaze_zone/not_valid,not_valid,False,hands_on_wheel/both_hands,both_hands
3912,gaze_zone/not_valid,not_valid,False,hands_on_wheel/both_hands,both_hands
3913,gaze_zone/not_valid,not_valid,False,hands_on_wheel/both_hands,both_hands
3914,gaze_zone/not_valid,not_valid,False,hands_on_wheel/both_hands,both_hands
3915,gaze_zone/not_valid,not_valid,False,hands_on_wheel/both_hands,both_hands
3916,gaze_zone/not_valid,not_valid,False,hands_on_wheel/both_hands,both_hands
3917,gaze_zone/not_valid,not_valid,False,hands_on_wheel/both_hands,both_hands
3918,gaze_zone/not_valid,not_valid,False,hands_on_wheel/both_hands,both_hands
3919,gaze_zone/not_valid,not_valid,False,hands_on_wheel/both_hands,both_hands
3920,gaze_zone/not_valid,not_valid,True,hands_on_wheel/both_hands,both_hands
3921,gaze_zone/not_valid,not_valid,True,hands_on_wheel/both_hands,both_hands
3922,gaze_zone/not_valid,not_valid,True,hands_on_wheel/both_hands,both_hands
3923,gaze_zone/not_valid,not_valid,True,hands_on_wheel/both_hands,both_hands
3924,gaze_zone/not_valid,not_valid,True,hands_on_wheel/both_hands,both_hands
3925,gaze_zone/not_valid,not_valid,True,hands_on_wheel/both_hands,both_hands
3926,gaze_zone/not_valid,not_valid,True,hands_on_wheel/both_hands,both_hands
3927,gaze_zone/not_valid,not_valid,True,hands_on_wheel/both_hands,both_hands
3928,gaze_zone/not_valid,not_valid,True,hands_on_wheel/both_hands,both_hands
3929,gaze_zone/not_valid,not_valid,True,hands_on_wheel/both_hands,both_hands
3930,gaze_zone/not_valid,not_valid,True,hands_on_wheel/both_hands,both_hands
3931,gaze_zone/not_valid,not_valid,True,hands_on_wheel/both_hands,both_hands
3932,gaze_zone/not_valid,not_valid,True,hands_on_wheel/both_hands,both_hands
3933,gaze_zone/not_valid,not_valid,False,hands_on_wheel/both_hands,both_hands
3934,gaze_zone/not_valid,not_valid,False,hands_on_wheel/both_hands,both_hands
3935,gaze_zone/not_valid,not_valid,False,hands_on_wheel/both_hands,both_hands
3936,gaze_zone/not_valid,not_valid,False,hands_on_wheel/both_hands,both_hands
3937,gaze_zone/not_valid,not_valid,False,hands_on_wheel/both_hands,both_hands
3938,gaze_zone/not_valid,not_valid,False,hands_on_wheel/both_hands,both_hands
3939,gaze_zone/not_valid,not_valid,False,hands_on_wheel/both_hands,both_hands
3940,gaze_zone/not_valid,not_valid,False,hands_on_wheel/both_hands,both_hands
3941,gaze_zone/not_valid,not_valid,False,hands_on_wheel/both_hands,both_hands
3942,gaze_zone/not_valid,not_valid,False,hands_on_wheel/both_hands,both_hands
3943,gaze_zone/not_valid,not_valid,False,hands_on_wheel/both_hands,both_hands
3944,gaze_zone/not_valid,not_valid,False,hands_on_wheel/both_hands,both_hands
3945,gaze_zone/not_valid,not_valid,False,hands_on_wheel/both_hands,both_hands
3946,gaze_zone/not_valid,not_valid,False,hands_on_wheel/both_hands,both_hands
3947,gaze_zone/not_valid,not_valid,False,hands_on_wheel/both_hands,both_hands
3948,gaze_zone/not_valid,not_valid,False,hands_on_wheel/both_hands,both_hands
3949,gaze_zone/not_valid,not_valid,True,hands_on_wheel/both_hands,both_hands
3950,gaze_zone/not_valid,not_valid,True,hands_on_wheel/both_hands,both_hands
3951,gaze_zone/not_valid,not_valid,True,hands_on_wheel/both_hands,both_hands
3952,gaze_zone/not_valid,not_valid,True,hands_on_wheel/both_hands,both_hands
3953,gaze_zone/not_valid,not_valid,True,hands_on_wheel/both_hands,both_hands
3954,gaze_zone/not_valid,not_valid,True,hands_on_wheel/both_hands,both_hands
3955,gaze_zone/not_valid,not_valid,True,hands_on_wheel/both_hands,both_hands
3956,gaze_zone/not_valid,not_valid,True,hands_on_wheel/both_hands,both_hands
3957,gaze_zone/not_valid,not_valid,True,hands_on_wheel/both_hands,both_hands
3958,gaze_zone/not_valid,not_valid,True,hands_on_wheel/both_hands,both_hands
3959,gaze_zone/not_valid,not_valid,True,hands_on_wheel/both_hands,both_hands
3960,gaze_zone/not_valid,not_valid,True,hands_on_wheel/both_hands,both_hands
3961,gaze_zone/not_valid,not_valid,True,hands_on_wheel/both_hands,both_hands
3962,gaze_zone/not_valid,not_valid,True,hands_on_wheel/both_hands,both_hands
3963,gaze_zone/not_valid,not_valid,True,hands_on_wheel/both_hands,both_hands
3964,gaze_zone/not_valid,not_valid,True,hands_on_wheel/both_hands,both_hands
3965,gaze_zone/not_valid,not_valid,True,hands_on_wheel/both_hands,both_hands
3966,gaze_zone/not_valid,not_valid,True,hands_on_wheel/both_hands,both_hands
3967,gaze_zone/not_valid,not_valid,True,hands_on_wheel/both_hands,both_hands
3968,gaze_zone/not_valid,not_valid,True,hands_on_wheel/both_hands,both_hands
3969,gaze_zone/not_valid,not_valid,True,hands_on_wheel/both_hands,both_hands
3970,gaze_zone/not_valid,not_valid,True,hands_on_wheel/both_hands,both_hands
3971,gaze_zone/not_valid,not_valid,False,hands_on_wheel/both_hands,both_hands
3972,gaze_zone/not_valid,not_valid,False,hands_on_wheel/both_hands,both_hands
3973,gaze_zone/not_valid,not_valid,False,hands_on_wheel/both_hands,both_hands
3974,gaze_zone/not_valid,not_valid,False,hands_on_wheel/both_hands,both_hands
3975,gaze_zone/not_valid,not_valid,False,hands_on_wheel/both_hands,both_hands
3976,gaze_zone/not_valid,not_valid,False,hands_on_wheel/both_hands,both_hands
3977,gaze_zone/not_valid,not_valid,False,hands_on_wheel/both_hands,both_hands
3978,gaze_zone/not_valid,not_valid,False,hands_on_wheel/both_hands,both_hands
3979,gaze_zone/not_valid,not_valid,False,hands_on_wheel/both_hands,both_hands
3980,gaze_zone/not_valid,not_valid,False,hands_on_wheel/both_hands,both_hands
3981,gaze_zone/not_valid,not_valid,False,hands_on_wheel/both_hands,both_hands
3982,gaze_zone/not_valid,not_valid,True,hands_on_wheel/both_hands,both_hands
3983,gaze_zone/not_valid,not_valid,True,hands_on_wheel/both_hands,both_hands
3984,gaze_zone/not_valid,not_valid,True,hands_on_wheel/both_hands,both_hands
3985,gaze_zone/not_valid,not_valid,True,hands_on_wheel/both_hands,both_hands
3986,gaze_zone/not_valid,not_valid,True,hands_on_wheel/both_hands,both_hands
3987,gaze_zone/not_valid,not_valid,True,hands_on_wheel/both_hands,both_hands
3988,gaze_zone/not_valid,not_valid,True,hands_on_wheel/both_hands,both_hands
3989,gaze_zone/not_valid,not_valid,True,hands_on_wheel/both_hands,both_hands
3990,gaze_zone/not_valid,not_valid,True,hands_on_wheel/both_hands,both_hands
3991,gaze_zone/not_valid,not_valid,True,hands_on_wheel/both_hands,both_hands
3992,gaze_zone/not_valid,not_valid,True,hands_on_wheel/both_hands,both_hands
3993,gaze_zone/not_valid,not_valid,True,hands_on_wheel/both_hands,both_hands
3994,gaze_zone/not_valid,not_valid,True,hands_on_wheel/both_hands,both_hands
3995,gaze_zone/not_valid,not_valid,True,hands_on_wheel/both_hands,both_hands
3996,gaze_zone/not_valid,not_valid,True,hands_on_wheel/both_hands,both_hands
3997,gaze_zone/not_valid,not_valid,True,hands_on_wheel/both_hands,both_hands
3998,gaze_zone/not_valid,not_valid,False,hands_on_wheel/both_hands,both_hands
3999,gaze_zone/not_valid,not_valid,False,hands_on_wheel/both_hands,both_hands
4000,gaze_zone/not_valid,not_valid,False,hands_on_wheel/both_hands,both_hands
4001,gaze_zone/not_valid,not_valid,False,hands_on_wheel/both_hands,both_hands
4002,gaze_zone/not_valid,not_valid,False,hands_on_wheel/both_hands,both_hands
4003,gaze_zone/not_valid,not_valid,False,hands_on_wheel/both_hands,both_hands
4004,gaze_zone/not_valid,not_valid,False,hands_on_wheel/both_hands,both_hands
4005,gaze_zone/not_valid,not_valid,False,hands_on_wheel/both_hands,both_hands
4006,gaze_zone/not_valid,not_valid,False,hands_on_wheel/both_hands,both_hands
4007,gaze_zone/not_valid,not_valid,False,hands_on_wheel/both_hands,both_hands
4008,gaze_zone/not_valid,not_valid,False,hands_on_wheel/both_hands,both_hands
4009,gaze_zone/not_valid,not_valid,False,hands_on_wheel/both_hands,both_hands
4010,gaze_zone/not_valid,not_valid,False,hands_on_wheel/both_hands,both_hands
4011,gaze_zone/not_valid,not_valid,False,hands_on_wheel/both_hands,both_hands
4012,gaze_zone/not_valid,not_valid,False,hands_on_wheel/both_hands,both_hands
4013,gaze_zone/not_valid,not_valid,False,hands_on_wheel/both_hands,both_hands
4014,gaze_zone/not_valid,not_valid,False,hands_on_wheel/only_right,only_right
4015,gaze_zone/not_valid,not_valid,False,hands_on_wheel/only_right,only_right
4016,gaze_zone/not_valid,not_valid,False,hands_on_wheel/only_right,only_right
4017,gaze_zone/not_valid,not_valid,False,hands_on_wheel/only_right,only_right
4018,gaze_zone/not_valid,not_valid,True,hands_on_wheel/only_right,only_right
4019,gaze_zone/not_valid,not_valid,True,hands_on_wheel/only_right,only_right
4020,gaze_zone/not_valid,not_valid,True,hands_on_wheel/only_right,only_right
4021,gaze_zone/not_valid,not_valid,True,hands_on_wheel/only_right,only_right
4022,gaze_zone/not_valid,not_valid,True,hands_on_wheel/only_right,only_right
4023,gaze_zone/not_valid,not_valid,True,hands_on_wheel/only_right,only_right
4024,gaze_zone/not_valid,not_valid,True,hands_on_wheel/only_right,only_right
4025,gaze_zone/not_valid,not_valid,True,hands_on_wheel/only_right,only_right
4026,gaze_zone/not_valid,not_valid,True,hands_on_wheel/only_right,only_right
4027,gaze_zone/not_valid,not_valid,True,hands_on_wheel/only_right,only_right
4028,gaze_zone/not_valid,not_valid,True,hands_on_wheel/only_right,only_right
4029,gaze_zone/not_valid,not_valid,True,hands_on_wheel/only_right,only_right
4030,gaze_zone/not_valid,not_valid,True,hands_on_wheel/only_right,only_right
4031,gaze_zone/not_valid,not_valid,True,hands_on_wheel/only_right,only_right
4032,gaze_zone/not_valid,not_valid,True,hands_on_wheel/only_right,only_right
4033,gaze_zone/not_valid,not_valid,True,hands_on_wheel/only_right,only_right
4034,gaze_zone/not_valid,not_valid,True,hands_on_wheel/only_right,only_right
4035,gaze_zone/not_valid,not_valid,True,hands_on_wheel/only_right,only_right
4036,gaze_zone/not_valid,not_valid,True,hands_on_wheel/only_right,only_right
4037,gaze_zone/not_valid,not_valid,True,hands_on_wheel/only_right,only_right
4038,gaze_zone/not_valid,not_valid,True,hands_on_wheel/only_right,only_right
4039,gaze_zone/not_valid,not_valid,True,hands_on_wheel/only_right,only_right
4040,gaze_zone/not_valid,not_valid,False,hands_on_wheel/only_right,only_right
4041,gaze_zone/not_valid,not_valid,False,hands_on_wheel/only_right,only_right
4042,gaze_zone/not_valid,not_valid,False,hands_on_wheel/only_right,only_right
4043,gaze_zone/not_valid,not_valid,False,hands_on_wheel/only_right,only_right
4044,gaze_zone/not_valid,not_valid,False,hands_on_wheel/only_right,only_right
4045,gaze_zone/not_valid,not_valid,False,hands_on_wheel/only_right,only_right
4046,gaze_zone/not_valid,not_valid,False,hands_on_wheel/only_right,only_right
4047,gaze_zone/not_valid,not_valid,False,hands_on_wheel/only_right,only_right
4048,gaze_zone/not_valid,not_valid,False,hands_on_wheel/only_right,only_right
4049,gaze_zone/not_valid,not_valid,False,hands_on_wheel/only_right,only_right
4050,gaze_zone/not_valid,not_valid,False,hands_on_wheel/only_right,only_right
4051,gaze_zone/not_valid,not_valid,False,hands_on_wheel/only_right,only_right
4052,gaze_zone/not_valid,not_valid,False,hands_on_wheel/only_right,only_right
4053,gaze_zone/not_valid,not_valid,False,hands_on_wheel/only_right,only_right
4054,gaze_zone/not_valid,not_valid,False,hands_on_wheel/only_right,only_right
4055,gaze_zone/not_valid,not_valid,False,hands_on_wheel/only_right,only_right
4056,gaze_zone/not_valid,not_valid,False,hands_on_wheel/only_right,only_right
4057,gaze_zone/not_valid,not_valid,False,hands_on_wheel/only_right,only_right
4058,gaze_zone/not_valid,not_valid,False,hands_on_wheel/only_right,only_right
4059,gaze_zone/not_valid,not_valid,False,hands_on_wheel/only_right,only_right
4060,gaze_zone/not_valid,not_valid,False,hands_on_wheel/only_right,only_right
4061,gaze_zone/not_valid,not_valid,False,hands_on_wheel/only_right,only_right
4062,gaze_zone/not_valid,not_valid,False,hands_on_wheel/only_right,only_right
4063,gaze_zone/not_valid,not_valid,True,hands_on_wheel/only_right,only_right
4064,gaze_zone/not_valid,not_valid,True,hands_on_wheel/only_right,only_right
4065,gaze_zone/not_valid,not_valid,True,hands_on_wheel/only_right,only_right
4066,gaze_zone/not_valid,not_valid,True,hands_on_wheel/only_right,only_right
4067,gaze_zone/not_valid,not_valid,True,hands_on_wheel/only_right,only_right
4068,gaze_zone/not_valid,not_valid,True,hands_on_wheel/only_right,only_right
4069,gaze_zone/not_valid,not_valid,True,hands_on_wheel/only_right,only_right
4070,gaze_zone/not_valid,not_valid,True,hands_on_wheel/only_right,only_right
4071,gaze_zone/not_valid,not_valid,True,hands_on_wheel/only_right,only_right
4072,gaze_zone/not_valid,not_valid,True,hands_on_wheel/only_right,only_right
4073,gaze_zone/not_valid,not_valid,True,hands_on_wheel/only_right,only_right
4074,gaze_zone/not_valid,not_valid,True,hands_on_wheel/only_right,only_right
4075,gaze_zone/not_valid,not_valid,False,hands_on_wheel/only_right,only_right
4076,gaze_zone/not_valid,not_valid,False,hands_on_wheel/only_right,only_right
4077,gaze_zone/not_valid,not_valid,False,hands_on_wheel/only_right,only_right
4078,gaze_zone/not_valid,not_valid,False,hands_on_wheel/only_right,only_right
4079,gaze_zone/not_valid,not_valid,False,hands_on_wheel/only_right,only_right
4080,gaze_zone/not_valid,not_valid,False,hands_on_wheel/only_right,only_right
4081,gaze_zone/not_valid,not_valid,False,hands_on_wheel/only_right,only_right
4082,gaze_zone/not_valid,not_valid,False,hands_on_wheel/only_right,only_right
4083,gaze_zone/not_valid,not_valid,False,hands_on_wheel/only_right,only_right
4084,gaze_zone/not_valid,not_valid,False,hands_on_wheel/only_right,only_right
4085,gaze_zone/not_valid,not_valid,False,hands_on_wheel/only_right,only_right
4086,gaze_zone/not_valid,not_valid,False,hands_on_wheel/only_right,only_right
4087,gaze_zone/not_valid,not_valid,True,hands_on_wheel/only_right,only_right
4088,gaze_zone/not_valid,not_valid,True,hands_on_wheel/only_right,only_right
4089,gaze_zone/not_valid,not_valid,True,hands_on_wheel/only_right,only_right
4090,gaze_zone/not_valid,not_valid,True,hands_on_wheel/only_right,only_right
4091,gaze_zone/not_valid,not_valid,True,hands_on_wheel/only_right,only_right
4092,gaze_zone/not_valid,not_valid,True,hands_on_wheel/only_right,only_right
4093,gaze_zone/not_valid,not_valid,True,hands_on_wheel/only_right,only_right
4094,gaze_zone/not_valid,not_valid,True,hands_on_wheel/only_right,only_right
4095,gaze_zone/not_valid,not_valid,True,hands_on_wheel/only_right,only_right
4096,gaze_zone/not_valid,not_valid,True,hands_on_wheel/only_right,only_right
4097,gaze_zone/not_valid,not_valid,True,hands_on_wheel/only_right,only_right
4098,gaze_zone/not_valid,not_valid,True,hands_on_wheel/only_right,only_right
4099,gaze_zone/not_valid,not_valid,True,hands_on_wheel/only_right,only_right
4100,gaze_zone/not_valid,not_valid,True,hands_on_wheel/only_right,only_right
4101,gaze_zone/not_valid,not_valid,True,hands_on_wheel/only_right,only_right
4102,gaze_zone/not_valid,not_valid,True,hands_on_wheel/only_right,only_right
4103,gaze_zone/not_valid,not_valid,True,hands_on_wheel/only_right,only_right
4104,gaze_zone/not_valid,not_valid,True,hands_on_wheel/only_right,only_right
4105,gaze_zone/not_valid,not_valid,True,hands_on_wheel/only_right,only_right
4106,gaze_zone/not_valid,not_valid,True,hands_on_wheel/only_right,only_right
4107,gaze_zone/not_valid,not_valid,True,hands_on_wheel/only_right,only_right
4108,gaze_zone/not_valid,not_valid,True,hands_on_wheel/only_right,only_right
4109,gaze_zone/not_valid,not_valid,True,hands_on_wheel/only_right,only_right
4110,gaze_zone/not_valid,not_valid,True,hands_on_wheel/only_right,only_right
4111,gaze_zone/not_valid,not_valid,True,hands_on_wheel/only_right,only_right
4112,gaze_zone/not_valid,not_valid,True,hands_on_wheel/only_right,only_right
4113,gaze_zone/not_valid,not_valid,True,hands_on_wheel/only_right,only_right
4114,gaze_zone/not_valid,not_valid,True,hands_on_wheel/only_right,only_right
4115,gaze_zone/not_valid,not_valid,True,hands_on_wheel/only_right,only_right
4116,gaze_zone/not_valid,not_valid,True,hands_on_wheel/only_right,only_right
4117,gaze_zone/not_valid,not_valid,True,hands_on_wheel/only_right,only_right
4118,gaze_zone/not_valid,not_valid,True,hands_on_wheel/only_right,only_right
4119,gaze_zone/not_valid,not_valid,True,hands_on_wheel/only_right,only_right
4120,gaze_zone/not_valid,not_valid,True,hands_on_wheel/only_right,only_right
4121,gaze_zone/not_valid,not_valid,True,hands_on_wheel/only_right,only_right
4122,gaze_zone/not_valid,not_valid,True,hands_on_wheel/only_right,only_right
4123,gaze_zone/not_valid,not_valid,True,hands_on_wheel/only_right,only_right
4124,gaze_zone/not_valid,not_valid,True,hands_on_wheel/only_right,only_right
4125,gaze_zone/not_valid,not_valid,True,hands_on_wheel/only_right,only_right
4126,gaze_zone/not_valid,not_valid,True,hands_on_wheel/only_right,only_right
4127,gaze_zone/not_valid,not_valid,True,hands_on_wheel/only_right,only_right
4128,gaze_zone/not_valid,not_valid,False,hands_on_wheel/only_right,only_right
4129,gaze_zone/not_valid,not_valid,False,hands_on_wheel/only_right,only_right
4130,gaze_zone/not_valid,not_valid,False,hands_on_wheel/only_right,only_right
4131,gaze_zone/not_valid,not_valid,False,hands_on_wheel/only_right,only_right
4132,gaze_zone/not_valid,not_valid,False,hands_on_wheel/only_right,only_right
4133,gaze_zone/not_valid,not_valid,False,hands_on_wheel/only_right,only_right
4134,gaze_zone/not_valid,not_valid,False,hands_on_wheel/only_right,only_right
4135,gaze_zone/not_valid,not_valid,False,hands_on_wheel/only_right,only_right
4136,gaze_zone/not_valid,not_valid,False,hands_on_wheel/only_right,only_right
4137,gaze_zone/not_valid,not_valid,False,hands_on_wheel/only_right,only_right
4138,gaze_zone/not_valid,not_valid,False,hands_on_wheel/only_right,only_right
4139,gaze_zone/not_valid,not_valid,True,hands_on_wheel/only_right,only_right
4140,gaze_zone/not_valid,not_valid,True,hands_on_wheel/only_right,only_right
4141,gaze_zone/not_valid,not_valid,True,hands_on_wheel/only_right,only_right
4142,gaze_zone/not_valid,not_valid,True,hands_on_wheel/only_right,only_right
4143,gaze_zone/not_valid,not_valid,True,hands_on_wheel/only_right,only_right
4144,gaze_zone/not_valid,not_valid,True,hands_on_wheel/only_right,only_right
4145,gaze_zone/not_valid,not_valid,True,hands_on_wheel/only_right,only_right
4146,gaze_zone/not_valid,not_valid,True,hands_on_wheel/only_right,only_right
4147,gaze_zone/not_valid,not_valid,True,hands_on_wheel/only_right,only_right
4148,gaze_zone/not_valid,not_valid,True,hands_on_wheel/only_right,only_right
4149,gaze_zone/not_valid,not_valid,True,hands_on_wheel/only_right,only_right
4150,gaze_zone/not_valid,not_valid,True,hands_on_wheel/only_right,only_right
4151,gaze_zone/not_valid,not_valid,False,hands_on_wheel/only_right,only_right
4152,gaze_zone/not_valid,not_valid,False,hands_on_wheel/only_right,only_right
4153,gaze_zone/not_valid,not_valid,False,hands_on_wheel/only_right,only_right
4154,gaze_zone/not_valid,not_valid,False,hands_on_wheel/only_right,only_right
4155,gaze_zone/not_valid,not_valid,False,hands_on_wheel/only_right,only_right
4156,gaze_zone/not_valid,not_valid,False,hands_on_wheel/only_right,only_right
4157,gaze_zone/not_valid,not_valid,False,hands_on_wheel/only_right,only_right
4158,gaze_zone/not_valid,not_valid,False,hands_on_wheel/only_right,only_right
4159,gaze_zone/not_valid,not_valid,False,hands_on_wheel/only_right,only_right
4160,gaze_zone/not_valid,not_valid,False,hands_on_wheel/only_right,only_right
4161,gaze_zone/not_valid,not_valid,False,hands_on_wheel/only_right,only_right
4162,gaze_zone/not_valid,not_valid,False,hands_on_wheel/only_right,only_right
4163,gaze_zone/not_valid,not_valid,False,hands_on_wheel/only_right,only_right
4164,gaze_zone/not_valid,not_valid,False,hands_on_wheel/only_right,only_right
4165,gaze_zone/not_valid,not_valid,False,hands_on_wheel/only_right,only_right
4166,gaze_zone/not_valid,not_valid,False,hands_on_wheel/only_right,only_right
4167,gaze_zone/not_valid,not_valid,False,hands_on_wheel/only_right,only_right
4168,gaze_zone/not_valid,not_valid,False,hands_on_wheel/only_right,only_right
4169,gaze_zone/not_valid,not_valid,False,hands_on_wheel/only_right,only_right
4170,gaze_zone/not_valid,not_valid,False,hands_on_wheel/only_right,only_right
4171,gaze_zone/not_valid,not_valid,False,hands_on_wheel/only_right,only_right
4172,gaze_zone/not_valid,not_valid,False,hands_on_wheel/only_right,only_right
4173,gaze_zone/not_valid,not_valid,False,hands_on_wheel/only_right,only_right
4174,gaze_zone/not_valid,not_valid,False,hands_on_wheel/only_right,only_right
4175,gaze_zone/not_valid,not_valid,False,hands_on_wheel/both_hands,both_hands
4176,gaze_zone/not_valid,not_valid,False,hands_on_wheel/both_hands,both_hands
4177,gaze_zone/not_valid,not_valid,False,hands_on_wheel/both_hands,both_hands
4178,gaze_zone/not_valid,not_valid,False,hands_on_wheel/both_hands,both_hands
4179,gaze_zone/not_valid,not_valid,False,hands_on_wheel/both_hands,both_hands
4180,gaze_zone/not_valid,not_valid,False,hands_on_wheel/both_hands,both_hands
4181,gaze_zone/not_valid,not_valid,False,hands_on_wheel/both_hands,both_hands
4182,gaze_zone/not_valid,not_valid,False,hands_on_wheel/both_hands,both_hands
4183,gaze_zone/not_valid,not_valid,False,hands_on_wheel/both_hands,both_hands
4184,gaze_zone/not_valid,not_valid,False,hands_on_wheel/both_hands,both_hands
4185,gaze_zone/not_valid,not_valid,False,hands_on_wheel/both_hands,both_hands
4186,gaze_zone/not_valid,not_valid,False,hands_on_wheel/both_hands,both_hands
4187,gaze_zone/not_valid,not_valid,False,hands_on_wheel/both_hands,both_hands
4188,gaze_zone/not_valid,not_valid,False,hands_on_wheel/both_hands,both_hands
4189,gaze_zone/not_valid,not_valid,False,hands_on_wheel/both_hands,both_hands
4190,gaze_zone/not_valid,not_valid,True,hands_on_wheel/only_left,only_left
4191,gaze_zone/not_valid,not_valid,True,hands_on_wheel/only_left,only_left
4192,gaze_zone/not_valid,not_valid,True,hands_on_wheel/only_left,only_left
4193,gaze_zone/not_valid,not_valid,True,hands_on_wheel/only_left,only_left
4194,gaze_zone/not_valid,not_valid,True,hands_on_wheel/only_left,only_left
4195,gaze_zone/not_valid,not_valid,True,hands_on_wheel/only_left,only_left
4196,gaze_zone/not_valid,not_valid,True,hands_on_wheel/only_left,only_left
4197,gaze_zone/not_valid,not_valid,True,hands_on_wheel/only_left,only_left
4198,gaze_zone/not_valid,not_valid,True,hands_on_wheel/only_left,only_left
4199,gaze_zone/not_valid,not_valid,True,hands_on_wheel/only_left,only_left
4200,gaze_zone/not_valid,not_valid,True,hands_on_wheel/only_left,only_left
4201,gaze_zone/not_valid,not_valid,True,hands_on_wheel/only_left,only_left
4202,gaze_zone/not_valid,not_valid,True,hands_on_wheel/only_left,only_left
4203,gaze_zone/not_valid,not_valid,False,hands_on_wheel/only_left,only_left
4204,gaze_zone/not_valid,not_valid,False,hands_on_wheel/only_left,only_left
4205,gaze_zone/not_valid,not_valid,False,hands_on_wheel/only_left,only_left
4206,gaze_zone/not_valid,not_valid,False,hands_on_wheel/only_left,only_left
4207,gaze_zone/not_valid,not_valid,False,hands_on_wheel/only_left,only_left
4208,gaze_zone/not_valid,not_valid,False,hands_on_wheel/only_left,only_left
4209,gaze_zone/not_valid,not_valid,False,hands_on_wheel/only_left,only_left
4210,gaze_zone/not_valid,not_valid,True,hands_on_wheel/only_left,only_left
4211,gaze_zone/not_valid,not_valid,True,hands_on_wheel/only_left,only_left
4212,gaze_zone/not_valid,not_valid,True,hands_on_wheel/only_left,only_left
4213,gaze_zone/not_valid,not_valid,True,hands_on_wheel/only_left,only_left
4214,gaze_zone/not_valid,not_valid,True,hands_on_wheel/only_left,only_left
4215,gaze_zone/not_valid,not_valid,True,hands_on_wheel/only_left,only_left
4216,gaze_zone/not_valid,not_valid,True,hands_on_wheel/only_left,only_left
4217,gaze_zone/not_valid,not_valid,True,hands_on_wheel/only_left,only_left
4218,gaze_zone/not_valid,not_valid,True,hands_on_wheel/only_left,only_left
4219,gaze_zone/not_valid,not_valid,True,hands_on_wheel/only_left,only_left
4220,gaze_zone/not_valid,not_valid,True,hands_on_wheel/only_left,only_left
4221,gaze_zone/not_valid,not_valid,True,hands_on_wheel/only_left,only_left
4222,gaze_zone/not_valid,not_valid,True,hands_on_wheel/only_left,only_left
4223,gaze_zone/not_valid,not_valid,True,hands_on_wheel/only_left,only_left
4224,gaze_zone/not_valid,not_valid,True,hands_on_wheel/only_left,only_left
4225,gaze_zone/not_valid,not_valid,True,hands_on_wheel/only_left,only_left
4226,gaze_zone/not_valid,not_valid,True,hands_on_wheel/only_left,only_left
4227,gaze_zone/not_valid,not_valid,True,hands_on_wheel/only_left,only_left
4228,gaze_zone/not_valid,not_valid,False,hands_on_wheel/only_left,only_left
4229,gaze_zone/not_valid,not_valid,False,hands_on_wheel/only_left,only_left
4230,gaze_zone/not_valid,not_valid,False,hands_on_wheel/only_left,only_left
4231,gaze_zone/not_valid,not_valid,False,hands_on_wheel/only_left,only_left
4232,gaze_zone/not_valid,not_valid,False,hands_on_wheel/only_left,only_left
4233,gaze_zone/not_valid,not_valid,False,hands_on_wheel/only_left,only_left
4234,gaze_zone/not_valid,not_valid,False,hands_on_wheel/only_left,only_left
4235,gaze_zone/not_valid,not_valid,False,hands_on_wheel/only_left,only_left
4236,gaze_zone/not_valid,not_valid,False,hands_on_wheel/only_left,only_left
4237,gaze_zone/not_valid,not_valid,False,hands_on_wheel/only_left,only_left
4238,gaze_zone/not_valid,not_valid,False,hands_on_wheel/only_left,only_left
4239,gaze_zone/not_valid,not_valid,False,hands_on_wheel/only_left,only_left
4240,gaze_zone/not_valid,not_valid,False,hands_on_wheel/only_left,only_left
4241,gaze_zone/not_valid,not_valid,False,hands_on_wheel/only_left,only_left
4242,gaze_zone/not_valid,not_valid,False,hands_on_wheel/only_left,only_left
4243,gaze_zone/not_valid,not_valid,True,hands_on_wheel/only_left,only_left
4244,gaze_zone/not_valid,not_valid,True,hands_on_wheel/only_left,only_left
4245,gaze_zone/not_valid,not_valid,True,hands_on_wheel/only_left,only_left
4246,gaze_zone/not_valid,not_valid,True,hands_on_wheel/only_left,only_left
4247,gaze_zone/not_valid,not_valid,True,hands_on_wheel/only_left,only_left
4248,gaze_zone/not_valid,not_valid,True,hands_on_wheel/only_left,only_left
4249,gaze_zone/not_valid,not_valid,True,hands_on_wheel/only_left,only_left
4250,gaze_zone/not_valid,not_valid,True,hands_on_wheel/only_left,only_left
4251,gaze_zone/not_valid,not_valid,True,hands_on_wheel/only_left,only_left
4252,gaze_zone/not_valid,not_valid,True,hands_on_wheel/only_left,only_left
4253,gaze_zone/not_valid,not_valid,True,hands_on_wheel/only_left,only_left
4254,gaze_zone/not_valid,not_valid,True,hands_on_wheel/only_left,only_left
4255,gaze_zone/not_valid,not_valid,True,hands_on_wheel/only_left,only_left
4256,gaze_zone/not_valid,not_valid,True,hands_on_wheel/only_left,only_left
4257,gaze_zone/not_valid,not_valid,True,hands_on_wheel/only_left,only_left
4258,gaze_zone/not_valid,not_valid,True,hands_on_wheel/only_left,only_left
4259,gaze_zone/not_valid,not_valid,True,hands_on_wheel/only_left,only_left
4260,gaze_zone/not_valid,not_valid,True,hands_on_wheel/only_left,only_left
4261,gaze_zone/not_valid,not_valid,True,hands_on_wheel/only_left,only_left
4262,gaze_zone/not_valid,not_valid,True,hands_on_wheel/only_left,only_left
4263,gaze_zone/not_valid,not_valid,True,hands_on_wheel/only_left,only_left
4264,gaze_zone/not_valid,not_valid,True,hands_on_wheel/only_left,only_left
4265,gaze_zone/not_valid,not_valid,True,hands_on_wheel/only_left,only_left
4266,gaze_zone/not_valid,not_valid,True,hands_on_wheel/only_left,only_left
4267,gaze_zone/not_valid,not_valid,True,hands_on_wheel/only_left,only_left
4268,gaze_zone/not_valid,not_valid,True,hands_on_wheel/only_left,only_left
4269,gaze_zone/not_valid,not_valid,True,hands_on_wheel/only_left,only_left
4270,gaze_zone/not_valid,not_valid,True,hands_on_wheel/only_left,only_left
4271,gaze_zone/not_valid,not_valid,True,hands_on_wheel/only_left,only_left
4272,gaze_zone/not_valid,not_valid,True,hands_on_wheel/only_left,only_left
4273,gaze_zone/not_valid,not_valid,True,hands_on_wheel/only_left,only_left
4274,gaze_zone/not_valid,not_valid,False,hands_on_wheel/only_left,only_left
4275,gaze_zone/not_valid,not_valid,False,hands_on_wheel/only_left,only_left
4276,gaze_zone/not_valid,not_valid,False,hands_on_wheel/only_left,only_left
4277,gaze_zone/not_valid,not_valid,False,hands_on_wheel/only_left,only_left
4278,gaze_zone/not_valid,not_valid,False,hands_on_wheel/only_left,only_left
4279,gaze_zone/not_valid,not_valid,False,hands_on_wheel/only_left,only_left
4280,gaze_zone/not_valid,not_valid,False,hands_on_wheel/only_left,only_left
4281,gaze_zone/not_valid,not_valid,False,hands_on_wheel/only_left,only_left
4282,gaze_zone/not_valid,not_valid,False,hands_on_wheel/only_left,only_left
4283,gaze_zone/not_valid,not_valid,False,hands_on_wheel/only_left,only_left
4284,gaze_zone/not_valid,not_valid,False,hands_on_wheel/only_left,only_left
4285,gaze_zone/not_valid,not_valid,False,hands_on_wheel/only_left,only_left
4286,gaze_zone/not_valid,not_valid,False,hands_on_wheel/only_left,only_left
4287,gaze_zone/not_valid,not_valid,False,hands_on_wheel/only_left,only_left
4288,gaze_zone/not_valid,not_valid,True,hands_on_wheel/only_left,only_left
4289,gaze_zone/not_valid,not_valid,True,hands_on_wheel/only_left,only_left
4290,gaze_zone/not_valid,not_valid,True,hands_on_wheel/only_left,only_left
4291,gaze_zone/not_valid,not_valid,True,hands_on_wheel/only_left,only_left
4292,gaze_zone/not_valid,not_valid,True,hands_on_wheel/only_left,only_left
4293,gaze_zone/not_valid,not_valid,True,hands_on_wheel/only_left,only_left
4294,gaze_zone/not_valid,not_valid,True,hands_on_wheel/only_left,only_left
4295,gaze_zone/not_valid,not_valid,True,hands_on_wheel/only_left,only_left
4296,gaze_zone/not_valid,not_valid,True,hands_on_wheel/only_left,only_left
4297,gaze_zone/not_valid,not_valid,True,hands_on_wheel/only_left,only_left
4298,gaze_zone/not_valid,not_valid,True,hands_on_wheel/only_left,only_left
4299,gaze_zone/not_valid,not_valid,True,hands_on_wheel/only_left,only_left
4300,gaze_zone/not_valid,not_valid,True,hands_on_wheel/only_left,only_left
4301,gaze_zone/not_valid,not_valid,True,hands_on_wheel/only_left,only_left
4302,gaze_zone/not_valid,not_valid,True,hands_on_wheel/only_left,only_left
4303,gaze_zone/not_valid,not_valid,True,hands_on_wheel/only_left,only_left
4304,gaze_zone/not_valid,not_valid,True,hands_on_wheel/only_left,only_left
4305,gaze_zone/not_valid,not_valid,True,hands_on_wheel/only_left,only_left
4306,gaze_zone/not_valid,not_valid,False,hands_on_wheel/only_left,only_left
4307,gaze_zone/not_valid,not_valid,False,hands_on_wheel/only_left,only_left
4308,gaze_zone/not_valid,not_valid,False,hands_on_wheel/only_left,only_left
4309,gaze_zone/not_valid,not_valid,False,hands_on_wheel/only_left,only_left
4310,gaze_zone/not_valid,not_valid,False,hands_on_wheel/only_left,only_left
4311,gaze_zone/not_valid,not_valid,False,hands_on_wheel/only_left,only_left
4312,gaze_zone/not_valid,not_valid,False,hands_on_wheel/only_left,only_left
4313,gaze_zone/not_valid,not_valid,False,hands_on_wheel/only_left,only_left
4314,gaze_zone/not_valid,not_valid,True,hands_on_wheel/only_left,only_left
4315,gaze_zone/not_valid,not_valid,True,hands_on_wheel/only_left,only_left
4316,gaze_zone/not_valid,not_valid,True,hands_on_wheel/only_left,only_left
4317,gaze_zone/not_valid,not_valid,True,hands_on_wheel/only_left,only_left
4318,gaze_zone/not_valid,not_valid,True,hands_on_wheel/only_left,only_left
4319,gaze_zone/not_valid,not_valid,True,hands_on_wheel/only_left,only_left
4320,gaze_zone/not_valid,not_valid,True,hands_on_wheel/only_left,only_left
4321,gaze_zone/not_valid,not_valid,True,hands_on_wheel/only_left,only_left
4322,gaze_zone/not_valid,not_valid,True,hands_on_wheel/only_left,only_left
4323,gaze_zone/not_valid,not_valid,True,hands_on_wheel/only_left,only_left
4324,gaze_zone/not_valid,not_valid,False,hands_on_wheel/only_left,only_left
4325,gaze_zone/not_valid,not_valid,False,hands_on_wheel/only_left,only_left
4326,gaze_zone/not_valid,not_valid,False,hands_on_wheel/only_left,only_left
4327,gaze_zone/not_valid,not_valid,False,hands_on_wheel/only_left,only_left
4328,gaze_zone/not_valid,not_valid,False,hands_on_wheel/only_left,only_left
4329,gaze_zone/not_valid,not_valid,False,hands_on_wheel/only_left,only_left
4330,gaze_zone/not_valid,not_valid,False,hands_on_wheel/only_left,only_left
4331,gaze_zone/not_valid,not_valid,False,hands_on_wheel/only_left,only_left
4332,gaze_zone/not_valid,not_valid,False,hands_on_wheel/only_left,only_left
4333,gaze_zone/not_valid,not_valid,True,hands_on_wheel/only_left,only_left
4334,gaze_zone/not_valid,not_valid,True,hands_on_wheel/only_left,only_left
4335,gaze_zone/not_valid,not_valid,True,hands_on_wheel/only_left,only_left
4336,gaze_zone/not_valid,not_valid,True,hands_on_wheel/only_left,only_left
4337,gaze_zone/not_valid,not_valid,True,hands_on_wheel/only_left,only_left
4338,gaze_zone/not_valid,not_valid,True,hands_on_wheel/only_left,only_left
4339,gaze_zone/not_valid,not_valid,True,hands_on_wheel/only_left,only_left
4340,gaze_zone/not_valid,not_valid,True,hands_on_wheel/only_left,only_left
4341,gaze_zone/not_valid,not_valid,True,hands_on_wheel/only_left,only_left
4342,gaze_zone/not_valid,not_valid,True,hands_on_wheel/only_left,only_left
4343,gaze_zone/not_valid,not_valid,True,hands_on_wheel/only_left,only_left
4344,gaze_zone/not_valid,not_valid,True,hands_on_wheel/only_left,only_left
4345,gaze_zone/not_valid,not_valid,True,hands_on_wheel/only_left,only_left
4346,gaze_zone/not_valid,not_valid,True,hands_on_wheel/only_left,only_left
4347,gaze_zone/not_valid,not_valid,True,hands_on_wheel/only_left,only_left
4348,gaze_zone/not_valid,not_valid,True,hands_on_wheel/only_left,only_left
4349,gaze_zone/not_valid,not_valid,True,hands_on_wheel/only_left,only_left
4350,gaze_zone/not_valid,not_valid,True,hands_on_wheel/only_left,only_left
4351,gaze_zone/not_valid,not_valid,True,hands_on_wheel/only_left,only_left
4352,gaze_zone/not_valid,not_valid,True,hands_on_wheel/only_left,only_left
4353,gaze_zone/not_valid,not_valid,False,hands_on_wheel/only_left,only_left
4354,gaze_zone/not_valid,not_valid,False,hands_on_wheel/only_left,only_left
4355,gaze_zone/not_valid,not_valid,False,hands_on_wheel/only_left,only_left
4356,gaze_zone/not_valid,not_valid,False,hands_on_wheel/only_left,only_left
4357,gaze_zone/not_valid,not_valid,False,hands_on_wheel/only_left,only_left
4358,gaze_zone/not_valid,not_valid,False,hands_on_wheel/only_left,only_left
4359,gaze_zone/not_valid,not_valid,False,hands_on_wheel/only_left,only_left
4360,gaze_zone/not_valid,not_valid,False,hands_on_wheel/only_left,only_left
4361,gaze_zone/not_valid,not_valid,False,hands_on_wheel/only_left,only_left
4362,gaze_zone/not_valid,not_valid,False,hands_on_wheel/only_left,only_left
4363,gaze_zone/not_valid,not_valid,False,hands_on_wheel/only_left,only_left
4364,gaze_zone/not_valid,not_valid,False,hands_on_wheel/only_left,only_left
4365,gaze_zone/not_valid,not_valid,False,hands_on_wheel/only_left,only_left
4366,gaze_zone/not_valid,not_valid,False,hands_on_wheel/only_left,only_left
4367,gaze_zone/not_valid,not_valid,False,hands_on_wheel/only_left,only_left
4368,gaze_zone/not_valid,not_valid,False,hands_on_wheel/only_left,only_left
4369,gaze_zone/not_valid,not_valid,False,hands_on_wheel/only_left,only_left
4370,gaze_zone/not_valid,not_valid,False,hands_on_wheel/only_left,only_left
4371,gaze_zone/not_valid,not_valid,True,hands_on_wheel/only_left,only_left
4372,gaze_zone/not_valid,not_valid,True,hands_on_wheel/only_left,only_left
4373,gaze_zone/not_valid,not_valid,True,hands_on_wheel/only_left,only_left
4374,gaze_zone/not_valid,not_valid,True,hands_on_wheel/only_left,only_left
4375,gaze_zone/not_valid,not_valid,True,hands_on_wheel/only_left,only_left
4376,gaze_zone/not_valid,not_valid,True,hands_on_wheel/only_left,only_left
4377,gaze_zone/not_valid,not_valid,True,hands_on_wheel/only_left,only_left
4378,gaze_zone/not_valid,not_valid,True,hands_on_wheel/only_left,only_left
4379,gaze_zone/not_valid,not_valid,False,hands_on_wheel/only_left,only_left
4380,gaze_zone/not_valid,not_valid,False,hands_on_wheel/only_left,only_left
4381,gaze_zone/not_valid,not_valid,False,hands_on_wheel/only_left,only_left
4382,gaze_zone/not_valid,not_valid,False,hands_on_wheel/only_left,only_left
4383,gaze_zone/not_valid,not_valid,False,hands_on_wheel/only_left,only_left
4384,gaze_zone/not_valid,not_valid,False,hands_on_wheel/only_left,only_left
4385,gaze_zone/not_valid,not_valid,False,hands_on_wheel/only_left,only_left
4386,gaze_zone/not_valid,not_valid,False,hands_on_wheel/only_left,only_left
4387,gaze_zone/not_valid,not_valid,False,hands_on_wheel/only_left,only_left
4388,gaze_zone/not_valid,not_valid,False,hands_on_wheel/only_left,only_left
4389,gaze_zone/not_valid,not_valid,False,hands_on_wheel/both_hands,both_hands
4390,gaze_zone/not_valid,not_valid,False,hands_on_wheel/both_hands,both_hands
4391,gaze_zone/not_valid,not_valid,False,hands_on_wheel/both_hands,both_hands
4392,gaze_zone/not_valid,not_valid,False,hands_on_wheel/both_hands,both_hands
4393,gaze_zone/not_valid,not_valid,False,hands_on_wheel/both_hands,both_hands
4394,gaze_zone/not_valid,not_valid,False,hands_on_wheel/both_hands,both_hands
4395,gaze_zone/not_valid,not_valid,False,hands_on_wheel/both_hands,both_hands
4396,gaze_zone/not_valid,not_valid,False,hands_on_wheel/both_hands,both_hands
4397,gaze_zone/not_valid,not_valid,False,hands_on_wheel/both_hands,both_hands
4398,gaze_zone/not_valid,not_valid,False,hands_on_wheel/both_hands,both_hands
4399,gaze_zone/not_valid,not_valid,False,hands_on_wheel/both_hands,both_hands
4400,gaze_zone/not_valid,not_valid,False,hands_on_wheel/both_hands,both_hands
4401,gaze_zone/not_valid,not_valid,False,hands_on_wheel/both_hands,both_hands
4402,gaze_zone/not_valid,not_valid,False,hands_on_wheel/both_hands,both_hands
4403,gaze_zone/not_valid,not_valid,False,hands_on_wheel/both_hands,both_hands
4404,gaze_zone/not_valid,not_valid,False,hands_on_wheel/both_hands,both_hands
4405,gaze_zone/not_valid,not_valid,False,hands_on_wheel/both_hands,both_hands
4406,gaze_zone/not_valid,not_valid,False,hands_on_wheel/both_hands,both_hands
4407,gaze_zone/not_valid,not_valid,False,hands_on_wheel/both_hands,both_hands
4408,gaze_zone/not_valid,not_valid,False,hands_on_wheel/both_hands,both_hands
4409,gaze_zone/not_valid,not_valid,False,hands_on_wheel/both_hands,both_hands
4410,gaze_zone/not_valid,not_valid,False,hands_on_wheel/both_hands,both_hands
4411,gaze_zone/not_valid,not_valid,False,hands_on_wheel/both_hands,both_hands
4412,gaze_zone/not_valid,not_valid,True,hands_on_wheel/both_hands,both_hands
4413,gaze_zone/not_valid,not_valid,True,hands_on_wheel/both_hands,both_hands
4414,gaze_zone/not_valid,not_valid,True,hands_on_wheel/both_hands,both_hands
4415,gaze_zone/not_valid,not_valid,True,hands_on_wheel/both_hands,both_hands
4416,gaze_zone/not_valid,not_valid,True,hands_on_wheel/both_hands,both_hands
4417,gaze_zone/not_valid,not_valid,True,hands_on_wheel/both_hands,both_hands
4418,gaze_zone/not_valid,not_valid,True,hands_on_wheel/both_hands,both_hands
4419,gaze_zone/not_valid,not_valid,True,hands_on_wheel/both_hands,both_hands
4420,gaze_zone/not_valid,not_valid,True,hands_on_wheel/both_hands,both_hands
4421,gaze_zone/not_valid,not_valid,True,hands_on_wheel/both_hands,both_hands
4422,gaze_zone/not_valid,not_valid,True,hands_on_wheel/both_hands,both_hands
4423,gaze_zone/not_valid,not_valid,False,hands_on_wheel/both_hands,both_hands
4424,gaze_zone/not_valid,not_valid,False,hands_on_wheel/both_hands,both_hands
4425,gaze_zone/not_valid,not_valid,False,hands_on_wheel/both_hands,both_hands
4426,gaze_zone/not_valid,not_valid,False,hands_on_wheel/both_hands,both_hands
4427,gaze_zone/not_valid,not_valid,False,hands_on_wheel/both_hands,both_hands
4428,gaze_zone/not_valid,not_valid,False,hands_on_wheel/both_hands,both_hands
4429,gaze_zone/not_valid,not_valid,False,hands_on_wheel/both_hands,both_hands
4430,gaze_zone/not_valid,not_valid,False,hands_on_wheel/both_hands,both_hands
4431,gaze_zone/not_valid,not_valid,False,hands_on_wheel/both_hands,both_hands
4432,gaze_zone/not_valid,not_valid,False,hands_on_wheel/both_hands,both_hands
4433,gaze_zone/not_valid,not_valid,False,hands_on_wheel/both_hands,both_hands
4434,gaze_zone/not_valid,not_valid,False,hands_on_wheel/both_hands,both_hands
4435,gaze_zone/not_valid,not_valid,False,hands_on_wheel/both_hands,both_hands
4436,gaze_zone/not_valid,not_valid,False,hands_on_wheel/both_hands,both_hands
4437,gaze_zone/not_valid,not_valid,False,hands_on_wheel/both_hands,both_hands
4438,gaze_zone/not_valid,not_valid,False,hands_on_wheel/both_hands,both_hands
4439,gaze_zone/not_valid,not_valid,False,hands_on_wheel/both_hands,both_hands
4440,gaze_zone/not_valid,not_valid,False,hands_on_wheel/both_hands,both_hands
4441,gaze_zone/not_valid,not_valid,False,hands_on_wheel/both_hands,both_hands
4442,gaze_zone/not_valid,not_valid,True,hands_on_wheel/both_hands,both_hands
4443,gaze_zone/not_valid,not_valid,True,hands_on_wheel/both_hands,both_hands
4444,gaze_zone/not_valid,not_valid,True,hands_on_wheel/both_hands,both_hands
4445,gaze_zone/not_valid,not_valid,True,hands_on_wheel/both_hands,both_hands
4446,gaze_zone/not_valid,not_valid,True,hands_on_wheel/both_hands,both_hands
4447,gaze_zone/not_valid,not_valid,True,hands_on_wheel/both_hands,both_hands
4448,gaze_zone/not_valid,not_valid,True,hands_on_wheel/both_hands,both_hands
4449,gaze_zone/not_valid,not_valid,True,hands_on_wheel/both_hands,both_hands
4450,gaze_zone/not_valid,not_valid,True,hands_on_wheel/both_hands,both_hands
4451,gaze_zone/not_valid,not_valid,True,hands_on_wheel/both_hands,both_hands
4452,gaze_zone/not_valid,not_valid,True,hands_on_wheel/both_hands,both_hands
4453,gaze_zone/not_valid,not_valid,False,hands_on_wheel/both_hands,both_hands
4454,gaze_zone/not_valid,not_valid,False,hands_on_wheel/both_hands,both_hands
4455,gaze_zone/not_valid,not_valid,False,hands_on_wheel/both_hands,both_hands
4456,gaze_zone/not_valid,not_valid,False,hands_on_wheel/both_hands,both_hands
4457,gaze_zone/not_valid,not_valid,False,hands_on_wheel/both_hands,both_hands
4458,gaze_zone/not_valid,not_valid,False,hands_on_wheel/both_hands,both_hands
4459,gaze_zone/not_valid,not_valid,False,hands_on_wheel/both_hands,both_hands
4460,gaze_zone/not_valid,not_valid,False,hands_on_wheel/both_hands,both_hands
4461,gaze_zone/not_valid,not_valid,False,hands_on_wheel/both_hands,both_hands
4462,gaze_zone/not_valid,not_valid,False,hands_on_wheel/both_hands,both_hands
4463,gaze_zone/not_valid,not_valid,False,hands_on_wheel/both_hands,both_hands
4464,gaze_zone/not_valid,not_valid,False,hands_on_wheel/both_hands,both_hands
4465,gaze_zone/not_valid,not_valid,False,hands_on_wheel/both_hands,both_hands
4466,gaze_zone/not_valid,not_valid,False,hands_on_wheel/both_hands,both_hands
4467,gaze_zone/not_valid,not_valid,False,hands_on_wheel/both_hands,both_hands
4468,gaze_zone/not_valid,not_valid,False,hands_on_wheel/both_hands,both_hands
4469,gaze_zone/not_valid,not_valid,False,hands_on_wheel/both_hands,both_hands
4470,gaze_zone/not_valid,not_valid,False,hands_on_wheel/both_hands,both_hands
4471,gaze_zone/not_valid,not_valid,False,hands_on_wheel/both_hands,both_hands
4472,gaze_zone/not_valid,not_valid,False,hands_on_wheel/both_hands,both_hands
4473,gaze_zone/not_valid,not_valid,False,hands_on_wheel/both_hands,both_hands
4474,gaze_zone/not_valid,not_valid,False,hands_on_wheel/both_hands,both_hands
4475,gaze_zone/not_valid,not_valid,False,hands_on_wheel/both_hands,both_hands
4476,gaze_zone/not_valid,not_valid,False,hands_on_wheel/both_hands,both_hands
4477,gaze_zone/not_valid,not_valid,True,hands_on_wheel/both_hands,both_hands
4478,gaze_zone/not_valid,not_valid,True,hands_on_wheel/both_hands,both_hands
4479,gaze_zone/not_valid,not_valid,True,hands_on_wheel/both_hands,both_hands
4480,gaze_zone/not_valid,not_valid,True,hands_on_wheel/both_hands,both_hands
4481,gaze_zone/not_valid,not_valid,True,hands_on_wheel/both_hands,both_hands
4482,gaze_zone/not_valid,not_valid,True,hands_on_wheel/both_hands,both_hands
4483,gaze_zone/not_valid,not_valid,True,hands_on_wheel/both_hands,both_hands
4484,gaze_zone/not_valid,not_valid,True,hands_on_wheel/both_hands,both_hands
4485,gaze_zone/not_valid,not_valid,True,hands_on_wheel/both_hands,both_hands
4486,gaze_zone/not_valid,not_valid,True,hands_on_wheel/both_hands,both_hands
4487,gaze_zone/not_valid,not_valid,False,hands_on_wheel/both_hands,both_hands
4488,gaze_zone/not_valid,not_valid,False,hands_on_wheel/both_hands,both_hands
4489,gaze_zone/not_valid,not_valid,False,hands_on_wheel/both_hands,both_hands
4490,gaze_zone/not_valid,not_valid,False,hands_on_wheel/both_hands,both_hands
4491,gaze_zone/not_valid,not_valid,False,hands_on_wheel/both_hands,both_hands
4492,gaze_zone/not_valid,not_valid,False,hands_on_wheel/both_hands,both_hands
4493,gaze_zone/not_valid,not_valid,False,hands_on_wheel/both_hands,both_hands
4494,gaze_zone/not_valid,not_valid,False,hands_on_wheel/both_hands,both_hands
4495,gaze_zone/not_valid,not_valid,False,hands_on_wheel/both_hands,both_hands
4496,gaze_zone/not_valid,not_valid,False,hands_on_wheel/both_hands,both_hands
4497,gaze_zone/not_valid,not_valid,False,hands_on_wheel/both_hands,both_hands
4498,gaze_zone/not_valid,not_valid,False,hands_on_wheel/both_hands,both_hands
4499,gaze_zone/not_valid,not_valid,False,hands_on_wheel/both_hands,both_hands
4500,gaze_zone/not_valid,not_valid,False,hands_on_wheel/both_hands,both_hands
4501,gaze_zone/not_valid,not_valid,False,hands_on_wheel/both_hands,both_hands
4502,gaze_zone/not_valid,not_valid,False,hands_on_wheel/both_hands,both_hands
4503,gaze_zone/not_valid,not_valid,False,hands_on_wheel/both_hands,both_hands
4504,gaze_zone/not_valid,not_valid,False,hands_on_wheel/both_hands,both_hands
4505,gaze_zone/not_valid,not_valid,False,hands_on_wheel/both_hands,both_hands
4506,gaze_zone/not_valid,not_valid,False,hands_on_wheel/both_hands,both_hands
4507,gaze_zone/not_valid,not_valid,False,hands_on_wheel/both_hands,both_hands
4508,gaze_zone/not_valid,not_valid,False,hands_on_wheel/both_hands,both_hands
4509,gaze_zone/not_valid,not_valid,False,hands_on_wheel/both_hands,both_hands
4510,gaze_zone/not_valid,not_valid,False,hands_on_wheel/both_hands,both_hands
4511,gaze_zone/not_valid,not_valid,False,hands_on_wheel/both_hands,both_hands
4512,gaze_zone/not_valid,not_valid,False,hands_on_wheel/both_hands,both_hands
4513,gaze_zone/not_valid,not_valid,False,hands_on_wheel/both_hands,both_hands
4514,gaze_zone/not_valid,not_valid,False,hands_on_wheel/both_hands,both_hands
4515,gaze_zone/not_valid,not_valid,False,hands_on_wheel/both_hands,both_hands
4516,gaze_zone/not_valid,not_valid,False,hands_on_wheel/both_hands,both_hands
4517,gaze_zone/not_valid,not_valid,False,hands_on_wheel/both_hands,both_hands
4518,gaze_zone/not_valid,not_valid,False,hands_on_wheel/both_hands,both_hands
4519,gaze_zone/not_valid,not_valid,False,hands_on_wheel/both_hands,both_hands
4520,gaze_zone/not_valid,not_valid,False,hands_on_wheel/both_hands,both_hands
4521,gaze_zone/not_valid,not_valid,False,hands_on_wheel/both_hands,both_hands
4522,gaze_zone/not_valid,not_valid,False,hands_on_wheel/both_hands,both_hands
4523,gaze_zone/not_valid,not_valid,False,hands_on_wheel/both_hands,both_hands
4524,gaze_zone/not_valid,not_valid,False,hands_on_wheel/both_hands,both_hands
4525,gaze_zone/not_valid,not_valid,False,hands_on_wheel/both_hands,both_hands
4526,gaze_zone/not_valid,not_valid,True,hands_on_wheel/both_hands,both_hands
4527,gaze_zone/not_valid,not_valid,True,hands_on_wheel/both_hands,both_hands
4528,gaze_zone/not_valid,not_valid,True,hands_on_wheel/both_hands,both_hands
4529,gaze_zone/not_valid,not_valid,True,hands_on_wheel/both_hands,both_hands
4530,gaze_zone/not_valid,not_valid,True,hands_on_wheel/both_hands,both_hands
4531,gaze_zone/not_valid,not_valid,True,hands_on_wheel/both_hands,both_hands
4532,gaze_zone/not_valid,not_valid,True,hands_on_wheel/both_hands,both_hands
4533,gaze_zone/not_valid,not_valid,True,hands_on_wheel/both_hands,both_hands
4534,gaze_zone/not_valid,not_valid,True,hands_on_wheel/both_hands,both_hands
4535,gaze_zone/not_valid,not_valid,True,hands_on_wheel/both_hands,both_hands
4536,gaze_zone/not_valid,not_valid,True,hands_on_wheel/both_hands,both_hands
4537,gaze_zone/not_valid,not_valid,False,hands_on_wheel/both_hands,both_hands
4538,gaze_zone/not_valid,not_valid,False,hands_on_wheel/both_hands,both_hands
4539,gaze_zone/not_valid,not_valid,False,hands_on_wheel/both_hands,both_hands
4540,gaze_zone/not_valid,not_valid,False,hands_on_wheel/both_hands,both_hands
4541,gaze_zone/not_valid,not_valid,False,hands_on_wheel/both_hands,both_hands
4542,gaze_zone/not_valid,not_valid,False,hands_on_wheel/both_hands,both_hands
4543,gaze_zone/not_valid,not_valid,False,hands_on_wheel/both_hands,both_hands
4544,gaze_zone/not_valid,not_valid,False,hands_on_wheel/both_hands,both_hands
4545,gaze_zone/not_valid,not_valid,False,hands_on_wheel/both_hands,both_hands
4546,gaze_zone/not_valid,not_valid,False,hands_on_wheel/both_hands,both_hands
4547,gaze_zone/not_valid,not_valid,False,hands_on_wheel/both_hands,both_hands
4548,gaze_zone/not_valid,not_valid,False,hands_on_wheel/both_hands,both_hands
4549,gaze_zone/not_valid,not_valid,False,hands_on_wheel/both_hands,both_hands
4550,gaze_zone/not_valid,not_valid,False,hands_on_wheel/both_hands,both_hands
4551,gaze_zone/not_valid,not_valid,False,hands_on_wheel/both_hands,both_hands
4552,gaze_zone/not_valid,not_valid,True,hands_on_wheel/both_hands,both_hands
4553,gaze_zone/not_valid,not_valid,True,hands_on_wheel/both_hands,both_hands
4554,gaze_zone/not_valid,not_valid,True,hands_on_wheel/both_hands,both_hands
4555,gaze_zone/not_valid,not_valid,True,hands_on_wheel/both_hands,both_hands
4556,gaze_zone/not_valid,not_valid,True,hands_on_wheel/both_hands,both_hands
4557,gaze_zone/not_valid,not_valid,True,hands_on_wheel/both_hands,both_hands
4558,gaze_zone/not_valid,not_valid,True,hands_on_wheel/both_hands,both_hands
4559,gaze_zone/not_valid,not_valid,True,hands_on_wheel/both_hands,both_hands
4560,gaze_zone/not_valid,not_valid,True,hands_on_wheel/both_hands,both_hands
4561,gaze_zone/not_valid,not_valid,True,hands_on_wheel/both_hands,both_hands
4562,gaze_zone/not_valid,not_valid,True,hands_on_wheel/both_hands,both_hands
4563,gaze_zone/not_valid,not_valid,False,hands_on_wheel/both_hands,both_hands
4564,gaze_zone/not_valid,not_valid,False,hands_on_wheel/both_hands,both_hands
4565,gaze_zone/not_valid,not_valid,False,hands_on_wheel/both_hands,both_hands
4566,gaze_zone/not_valid,not_valid,False,hands_on_wheel/both_hands,both_hands
4567,gaze_zone/not_valid,not_valid,False,hands_on_wheel/both_hands,both_hands
4568,gaze_zone/not_valid,not_valid,False,hands_on_wheel/both_hands,both_hands
4569,gaze_zone/not_valid,not_valid,False,hands_on_wheel/both_hands,both_hands
4570,gaze_zone/not_valid,not_valid,False,hands_on_wheel/both_hands,both_hands
4571,gaze_zone/not_valid,not_valid,False,hands_on_wheel/both_hands,both_hands
4572,gaze_zone/not_valid,not_valid,False,hands_on_wheel/both_hands,both_hands
4573,gaze_zone/not_valid,not_valid,False,hands_on_wheel/only_right,only_right
4574,gaze_zone/not_valid,not_valid,False,hands_on_wheel/only_right,only_right
4575,gaze_zone/not_valid,not_valid,False,hands_on_wheel/only_right,only_right
4576,gaze_zone/not_valid,not_valid,False,hands_on_wheel/only_right,only_right
4577,gaze_zone/not_valid,not_valid,False,hands_on_wheel/only_right,only_right
4578,gaze_zone/not_valid,not_valid,False,hands_on_wheel/only_right,only_right
4579,gaze_zone/not_valid,not_valid,False,hands_on_wheel/only_right,only_right
4580,gaze_zone/not_valid,not_valid,False,hands_on_wheel/only_right,only_right
4581,gaze_zone/not_valid,not_valid,False,hands_on_wheel/only_right,only_right
4582,gaze_zone/not_valid,not_valid,False,hands_on_wheel/only_right,only_right
4583,gaze_zone/not_valid,not_valid,False,hands_on_wheel/only_right,only_right
4584,gaze_zone/not_valid,not_valid,False,hands_on_wheel/only_right,only_right
4585,gaze_zone/not_valid,not_valid,False,hands_on_wheel/only_right,only_right
4586,gaze_zone/not_valid,not_valid,False,hands_on_wheel/only_right,only_right
4587,gaze_zone/not_valid,not_valid,False,hands_on_wheel/only_right,only_right
4588,gaze_zone/not_valid,not_valid,False,hands_on_wheel/only_right,only_right
4589,gaze_zone/not_valid,not_valid,False,hands_on_wheel/only_right,only_right
4590,gaze_zone/not_valid,not_valid,False,hands_on_wheel/only_right,only_right
4591,gaze_zone/not_valid,not_valid,False,hands_on_wheel/only_right,only_right
4592,gaze_zone/not_valid,not_valid,False,hands_on_wheel/only_right,only_right
4593,gaze_zone/not_valid,not_valid,False,hands_on_wheel/only_right,only_right
4594,gaze_zone/not_valid,not_valid,False,hands_on_wheel/only_right,only_right
4595,gaze_zone/not_valid,not_valid,False,hands_on_wheel/only_right,only_right
4596,gaze_zone/not_valid,not_valid,False,hands_on_wheel/only_right,only_right
4597,gaze_zone/not_valid,not_valid,False,hands_on_wheel/only_right,only_right
4598,gaze_zone/not_valid,not_valid,True,hands_on_wheel/only_right,only_right
4599,gaze_zone/not_valid,not_valid,True,hands_on_wheel/only_right,only_right
4600,gaze_zone/not_valid,not_valid,True,hands_on_wheel/only_right,only_right
4601,gaze_zone/not_valid,not_valid,True,hands_on_wheel/only_right,only_right
4602,gaze_zone/not_valid,not_valid,True,hands_on_wheel/only_right,only_right
4603,gaze_zone/not_valid,not_valid,True,hands_on_wheel/only_right,only_right
4604,gaze_zone/not_valid,not_valid,True,hands_on_wheel/only_right,only_right
4605,gaze_zone/not_valid,not_valid,True,hands_on_wheel/only_right,only_right
4606,gaze_zone/not_valid,not_valid,True,hands_on_wheel/only_right,only_right
4607,gaze_zone/not_valid,not_valid,True,hands_on_wheel/only_right,only_right
4608,gaze_zone/not_valid,not_valid,False,hands_on_wheel/only_right,only_right
4609,gaze_zone/not_valid,not_valid,False,hands_on_wheel/only_right,only_right
4610,gaze_zone/not_valid,not_valid,False,hands_on_wheel/only_right,only_right
4611,gaze_zone/not_valid,not_valid,False,hands_on_wheel/only_right,only_right
4612,gaze_zone/not_valid,not_valid,False,hands_on_wheel/only_right,only_right
4613,gaze_zone/not_valid,not_valid,False,hands_on_wheel/only_right,only_right
4614,gaze_zone/not_valid,not_valid,False,hands_on_wheel/only_right,only_right
4615,gaze_zone/not_valid,not_valid,False,hands_on_wheel/only_right,only_right
4616,gaze_zone/not_valid,not_valid,False,hands_on_wheel/only_right,only_right
4617,gaze_zone/not_valid,not_valid,True,hands_on_wheel/only_right,only_right
4618,gaze_zone/not_valid,not_valid,True,hands_on_wheel/only_right,only_right
4619,gaze_zone/not_valid,not_valid,True,hands_on_wheel/only_right,only_right
4620,gaze_zone/not_valid,not_valid,True,hands_on_wheel/only_right,only_right
4621,gaze_zone/not_valid,not_valid,True,hands_on_wheel/only_right,only_right
4622,gaze_zone/not_valid,not_valid,True,hands_on_wheel/only_right,only_right
4623,gaze_zone/not_valid,not_valid,True,hands_on_wheel/only_right,only_right
4624,gaze_zone/not_valid,not_valid,True,hands_on_wheel/only_right,only_right
4625,gaze_zone/not_valid,not_valid,True,hands_on_wheel/only_right,only_right
4626,gaze_zone/not_valid,not_valid,True,hands_on_wheel/only_right,only_right
4627,gaze_zone/not_valid,not_valid,True,hands_on_wheel/only_right,only_right
4628,gaze_zone/not_valid,not_valid,False,hands_on_wheel/only_right,only_right
4629,gaze_zone/not_valid,not_valid,False,hands_on_wheel/only_right,only_right
4630,gaze_zone/not_valid,not_valid,False,hands_on_wheel/only_right,only_right
4631,gaze_zone/not_valid,not_valid,False,hands_on_wheel/only_right,only_right
4632,gaze_zone/not_valid,not_valid,False,hands_on_wheel/only_right,only_right
4633,gaze_zone/not_valid,not_valid,False,hands_on_wheel/only_right,only_right
4634,gaze_zone/not_valid,not_valid,False,hands_on_wheel/only_right,only_right
4635,gaze_zone/not_valid,not_valid,False,hands_on_wheel/only_right,only_right
4636,gaze_zone/not_valid,not_valid,False,hands_on_wheel/only_right,only_right
4637,gaze_zone/not_valid,not_valid,False,hands_on_wheel/only_right,only_right
4638,gaze_zone/not_valid,not_valid,False,hands_on_wheel/only_right,only_right
4639,gaze_zone/not_valid,not_valid,False,hands_on_wheel/only_right,only_right
4640,gaze_zone/not_valid,not_valid,False,hands_on_wheel/only_right,only_right
4641,gaze_zone/not_valid,not_valid,False,hands_on_wheel/only_right,only_right
4642,gaze_zone/not_valid,not_valid,False,hands_on_wheel/only_right,only_right
4643,gaze_zone/not_valid,not_valid,False,hands_on_wheel/only_right,only_right
4644,gaze_zone/not_valid,not_valid,False,hands_on_wheel/only_right,only_right
4645,gaze_zone/not_valid,not_valid,False,hands_on_wheel/only_right,only_right
4646,gaze_zone/not_valid,not_valid,False,hands_on_wheel/only_right,only_right
4647,gaze_zone/not_valid,not_valid,False,hands_on_wheel/only_right,only_right
4648,gaze_zone/not_valid,not_valid,False,hands_on_wheel/only_right,only_right
4649,gaze_zone/not_valid,not_valid,False,hands_on_wheel/only_right,only_right
4650,gaze_zone/not_valid,not_valid,False,hands_on_wheel/only_right,only_right
4651,gaze_zone/not_valid,not_valid,False,hands_on_wheel/only_right,only_right
4652,gaze_zone/not_valid,not_valid,False,hands_on_wheel/only_right,only_right
4653,gaze_zone/not_valid,not_valid,False,hands_on_wheel/only_right,only_right
4654,gaze_zone/not_valid,not_valid,False,hands_on_wheel/only_right,only_right
4655,gaze_zone/not_valid,not_valid,False,hands_on_wheel/only_right,only_right
4656,gaze_zone/not_valid,not_valid,False,hands_on_wheel/only_right,only_right
4657,gaze_zone/not_valid,not_valid,False,hands_on_wheel/only_right,only_right
4658,gaze_zone/not_valid,not_valid,False,hands_on_wheel/only_right,only_right
4659,gaze_zone/not_valid,not_valid,False,hands_on_wheel/only_right,only_right
4660,gaze_zone/not_valid,not_valid,False,hands_on_wheel/only_right,only_right
4661,gaze_zone/not_valid,not_valid,False,hands_on_wheel/only_right,only_right
4662,gaze_zone/not_valid,not_valid,False,hands_on_wheel/only_right,only_right
4663,gaze_zone/not_valid,not_valid,False,hands_on_wheel/only_right,only_right
4664,gaze_zone/not_valid,not_valid,False,hands_on_wheel/only_right,only_right
4665,gaze_zone/not_valid,not_valid,False,hands_on_wheel/only_right,only_right
4666,gaze_zone/not_valid,not_valid,False,hands_on_wheel/only_right,only_right
4667,gaze_zone/not_valid,not_valid,False,hands_on_wheel/only_right,only_right
4668,gaze_zone/not_valid,not_valid,False,hands_on_wheel/only_right,only_right
4669,gaze_zone/not_valid,not_valid,False,hands_on_wheel/only_right,only_right
4670,gaze_zone/not_valid,not_valid,False,hands_on_wheel/only_right,only_right
4671,gaze_zone/not_valid,not_valid,False,hands_on_wheel/only_right,only_right
4672,gaze_zone/not_valid,not_valid,False,hands_on_wheel/only_right,only_right
4673,gaze_zone/not_valid,not_valid,False,hands_on_wheel/only_right,only_right
4674,gaze_zone/not_valid,not_valid,False,hands_on_wheel/only_right,only_right
4675,gaze_zone/not_valid,not_valid,False,hands_on_wheel/only_right,only_right
4676,gaze_zone/not_valid,not_valid,False,hands_on_wheel/only_right,only_right
4677,gaze_zone/not_valid,not_valid,False,hands_on_wheel/only_right,only_right
4678,gaze_zone/not_valid,not_valid,False,hands_on_wheel/only_right,only_right
4679,gaze_zone/not_valid,not_valid,True,hands_on_wheel/only_right,only_right
4680,gaze_zone/not_valid,not_valid,True,hands_on_wheel/only_right,only_right
4681,gaze_zone/not_valid,not_valid,True,hands_on_wheel/only_right,only_right
4682,gaze_zone/not_valid,not_valid,True,hands_on_wheel/only_right,only_right
4683,gaze_zone/not_valid,not_valid,True,hands_on_wheel/only_right,only_right
4684,gaze_zone/not_valid,not_valid,True,hands_on_wheel/only_right,only_right
4685,gaze_zone/not_valid,not_valid,True,hands_on_wheel/only_right,only_right
4686,gaze_zone/not_valid,not_valid,True,hands_on_wheel/only_right,only_right
4687,gaze_zone/not_valid,not_valid,True,hands_on_wheel/only_right,only_right
4688,gaze_zone/not_valid,not_valid,True,hands_on_wheel/only_right,only_right
4689,gaze_zone/not_valid,not_valid,True,hands_on_wheel/only_right,only_right
4690,gaze_zone/not_valid,not_valid,True,hands_on_wheel/only_right,only_right
4691,gaze_zone/not_valid,not_valid,True,hands_on_wheel/only_right,only_right
4692,gaze_zone/not_valid,not_valid,False,hands_on_wheel/only_right,only_right
4693,gaze_zone/not_valid,not_valid,False,hands_on_wheel/only_right,only_right
4694,gaze_zone/not_valid,not_valid,False,hands_on_wheel/only_right,only_right
4695,gaze_zone/not_valid,not_valid,False,hands_on_wheel/only_right,only_right
4696,gaze_zone/not_valid,not_valid,False,hands_on_wheel/only_right,only_right
4697,gaze_zone/not_valid,not_valid,False,hands_on_wheel/only_right,only_right
4698,gaze_zone/not_valid,not_valid,False,hands_on_wheel/only_right,only_right
4699,gaze_zone/not_valid,not_valid,False,hands_on_wheel/only_right,only_right
4700,gaze_zone/not_valid,not_valid,False,hands_on_wheel/only_right,only_right
4701,gaze_zone/not_valid,not_valid,False,hands_on_wheel/only_right,only_right
4702,gaze_zone/not_valid,not_valid,False,hands_on_wheel/only_right,only_right
4703,gaze_zone/not_valid,not_valid,False,hands_on_wheel/only_right,only_right
4704,gaze_zone/not_valid,not_valid,False,hands_on_wheel/only_right,only_right
4705,gaze_zone/not_valid,not_valid,False,hands_on_wheel/only_right,only_right
4706,gaze_zone/not_valid,not_valid,False,hands_on_wheel/only_right,only_right
4707,gaze_zone/not_valid,not_valid,False,hands_on_wheel/only_right,only_right
4708,gaze_zone/not_valid,not_valid,False,hands_on_wheel/only_right,only_right
4709,gaze_zone/not_valid,not_valid,False,hands_on_wheel/only_right,only_right
4710,gaze_zone/not_valid,not_valid,False,hands_on_wheel/only_right,only_right
4711,gaze_zone/not_valid,not_valid,False,hands_on_wheel/only_right,only_right
4712,gaze_zone/not_valid,not_valid,False,hands_on_wheel/only_right,only_right
4713,gaze_zone/not_valid,not_valid,False,hands_on_wheel/only_right,only_right
4714,gaze_zone/not_valid,not_valid,False,hands_on_wheel/only_right,only_right
4715,gaze_zone/not_valid,not_valid,False,hands_on_wheel/only_right,only_right
4716,gaze_zone/not_valid,not_valid,False,hands_on_wheel/only_right,only_right
4717,gaze_zone/not_valid,not_valid,False,hands_on_wheel/only_right,only_right
4718,gaze_zone/not_valid,not_valid,False,hands_on_wheel/only_right,only_right
4719,gaze_zone/not_valid,not_valid,False,hands_on_wheel/only_right,only_right
4720,gaze_zone/not_valid,not_valid,False,hands_on_wheel/only_right,only_right
4721,gaze_zone/not_valid,not_valid,False,hands_on_wheel/only_right,only_right
4722,gaze_zone/not_valid,not_valid,False,hands_on_wheel/only_right,only_right
4723,gaze_zone/not_valid,not_valid,False,hands_on_wheel/only_right,only_right
4724,gaze_zone/not_valid,not_valid,False,hands_on_wheel/only_right,only_right
4725,gaze_zone/not_valid,not_valid,False,hands_on_wheel/only_right,only_right
4726,gaze_zone/not_valid,not_valid,False,hands_on_wheel/only_right,only_right
4727,gaze_zone/not_valid,not_valid,False,hands_on_wheel/only_right,only_right
4728,gaze_zone/not_valid,not_valid,False,hands_on_wheel/only_right,only_right
4729,gaze_zone/not_valid,not_valid,False,hands_on_wheel/only_right,only_right
4730,gaze_zone/not_valid,not_valid,False,hands_on_wheel/only_right,only_right
4731,gaze_zone/not_valid,not_valid,False,hands_on_wheel/only_right,only_right
4732,gaze_zone/not_valid,not_valid,False,hands_on_wheel/only_right,only_right
4733,gaze_zone/not_valid,not_valid,False,hands_on_wheel/only_right,only_right
4734,gaze_zone/not_valid,not_valid,False,hands_on_wheel/only_right,only_right
4735,gaze_zone/not_valid,not_valid,False,hands_on_wheel/only_right,only_right
4736,gaze_zone/not_valid,not_valid,False,hands_on_wheel/only_right,only_right
4737,gaze_zone/not_valid,not_valid,False,hands_on_wheel/only_right,only_right
4738,gaze_zone/not_valid,not_valid,False,hands_on_wheel/only_right,only_right
4739,gaze_zone/not_valid,not_valid,False,hands_on_wheel/only_right,only_right
4740,gaze_zone/not_valid,not_valid,False,hands_on_wheel/only_right,only_right
4741,gaze_zone/not_valid,not_valid,False,hands_on_wheel/only_right,only_right
4742,gaze_zone/not_valid,not_valid,False,hands_on_wheel/only_right,only_right
4743,gaze_zone/not_valid,not_valid,False,hands_on_wheel/only_right,only_right
4744,gaze_zone/not_valid,not_valid,False,hands_on_wheel/only_right,only_right
4745,gaze_zone/not_valid,not_valid,False,hands_on_wheel/only_right,only_right
4746,gaze_zone/not_valid,not_valid,False,hands_on_wheel/only_right,only_right
4747,gaze_zone/not_valid,not_valid,False,hands_on_wheel/only_right,only_right
4748,gaze_zone/not_valid,not_valid,False,hands_on_wheel/only_right,only_right
4749,gaze_zone/not_valid,not_valid,True,hands_on_wheel/only_right,only_right
4750,gaze_zone/not_valid,not_valid,True,hands_on_wheel/only_right,only_right
4751,gaze_zone/not_valid,not_valid,True,hands_on_wheel/only_right,only_right
4752,gaze_zone/not_valid,not_valid,True,hands_on_wheel/only_right,only_right
4753,gaze_zone/not_valid,not_valid,True,hands_on_wheel/only_right,only_right
4754,gaze_zone/not_valid,not_valid,True,hands_on_wheel/only_right,only_right
4755,gaze_zone/not_valid,not_valid,True,hands_on_wheel/only_right,only_right
4756,gaze_zone/not_valid,not_valid,True,hands_on_wheel/only_right,only_right
4757,gaze_zone/not_valid,not_valid,True,hands_on_wheel/only_right,only_right
4758,gaze_zone/not_valid,not_valid,True,hands_on_wheel/only_right,only_right
4759,gaze_zone/not_valid,not_valid,True,hands_on_wheel/only_right,only_right
4760,gaze_zone/not_valid,not_valid,True,hands_on_wheel/only_right,only_right
4761,gaze_zone/not_valid,not_valid,True,hands_on_wheel/only_right,only_right
4762,gaze_zone/not_valid,not_valid,True,hands_on_wheel/only_right,only_right
4763,gaze_zone/not_valid,not_valid,True,hands_on_wheel/only_right,only_right
4764,gaze_zone/not_valid,not_valid,True,hands_on_wheel/only_right,only_right
4765,gaze_zone/not_valid,not_valid,False,hands_on_wheel/only_right,only_right
4766,gaze_zone/not_valid,not_valid,False,hands_on_wheel/only_right,only_right
4767,gaze_zone/not_valid,not_valid,False,hands_on_wheel/only_right,only_right
4768,gaze_zone/not_valid,not_valid,False,hands_on_wheel/only_right,only_right
4769,gaze_zone/not_valid,not_valid,False,hands_on_wheel/only_right,only_right
4770,gaze_zone/not_valid,not_valid,False,hands_on_wheel/only_right,only_right
4771,gaze_zone/not_valid,not_valid,False,hands_on_wheel/only_right,only_right
4772,gaze_zone/not_valid,not_valid,False,hands_on_wheel/only_right,only_right
4773,gaze_zone/not_valid,not_valid,False,hands_on_wheel/only_right,only_right
4774,gaze_zone/not_valid,not_valid,False,hands_on_wheel/only_right,only_right
4775,gaze_zone/not_valid,not_valid,True,hands_on_wheel/only_right,only_right
4776,gaze_zone/not_valid,not_valid,True,hands_on_wheel/only_right,only_right
4777,gaze_zone/not_valid,not_valid,True,hands_on_wheel/only_right,only_right
4778,gaze_zone/not_valid,not_valid,True,hands_on_wheel/both_hands,both_hands
4779,gaze_zone/not_valid,not_valid,True,hands_on_wheel/both_hands,both_hands
4780,gaze_zone/not_valid,not_valid,True,hands_on_wheel/both_hands,both_hands
4781,gaze_zone/not_valid,not_valid,True,hands_on_wheel/both_hands,both_hands
4782,gaze_zone/not_valid,not_valid,True,hands_on_wheel/both_hands,both_hands
4783,gaze_zone/not_valid,not_valid,True,hands_on_wheel/both_hands,both_hands
4784,gaze_zone/not_valid,not_valid,True,hands_on_wheel/both_hands,both_hands
4785,gaze_zone/not_valid,not_valid,True,hands_on_wheel/both_hands,both_hands
4786,gaze_zone/not_valid,not_valid,True,hands_on_wheel/both_hands,both_hands
4787,gaze_zone/not_valid,not_valid,True,hands_on_wheel/both_hands,both_hands
4788,gaze_zone/not_valid,not_valid,True,hands_on_wheel/only_left,only_left
4789,gaze_zone/not_valid,not_valid,False,hands_on_wheel/only_left,only_left
4790,gaze_zone/not_valid,not_valid,False,hands_on_wheel/only_left,only_left
4791,gaze_zone/not_valid,not_valid,False,hands_on_wheel/only_left,only_left
4792,gaze_zone/not_valid,not_valid,False,hands_on_wheel/only_left,only_left
4793,gaze_zone/not_valid,not_valid,False,hands_on_wheel/only_left,only_left
4794,gaze_zone/not_valid,not_valid,False,hands_on_wheel/only_left,only_left
4795,gaze_zone/not_valid,not_valid,False,hands_on_wheel/only_left,only_left
4796,gaze_zone/not_valid,not_valid,False,hands_on_wheel/only_left,only_left
4797,gaze_zone/not_valid,not_valid,False,hands_on_wheel/only_left,only_left
4798,gaze_zone/not_valid,not_valid,False,hands_on_wheel/only_left,only_left
4799,gaze_zone/not_valid,not_valid,False,hands_on_wheel/only_left,only_left
4800,gaze_zone/not_valid,not_valid,False,hands_on_wheel/only_left,only_left
4801,gaze_zone/not_valid,not_valid,False,hands_on_wheel/only_left,only_left
4802,gaze_zone/not_valid,not_valid,False,hands_on_wheel/only_left,only_left
4803,gaze_zone/not_valid,not_valid,False,hands_on_wheel/only_left,only_left
4804,gaze_zone/not_valid,not_valid,False,hands_on_wheel/only_left,only_left
4805,gaze_zone/not_valid,not_valid,False,hands_on_wheel/only_left,only_left
4806,gaze_zone/not_valid,not_valid,False,hands_on_wheel/only_left,only_left
4807,gaze_zone/not_valid,not_valid,False,hands_on_wheel/only_left,only_left
4808,gaze_zone/not_valid,not_valid,False,hands_on_wheel/only_left,only_left
4809,gaze_zone/not_valid,not_valid,False,hands_on_wheel/only_left,only_left
4810,gaze_zone/not_valid,not_valid,False,hands_on_wheel/only_left,only_left
4811,gaze_zone/not_valid,not_valid,False,hands_on_wheel/only_left,only_left
4812,gaze_zone/not_valid,not_valid,False,hands_on_wheel/only_left,only_left
4813,gaze_zone/not_valid,not_valid,False,hands_on_wheel/only_left,only_left
4814,gaze_zone/not_valid,not_valid,False,hands_on_wheel/only_left,only_left
4815,gaze_zone/not_valid,not_valid,False,hands_on_wheel/only_left,only_left
4816,gaze_zone/not_valid,not_valid,False,hands_on_wheel/only_left,only_left
4817,gaze_zone/not_valid,not_valid,False,hands_on_wheel/only_left,only_left
4818,gaze_zone/not_valid,not_valid,False,hands_on_wheel/only_left,only_left
4819,gaze_zone/not_valid,not_valid,False,hands_on_wheel/only_left,only_left
4820,gaze_zone/not_valid,not_valid,False,hands_on_wheel/only_left,only_left
4821,gaze_zone/not_valid,not_valid,False,hands_on_wheel/only_left,only_left
4822,gaze_zone/not_valid,not_valid,False,hands_on_wheel/only_left,only_left
4823,gaze_zone/not_valid,not_valid,True,hands_on_wheel/only_left,only_left
4824,gaze_zone/not_valid,not_valid,True,hands_on_wheel/only_left,only_left
4825,gaze_zone/not_valid,not_valid,True,hands_on_wheel/only_left,only_left
4826,gaze_zone/not_valid,not_valid,True,hands_on_wheel/only_left,only_left
4827,gaze_zone/not_valid,not_valid,True,hands_on_wheel/only_left,only_left
4828,gaze_zone/not_valid,not_valid,True,hands_on_wheel/only_left,only_left
4829,gaze_zone/not_valid,not_valid,True,hands_on_wheel/only_left,only_left
4830,gaze_zone/not_valid,not_valid,True,hands_on_wheel/only_left,only_left
4831,gaze_zone/not_valid,not_valid,True,hands_on_wheel/only_left,only_left
4832,gaze_zone/not_valid,not_valid,True,hands_on_wheel/only_left,only_left
4833,gaze_zone/not_valid,not_valid,True,hands_on_wheel/only_left,only_left
4834,gaze_zone/not_valid,not_valid,True,hands_on_wheel/only_left,only_left
4835,gaze_zone/not_valid,not_valid,False,hands_on_wheel/only_left,only_left
4836,gaze_zone/not_valid,not_valid,False,hands_on_wheel/only_left,only_left
4837,gaze_zone/not_valid,not_valid,False,hands_on_wheel/only_left,only_left
4838,gaze_zone/not_valid,not_valid,False,hands_on_wheel/only_left,only_left
4839,gaze_zone/not_valid,not_valid,False,hands_on_wheel/only_left,only_left
4840,gaze_zone/not_valid,not_valid,False,hands_on_wheel/only_left,only_left
4841,gaze_zone/not_valid,not_valid,False,hands_on_wheel/only_left,only_left
4842,gaze_zone/not_valid,not_valid,False,hands_on_wheel/only_left,only_left
4843,gaze_zone/not_valid,not_valid,False,hands_on_wheel/only_left,only_left
4844,gaze_zone/not_valid,not_valid,False,hands_on_wheel/only_left,only_left
4845,gaze_zone/not_valid,not_valid,True,hands_on_wheel/only_left,only_left
4846,gaze_zone/not_valid,not_valid,True,hands_on_wheel/only_left,only_left
4847,gaze_zone/not_valid,not_valid,True,hands_on_wheel/only_left,only_left
4848,gaze_zone/not_valid,not_valid,True,hands_on_wheel/only_left,only_left
4849,gaze_zone/not_valid,not_valid,True,hands_on_wheel/only_left,only_left
4850,gaze_zone/not_valid,not_valid,True,hands_on_wheel/only_left,only_left
4851,gaze_zone/not_valid,not_valid,True,hands_on_wheel/only_left,only_left
4852,gaze_zone/not_valid,not_valid,True,hands_on_wheel/only_left,only_left
4853,gaze_zone/not_valid,not_valid,True,hands_on_wheel/only_left,only_left
4854,gaze_zone/not_valid,not_valid,True,hands_on_wheel/only_left,only_left
4855,gaze_zone/not_valid,not_valid,True,hands_on_wheel/only_left,only_left
4856,gaze_zone/not_valid,not_valid,False,hands_on_wheel/only_left,only_left
4857,gaze_zone/not_valid,not_valid,False,hands_on_wheel/only_left,only_left
4858,gaze_zone/not_valid,not_valid,False,hands_on_wheel/only_left,only_left
4859,gaze_zone/not_valid,not_valid,False,hands_on_wheel/only_left,only_left
4860,gaze_zone/not_valid,not_valid,False,hands_on_wheel/only_left,only_left
4861,gaze_zone/not_valid,not_valid,False,hands_on_wheel/only_left,only_left
4862,gaze_zone/not_valid,not_valid,False,hands_on_wheel/only_left,only_left
4863,gaze_zone/not_valid,not_valid,False,hands_on_wheel/only_left,only_left
4864,gaze_zone/not_valid,not_valid,False,hands_on_wheel/only_left,only_left
4865,gaze_zone/not_valid,not_valid,False,hands_on_wheel/only_left,only_left
4866,gaze_zone/not_valid,not_valid,False,hands_on_wheel/only_left,only_left
4867,gaze_zone/not_valid,not_valid,False,hands_on_wheel/only_left,only_left
4868,gaze_zone/not_valid,not_valid,False,hands_on_wheel/only_left,only_left
4869,gaze_zone/not_valid,not_valid,False,hands_on_wheel/only_left,only_left
4870,gaze_zone/not_valid,not_valid,False,hands_on_wheel/only_left,only_left
4871,gaze_zone/not_valid,not_valid,False,hands_on_wheel/only_left,only_left
4872,gaze_zone/not_valid,not_valid,False,hands_on_wheel/only_left,only_left
4873,gaze_zone/not_valid,not_valid,False,hands_on_wheel/only_left,only_left
4874,gaze_zone/not_valid,not_valid,False,hands_on_wheel/only_left,only_left
4875,gaze_zone/not_valid,not_valid,False,hands_on_wheel/only_left,only_left
4876,gaze_zone/not_valid,not_valid,False,hands_on_wheel/only_left,only_left
4877,gaze_zone/not_valid,not_valid,False,hands_on_wheel/only_left,only_left
4878,gaze_zone/not_valid,not_valid,True,hands_on_wheel/only_left,only_left
4879,gaze_zone/not_valid,not_valid,True,hands_on_wheel/only_left,only_left
4880,gaze_zone/not_valid,not_valid,True,hands_on_wheel/only_left,only_left
4881,gaze_zone/not_valid,not_valid,True,hands_on_wheel/only_left,only_left
4882,gaze_zone/not_valid,not_valid,True,hands_on_wheel/only_left,only_left
4883,gaze_zone/not_valid,not_valid,True,hands_on_wheel/only_left,only_left
4884,gaze_zone/not_valid,not_valid,True,hands_on_wheel/only_left,only_left
4885,gaze_zone/not_valid,not_valid,True,hands_on_wheel/only_left,only_left
4886,gaze_zone/not_valid,not_valid,True,hands_on_wheel/only_left,only_left
4887,gaze_zone/not_valid,not_valid,True,hands_on_wheel/only_left,only_left
4888,gaze_zone/not_valid,not_valid,True,hands_on_wheel/only_left,only_left
4889,gaze_zone/not_valid,not_valid,True,hands_on_wheel/only_left,only_left
4890,gaze_zone/not_valid,not_valid,True,hands_on_wheel/only_left,only_left
4891,gaze_zone/not_valid,not_valid,True,hands_on_wheel/only_left,only_left
4892,gaze_zone/not_valid,not_valid,False,hands_on_wheel/only_left,only_left
4893,gaze_zone/not_valid,not_valid,False,hands_on_wheel/only_left,only_left
4894,gaze_zone/not_valid,not_valid,False,hands_on_wheel/only_left,only_left
4895,gaze_zone/not_valid,not_valid,False,hands_on_wheel/only_left,only_left
4896,gaze_zone/not_valid,not_valid,False,hands_on_wheel/only_left,only_left
4897,gaze_zone/not_valid,not_valid,False,hands_on_wheel/only_left,only_left
4898,gaze_zone/not_valid,not_valid,False,hands_on_wheel/only_left,only_left
4899,gaze_zone/not_valid,not_valid,False,hands_on_wheel/only_left,only_left
4900,gaze_zone/not_valid,not_valid,False,hands_on_wheel/only_left,only_left
4901,gaze_zone/not_valid,not_valid,False,hands_on_wheel/only_left,only_left
4902,gaze_zone/not_valid,not_valid,False,hands_on_wheel/only_left,only_left
4903,gaze_zone/not_valid,not_valid,False,hands_on_wheel/only_left,only_left
4904,gaze_zone/not_valid,not_valid,False,hands_on_wheel/only_left,only_left
4905,gaze_zone/not_valid,not_valid,False,hands_on_wheel/only_left,only_left
4906,gaze_zone/not_valid,not_valid,False,hands_on_wheel/only_left,only_left
4907,gaze_zone/not_valid,not_valid,False,hands_on_wheel/only_left,only_left
4908,gaze_zone/not_valid,not_valid,False,hands_on_wheel/only_left,only_left
4909,gaze_zone/not_valid,not_valid,False,hands_on_wheel/only_left,only_left
4910,gaze_zone/not_valid,not_valid,False,hands_on_wheel/only_left,only_left
4911,gaze_zone/not_valid,not_valid,False,hands_on_wheel/only_left,only_left
4912,gaze_zone/not_valid,not_valid,False,hands_on_wheel/only_left,only_left
4913,gaze_zone/not_valid,not_valid,False,hands_on_wheel/only_left,only_left
4914,gaze_zone/not_valid,not_valid,False,hands_on_wheel/only_left,only_left
4915,gaze_zone/not_valid,not_valid,False,hands_on_wheel/only_left,only_left
4916,gaze_zone/not_valid,not_valid,False,hands_on_wheel/only_left,only_left
4917,gaze_zone/not_valid,not_valid,False,hands_on_wheel/only_left,only_left
4918,gaze_zone/not_valid,not_valid,False,hands_on_wheel/only_left,only_left
4919,gaze_zone/not_valid,not_valid,False,hands_on_wheel/only_left,only_left
4920,gaze_zone/not_valid,not_valid,False,hands_on_wheel/only_left,only_left
4921,gaze_zone/not_valid,not_valid,True,hands_on_wheel/only_left,only_left
4922,gaze_zone/not_valid,not_valid,True,hands_on_wheel/only_left,only_left
4923,gaze_zone/not_valid,not_valid,True,hands_on_wheel/only_left,only_left
4924,gaze_zone/not_valid,not_valid,True,hands_on_wheel/only_left,only_left
4925,gaze_zone/not_valid,not_valid,True,hands_on_wheel/only_left,only_left
4926,gaze_zone/not_valid,not_valid,True,hands_on_wheel/only_left,only_left
4927,gaze_zone/not_valid,not_valid,True,hands_on_wheel/only_left,only_left
4928,gaze_zone/not_valid,not_valid,True,hands_on_wheel/only_left,only_left
4929,gaze_zone/not_valid,not_valid,True,hands_on_wheel/only_left,only_left
4930,gaze_zone/not_valid,not_valid,True,hands_on_wheel/only_left,only_left
4931,gaze_zone/not_valid,not_valid,True,hands_on_wheel/only_left,only_left
4932,gaze_zone/not_valid,not_valid,True,hands_on_wheel/only_left,only_left
4933,gaze_zone/not_valid,not_valid,True,hands_on_wheel/only_left,only_left
4934,gaze_zone/not_valid,not_valid,False,hands_on_wheel/only_left,only_left
4935,gaze_zone/not_valid,not_valid,False,hands_on_wheel/only_left,only_left
4936,gaze_zone/not_valid,not_valid,False,hands_on_wheel/only_left,only_left
4937,gaze_zone/not_valid,not_valid,False,hands_on_wheel/only_left,only_left
4938,gaze_zone/not_valid,not_valid,False,hands_on_wheel/only_left,only_left
4939,gaze_zone/not_valid,not_valid,True,hands_on_wheel/only_left,only_left
4940,gaze_zone/not_valid,not_valid,True,hands_on_wheel/only_left,only_left
4941,gaze_zone/not_valid,not_valid,True,hands_on_wheel/only_left,only_left
4942,gaze_zone/not_valid,not_valid,True,hands_on_wheel/only_left,only_left
4943,gaze_zone/not_valid,not_valid,True,hands_on_wheel/only_left,only_left
4944,gaze_zone/not_valid,not_valid,True,hands_on_wheel/only_left,only_left
4945,gaze_zone/not_valid,not_valid,True,hands_on_wheel/only_left,only_left
4946,gaze_zone/not_valid,not_valid,True,hands_on_wheel/only_left,only_left
4947,gaze_zone/not_valid,not_valid,True,hands_on_wheel/only_left,only_left
4948,gaze_zone/not_valid,not_valid,True,hands_on_wheel/only_left,only_left
4949,gaze_zone/not_valid,not_valid,False,hands_on_wheel/only_left,only_left
4950,gaze_zone/not_valid,not_valid,False,hands_on_wheel/only_left,only_left
4951,gaze_zone/not_valid,not_valid,False,hands_on_wheel/only_left,only_left
4952,gaze_zone/not_valid,not_valid,False,hands_on_wheel/only_left,only_left
4953,gaze_zone/not_valid,not_valid,False,hands_on_wheel/only_left,only_left
4954,gaze_zone/not_valid,not_valid,False,hands_on_wheel/only_left,only_left
4955,gaze_zone/not_valid,not_valid,False,hands_on_wheel/only_left,only_left
4956,gaze_zone/not_valid,not_valid,False,hands_on_wheel/only_left,only_left
4957,gaze_zone/not_valid,not_valid,False,hands_on_wheel/only_left,only_left
4958,gaze_zone/not_valid,not_valid,False,hands_on_wheel/only_left,only_left
4959,gaze_zone/not_valid,not_valid,False,hands_on_wheel/only_left,only_left
4960,gaze_zone/not_valid,not_valid,False,hands_on_wheel/only_left,only_left
4961,gaze_zone/not_valid,not_valid,False,hands_on_wheel/only_left,only_left
4962,gaze_zone/not_valid,not_valid,False,hands_on_wheel/only_left,only_left
4963,gaze_zone/not_valid,not_valid,False,hands_on_wheel/only_left,only_left
4964,gaze_zone/not_valid,not_valid,False,hands_on_wheel/only_left,only_left
4965,gaze_zone/not_valid,not_valid,False,hands_on_wheel/only_left,only_left
4966,gaze_zone/not_valid,not_valid,False,hands_on_wheel/only_left,only_left
4967,gaze_zone/not_valid,not_valid,False,hands_on_wheel/only_left,only_left
4968,gaze_zone/not_valid,not_valid,False,hands_on_wheel/only_left,only_left
4969,gaze_zone/not_valid,not_valid,False,hands_on_wheel/only_left,only_left
4970,gaze_zone/not_valid,not_valid,False,hands_on_wheel/only_left,only_left
4971,gaze_zone/not_valid,not_valid,False,hands_on_wheel/only_left,only_left
4972,gaze_zone/not_valid,not_valid,True,hands_on_wheel/only_left,only_left
4973,gaze_zone/not_valid,not_valid,True,hands_on_wheel/only_left,only_left
4974,gaze_zone/not_valid,not_valid,True,hands_on_wheel/only_left,only_left
4975,gaze_zone/not_valid,not_valid,True,hands_on_wheel/only_left,only_left
4976,gaze_zone/not_valid,not_valid,True,hands_on_wheel/only_left,only_left
4977,gaze_zone/not_valid,not_valid,True,hands_on_wheel/only_left,only_left
4978,gaze_zone/not_valid,not_valid,True,hands_on_wheel/only_left,only_left
4979,gaze_zone/not_valid,not_valid,True,hands_on_wheel/only_left,only_left
4980,gaze_zone/not_valid,not_valid,True,hands_on_wheel/only_left,only_left
4981,gaze_zone/not_valid,not_valid,True,hands_on_wheel/only_left,only_left
4982,gaze_zone/not_valid,not_valid,True,hands_on_wheel/only_left,only_left
4983,gaze_zone/not_valid,not_valid,True,hands_on_wheel/only_left,only_left
4984,gaze_zone/not_valid,not_valid,False,hands_on_wheel/only_left,only_left
4985,gaze_zone/not_valid,not_valid,False,hands_on_wheel/only_left,only_left
4986,gaze_zone/not_valid,not_valid,False,hands_on_wheel/only_left,only_left
4987,gaze_zone/not_valid,not_valid,False,hands_on_wheel/only_left,only_left
4988,gaze_zone/not_valid,not_valid,False,hands_on_wheel/only_left,only_left
4989,gaze_zone/not_valid,not_valid,False,hands_on_wheel/only_left,only_left
4990,gaze_zone/not_valid,not_valid,False,hands_on_wheel/only_left,only_left
4991,gaze_zone/not_valid,not_valid,False,hands_on_wheel/only_left,only_left
4992,gaze_zone/not_valid,not_valid,False,hands_on_wheel/only_left,only_left
4993,gaze_zone/not_valid,not_valid,False,hands_on_wheel/only_left,only_left
4994,gaze_zone/not_valid,not_valid,False,hands_on_wheel/only_left,only_left
4995,gaze_zone/not_valid,not_valid,False,hands_on_wheel/only_left,only_left
4996,gaze_zone/not_valid,not_valid,True,hands_on_wheel/only_left,only_left
4997,gaze_zone/not_valid,not_valid,True,hands_on_wheel/only_left,only_left
4998,gaze_zone/not_valid,not_valid,True,hands_on_wheel/only_left,only_left
4999,gaze_zone/not_valid,not_valid,True,hands_on_wheel/only_left,only_left
5000,gaze_zone/not_valid,not_valid,True,hands_on_wheel/only_left,only_left
5001,gaze_zone/not_valid,not_valid,True,hands_on_wheel/only_left,only_left
5002,gaze_zone/not_valid,not_valid,True,hands_on_wheel/only_left,only_left
5003,gaze_zone/not_valid,not_valid,True,hands_on_wheel/only_left,only_left
5004,gaze_zone/not_valid,not_valid,False,hands_on_wheel/only_left,only_left
5005,gaze_zone/not_valid,not_valid,False,hands_on_wheel/only_left,only_left
5006,gaze_zone/not_valid,not_valid,False,hands_on_wheel/only_left,only_left
5007,gaze_zone/not_valid,not_valid,False,hands_on_wheel/only_left,only_left
5008,gaze_zone/not_valid,not_valid,False,hands_on_wheel/only_left,only_left
5009,gaze_zone/not_valid,not_valid,False,hands_on_wheel/only_left,only_left
5010,gaze_zone/not_valid,not_valid,True,hands_on_wheel/only_left,only_left
5011,gaze_zone/not_valid,not_valid,True,hands_on_wheel/only_left,only_left
5012,gaze_zone/not_valid,not_valid,True,hands_on_wheel/only_left,only_left
5013,gaze_zone/not_valid,not_valid,True,hands_on_wheel/only_left,only_left
5014,gaze_zone/not_valid,not_valid,True,hands_on_wheel/only_left,only_left
5015,gaze_zone/not_valid,not_valid,True,hands_on_wheel/only_left,only_left
5016,gaze_zone/not_valid,not_valid,True,hands_on_wheel/only_left,only_left
5017,gaze_zone/not_valid,not_valid,True,hands_on_wheel/only_left,only_left
5018,gaze_zone/not_valid,not_valid,True,hands_on_wheel/only_left,only_left
5019,gaze_zone/not_valid,not_valid,False,hands_on_wheel/only_left,only_left
5020,gaze_zone/not_valid,not_valid,False,hands_on_wheel/only_left,only_left
5021,gaze_zone/not_valid,not_valid,False,hands_on_wheel/only_left,only_left
5022,gaze_zone/not_valid,not_valid,False,hands_on_wheel/only_left,only_left
5023,gaze_zone/not_valid,not_valid,False,hands_on_wheel/only_left,only_left
5024,gaze_zone/not_valid,not_valid,False,hands_on_wheel/only_left,only_left
5025,gaze_zone/not_valid,not_valid,False,hands_on_wheel/only_left,only_left
5026,gaze_zone/not_valid,not_valid,False,hands_on_wheel/only_left,only_left
5027,gaze_zone/not_valid,not_valid,False,hands_on_wheel/only_left,only_left
5028,gaze_zone/not_valid,not_valid,False,hands_on_wheel/only_left,only_left
5029,gaze_zone/not_valid,not_valid,False,hands_on_wheel/only_left,only_left
5030,gaze_zone/not_valid,not_valid,False,hands_on_wheel/only_left,only_left
5031,gaze_zone/not_valid,not_valid,False,hands_on_wheel/only_left,only_left
5032,gaze_zone/not_valid,not_valid,False,hands_on_wheel/only_left,only_left
5033,gaze_zone/not_valid,not_valid,False,hands_on_wheel/only_left,only_left
5034,gaze_zone/not_valid,not_valid,False,hands_on_wheel/only_left,only_left
5035,gaze_zone/not_valid,not_valid,False,hands_on_wheel/only_left,only_left
5036,gaze_zone/not_valid,not_valid,False,hands_on_wheel/only_left,only_left
5037,gaze_zone/not_valid,not_valid,False,hands_on_wheel/only_left,only_left
5038,gaze_zone/not_valid,not_valid,True,hands_on_wheel/only_left,only_left
5039,gaze_zone/not_valid,not_valid,True,hands_on_wheel/only_left,only_left
5040,gaze_zone/not_valid,not_valid,True,hands_on_wheel/only_left,only_left
5041,gaze_zone/not_valid,not_valid,True,hands_on_wheel/only_left,only_left
5042,gaze_zone/not_valid,not_valid,True,hands_on_wheel/only_left,only_left
5043,gaze_zone/not_valid,not_valid,True,hands_on_wheel/only_left,only_left
5044,gaze_zone/not_valid,not_valid,True,hands_on_wheel/only_left,only_left
5045,gaze_zone/not_valid,not_valid,True,hands_on_wheel/only_left,only_left
5046,gaze_zone/not_valid,not_valid,True,hands_on_wheel/only_left,only_left
5047,gaze_zone/not_valid,not_valid,True,hands_on_wheel/only_left,only_left
5048,gaze_zone/not_valid,not_valid,True,hands_on_wheel/both_hands,both_hands
5049,gaze_zone/not_valid,not_valid,False,hands_on_wheel/both_hands,both_hands
5050,gaze_zone/not_valid,not_valid,False,hands_on_wheel/both_hands,both_hands
5051,gaze_zone/not_valid,not_valid,False,hands_on_wheel/both_hands,both_hands
5052,gaze_zone/not_valid,not_valid,False,hands_on_wheel/both_hands,both_hands
5053,gaze_zone/not_valid,not_valid,False,hands_on_wheel/both_hands,both_hands
5054,gaze_zone/not_valid,not_valid,False,hands_on_wheel/both_hands,both_hands
5055,gaze_zone/not_valid,not_valid,False,hands_on_wheel/both_hands,both_hands
5056,gaze_zone/not_valid,not_valid,False,hands_on_wheel/both_hands,both_hands
5057,gaze_zone/not_valid,not_valid,False,hands_on_wheel/both_hands,both_hands
5058,gaze_zone/not_valid,not_valid,False,hands_on_wheel/both_hands,both_hands
5059,gaze_zone/not_valid,not_valid,False,hands_on_wheel/both_hands,both_hands
5060,gaze_zone/not_valid,not_valid,False,hands_on_wheel/both_hands,both_hands
5061,gaze_zone/not_valid,not_valid,False,hands_on_wheel/both_hands,both_hands
5062,gaze_zone/not_valid,not_valid,True,hands_on_wheel/both_hands,both_hands
5063,gaze_zone/not_valid,not_valid,True,hands_on_wheel/both_hands,both_hands
5064,gaze_zone/not_valid,not_valid,True,hands_on_wheel/both_hands,both_hands
5065,gaze_zone/not_valid,not_valid,True,hands_on_wheel/both_hands,both_hands
5066,gaze_zone/not_valid,not_valid,True,hands_on_wheel/both_hands,both_hands
5067,gaze_zone/not_valid,not_valid,True,hands_on_wheel/both_hands,both_hands
5068,gaze_zone/not_valid,not_valid,True,hands_on_wheel/both_hands,both_hands
5069,gaze_zone/not_valid,not_valid,True,hands_on_wheel/both_hands,both_hands
5070,gaze_zone/not_valid,not_valid,True,hands_on_wheel/both_hands,both_hands
5071,gaze_zone/not_valid,not_valid,False,hands_on_wheel/both_hands,both_hands
5072,gaze_zone/not_valid,not_valid,False,hands_on_wheel/both_hands,both_hands
5073,gaze_zone/not_valid,not_valid,False,hands_on_wheel/both_hands,both_hands
5074,gaze_zone/not_valid,not_valid,False,hands_on_wheel/both_hands,both_hands
5075,gaze_zone/not_valid,not_valid,False,hands_on_wheel/both_hands,both_hands
5076,gaze_zone/not_valid,not_valid,True,hands_on_wheel/both_hands,both_hands
5077,gaze_zone/not_valid,not_valid,True,hands_on_wheel/both_hands,both_hands
5078,gaze_zone/not_valid,not_valid,True,hands_on_wheel/both_hands,both_hands
5079,gaze_zone/not_valid,not_valid,True,hands_on_wheel/both_hands,both_hands
5080,gaze_zone/not_valid,not_valid,True,hands_on_wheel/both_hands,both_hands
5081,gaze_zone/not_valid,not_valid,True,hands_on_wheel/both_hands,both_hands
5082,gaze_zone/not_valid,not_valid,True,hands_on_wheel/both_hands,both_hands
5083,gaze_zone/not_valid,not_valid,True,hands_on_wheel/both_hands,both_hands
5084,gaze_zone/not_valid,not_valid,True,hands_on_wheel/both_hands,both_hands
5085,gaze_zone/not_valid,not_valid,True,hands_on_wheel/both_hands,both_hands
5086,gaze_zone/not_valid,not_valid,False,hands_on_wheel/both_hands,both_hands
5087,gaze_zone/not_valid,not_valid,False,hands_on_wheel/both_hands,both_hands
5088,gaze_zone/not_valid,not_valid,False,hands_on_wheel/both_hands,both_hands
5089,gaze_zone/not_valid,not_valid,False,hands_on_wheel/both_hands,both_hands
5090,gaze_zone/not_valid,not_valid,False,hands_on_wheel/both_hands,both_hands
5091,gaze_zone/not_valid,not_valid,False,hands_on_wheel/both_hands,both_hands
5092,gaze_zone/not_valid,not_valid,False,hands_on_wheel/both_hands,both_hands
5093,gaze_zone/not_valid,not_valid,True,hands_on_wheel/both_hands,both_hands
5094,gaze_zone/not_valid,not_valid,True,hands_on_wheel/both_hands,both_hands
5095,gaze_zone/not_valid,not_valid,True,hands_on_wheel/both_hands,both_hands
5096,gaze_zone/not_valid,not_valid,True,hands_on_wheel/both_hands,both_hands
5097,gaze_zone/not_valid,not_valid,True,hands_on_wheel/both_hands,both_hands
5098,gaze_zone/not_valid,not_valid,True,hands_on_wheel/both_hands,both_hands
5099,gaze_zone/not_valid,not_valid,True,hands_on_wheel/both_hands,both_hands
5100,gaze_zone/not_valid,not_valid,True,hands_on_wheel/both_hands,both_hands
5101,gaze_zone/not_valid,not_valid,True,hands_on_wheel/both_hands,both_hands
5102,gaze_zone/not_valid,not_valid,True,hands_on_wheel/both_hands,both_hands
5103,gaze_zone/not_valid,not_valid,True,hands_on_wheel/both_hands,both_hands
5104,gaze_zone/not_valid,not_valid,False,hands_on_wheel/both_hands,both_hands
5105,gaze_zone/not_valid,not_valid,False,hands_on_wheel/both_hands,both_hands
5106,gaze_zone/not_valid,not_valid,False,hands_on_wheel/both_hands,both_hands
5107,gaze_zone/not_valid,not_valid,False,hands_on_wheel/both_hands,both_hands
5108,gaze_zone/not_valid,not_valid,False,hands_on_wheel/both_hands,both_hands
5109,gaze_zone/not_valid,not_valid,False,hands_on_wheel/both_hands,both_hands
5110,gaze_zone/not_valid,not_valid,False,hands_on_wheel/both_hands,both_hands
5111,gaze_zone/not_valid,not_valid,False,hands_on_wheel/both_hands,both_hands
5112,gaze_zone/not_valid,not_valid,False,hands_on_wheel/both_hands,both_hands
5113,gaze_zone/not_valid,not_valid,False,hands_on_wheel/none,none
5114,gaze_zone/not_valid,not_valid,False,hands_on_wheel/none,none
5115,gaze_zone/not_valid,not_valid,False,hands_on_wheel/none,none
5116,gaze_zone/not_valid,not_valid,False,hands_on_wheel/none,none
5117,gaze_zone/not_valid,not_valid,False,hands_on_wheel/none,none
5118,gaze_zone/not_valid,not_valid,False,hands_on_wheel/none,none
5119,gaze_zone/not_valid,not_valid,False,hands_on_wheel/none,none
5120,gaze_zone/not_valid,not_valid,False,hands_on_wheel/none,none
5121,gaze_zone/not_valid,not_valid,False,hands_on_wheel/none,none
5122,gaze_zone/not_valid,not_valid,False,hands_on_wheel/none,none
5123,gaze_zone/not_valid,not_valid,False,hands_on_wheel/none,none
5124,gaze_zone/not_valid,not_valid,False,hands_on_wheel/none,none
5125,gaze_zone/not_valid,not_valid,False,hands_on_wheel/none,none
5126,gaze_zone/not_valid,not_valid,False,hands_on_wheel/none,none
5127,gaze_zone/not_valid,not_valid,False,hands_on_wheel/none,none
5128,gaze_zone/not_valid,not_valid,True,hands_on_wheel/none,none
5129,gaze_zone/not_valid,not_valid,True,hands_on_wheel/none,none
5130,gaze_zone/not_valid,not_valid,True,hands_on_wheel/none,none
5131,gaze_zone/not_valid,not_valid,True,hands_on_wheel/none,none
5132,gaze_zone/not_valid,not_valid,True,hands_on_wheel/none,none
5133,gaze_zone/not_valid,not_valid,True,hands_on_wheel/none,none
5134,gaze_zone/not_valid,not_valid,True,hands_on_wheel/none,none
5135,gaze_zone/not_valid,not_valid,True,hands_on_wheel/none,none
5136,gaze_zone/not_valid,not_valid,True,hands_on_wheel/none,none
5137,gaze_zone/not_valid,not_valid,True,hands_on_wheel/none,none
5138,gaze_zone/not_valid,not_valid,True,hands_on_wheel/none,none
5139,gaze_zone/not_valid,not_valid,True,hands_on_wheel/none,none
5140,gaze_zone/not_valid,not_valid,True,hands_on_wheel/none,none
5141,gaze_zone/not_valid,not_valid,True,hands_on_wheel/none,none
5142,gaze_zone/not_valid,not_valid,True,hands_on_wheel/none,none
5143,gaze_zone/not_valid,not_valid,True,hands_on_wheel/none,none
5144,gaze_zone/not_valid,not_valid,True,hands_on_wheel/none,none
5145,gaze_zone/not_valid,not_valid,True,hands_on_wheel/none,none
5146,gaze_zone/not_valid,not_valid,True,hands_on_wheel/none,none
5147,gaze_zone/not_valid,not_valid,True,hands_on_wheel/none,none
5148,gaze_zone/not_valid,not_valid,True,hands_on_wheel/none,none
5149,gaze_zone/not_valid,not_valid,True,hands_on_wheel/none,none
5150,gaze_zone/not_valid,not_valid,True,hands_on_wheel/none,none
5151,gaze_zone/not_valid,not_valid,True,hands_on_wheel/none,none
5152,gaze_zone/not_valid,not_valid,True,hands_on_wheel/none,none
5153,gaze_zone/not_valid,not_valid,True,hands_on_wheel/none,none
5154,gaze_zone/not_valid,not_valid,True,hands_on_wheel/none,none
5155,gaze_zone/not_valid,not_valid,True,hands_on_wheel/none,none
5156,gaze_zone/not_valid,not_valid,True,hands_on_wheel/none,none
5157,gaze_zone/not_valid,not_valid,False,hands_on_wheel/none,none
5158,gaze_zone/not_valid,not_valid,False,hands_on_wheel/none,none
5159,gaze_zone/not_valid,not_valid,False,hands_on_wheel/none,none
5160,gaze_zone/not_valid,not_valid,False,hands_on_wheel/none,none
5161,gaze_zone/not_valid,not_valid,False,hands_on_wheel/none,none
5162,gaze_zone/not_valid,not_valid,False,hands_on_wheel/none,none
5163,gaze_zone/not_valid,not_valid,False,hands_on_wheel/none,none
5164,gaze_zone/not_valid,not_valid,False,hands_on_wheel/none,none
5165,gaze_zone/not_valid,not_valid,False,hands_on_wheel/none,none
5166,gaze_zone/not_valid,not_valid,False,hands_on_wheel/none,none
5167,gaze_zone/not_valid,not_valid,False,hands_on_wheel/none,none
5168,gaze_zone/not_valid,not_valid,False,hands_on_wheel/none,none
5169,gaze_zone/not_valid,not_valid,False,hands_on_wheel/none,none
5170,gaze_zone/not_valid,not_valid,False,hands_on_wheel/none,none
5171,gaze_zone/not_valid,not_valid,False,hands_on_wheel/none,none
5172,gaze_zone/not_valid,not_valid,False,hands_on_wheel/none,none
5173,gaze_zone/not_valid,not_valid,False,hands_on_wheel/none,none
5174,gaze_zone/not_valid,not_valid,False,hands_on_wheel/none,none
5175,gaze_zone/not_valid,not_valid,False,hands_on_wheel/none,none
5176,gaze_zone/not_valid,not_valid,True,hands_on_wheel/none,none
5177,gaze_zone/not_valid,not_valid,True,hands_on_wheel/none,none
5178,gaze_zone/not_valid,not_valid,True,hands_on_wheel/none,none
5179,gaze_zone/not_valid,not_valid,True,hands_on_wheel/none,none
5180,gaze_zone/not_valid,not_valid,True,hands_on_wheel/none,none
5181,gaze_zone/not_valid,not_valid,True,hands_on_wheel/none,none
5182,gaze_zone/not_valid,not_valid,True,hands_on_wheel/none,none
5183,gaze_zone/not_valid,not_valid,True,hands_on_wheel/none,none
5184,gaze_zone/not_valid,not_valid,True,hands_on_wheel/none,none
5185,gaze_zone/not_valid,not_valid,True,hands_on_wheel/none,none
5186,gaze_zone/not_valid,not_valid,False,hands_on_wheel/none,none
5187,gaze_zone/not_valid,not_valid,False,hands_on_wheel/none,none
5188,gaze_zone/not_valid,not_valid,False,hands_on_wheel/none,none
5189,gaze_zone/not_valid,not_valid,False,hands_on_wheel/none,none
5190,gaze_zone/not_valid,not_valid,False,hands_on_wheel/none,none
5191,gaze_zone/not_valid,not_valid,False,hands_on_wheel/none,none
5192,gaze_zone/not_valid,not_valid,False,hands_on_wheel/none,none
5193,gaze_zone/not_valid,not_valid,False,hands_on_wheel/none,none
5194,gaze_zone/not_valid,not_valid,False,hands_on_wheel/none,none
5195,gaze_zone/not_valid,not_valid,False,hands_on_wheel/none,none
5196,gaze_zone/not_valid,not_valid,False,hands_on_wheel/none,none
5197,gaze_zone/not_valid,not_valid,False,hands_on_wheel/none,none
5198,gaze_zone/not_valid,not_valid,True,hands_on_wheel/none,none
5199,gaze_zone/not_valid,not_valid,True,hands_on_wheel/none,none
5200,gaze_zone/not_valid,not_valid,True,hands_on_wheel/none,none
5201,gaze_zone/not_valid,not_valid,True,hands_on_wheel/none,none
5202,gaze_zone/not_valid,not_valid,True,hands_on_wheel/none,none
5203,gaze_zone/not_valid,not_valid,True,hands_on_wheel/none,none
5204,gaze_zone/not_valid,not_valid,True,hands_on_wheel/none,none
5205,gaze_zone/not_valid,not_valid,True,hands_on_wheel/none,none
5206,gaze_zone/not_valid,not_valid,True,hands_on_wheel/none,none
5207,gaze_zone/not_valid,not_valid,True,hands_on_wheel/none,none
5208,gaze_zone/not_valid,not_valid,False,hands_on_wheel/none,none
5209,gaze_zone/not_valid,not_valid,False,hands_on_wheel/both_hands,both_hands
5210,gaze_zone/not_valid,not_valid,False,hands_on_wheel/both_hands,both_hands
5211,gaze_zone/not_valid,not_valid,False,hands_on_wheel/both_hands,both_hands
5212,gaze_zone/not_valid,not_valid,False,hands_on_wheel/both_hands,both_hands
5213,gaze_zone/not_valid,not_valid,False,hands_on_wheel/both_hands,both_hands
5214,gaze_zone/not_valid,not_valid,False,hands_on_wheel/both_hands,both_hands
5215,gaze_zone/not_valid,not_valid,True,hands_on_wheel/both_hands,both_hands
5216,gaze_zone/not_valid,not_valid,True,hands_on_wheel/both_hands,both_hands
5217,gaze_zone/not_valid,not_valid,True,hands_on_wheel/both_hands,both_hands
5218,gaze_zone/not_valid,not_valid,True,hands_on_wheel/both_hands,both_hands
5219,gaze_zone/not_valid,not_valid,True,hands_on_wheel/both_hands,both_hands
5220,gaze_zone/not_valid,not_valid,True,hands_on_wheel/both_hands,both_hands
5221,gaze_zone/not_valid,not_valid,False,hands_on_wheel/both_hands,both_hands
5222,gaze_zone/not_valid,not_valid,False,hands_on_wheel/both_hands,both_hands
5223,gaze_zone/not_valid,not_valid,False,hands_on_wheel/both_hands,both_hands
5224,gaze_zone/not_valid,not_valid,True,hands_on_wheel/both_hands,both_hands
5225,gaze_zone/not_valid,not_valid,True,hands_on_wheel/both_hands,both_hands
5226,gaze_zone/not_valid,not_valid,True,hands_on_wheel/both_hands,both_hands
5227,gaze_zone/not_valid,not_valid,True,hands_on_wheel/both_hands,both_hands
5228,gaze_zone/not_valid,not_valid,True,hands_on_wheel/both_hands,both_hands
5229,gaze_zone/not_valid,not_valid,True,hands_on_wheel/both_hands,both_hands
5230,gaze_zone/not_valid,not_valid,True,hands_on_wheel/both_hands,both_hands
5231,gaze_zone/not_valid,not_valid,True,hands_on_wheel/both_hands,both_hands
5232,gaze_zone/not_valid,not_valid,True,hands_on_wheel/both_hands,both_hands
5233,gaze_zone/not_valid,not_valid,True,hands_on_wheel/both_hands,both_hands
5234,gaze_zone/not_valid,not_valid,True,hands_on_wheel/both_hands,both_hands
5235,gaze_zone/not_valid,not_valid,False,hands_on_wheel/both_hands,both_hands
5236,gaze_zone/not_valid,not_valid,False,hands_on_wheel/both_hands,both_hands
5237,gaze_zone/not_valid,not_valid,False,hands_on_wheel/both_hands,both_hands
5238,gaze_zone/not_valid,not_valid,False,hands_on_wheel/both_hands,both_hands
5239,gaze_zone/not_valid,not_valid,False,hands_on_wheel/both_hands,both_hands
5240,gaze_zone/not_valid,not_valid,False,hands_on_wheel/both_hands,both_hands
5241,gaze_zone/not_valid,not_valid,False,hands_on_wheel/both_hands,both_hands
5242,gaze_zone/not_valid,not_valid,False,hands_on_wheel/both_hands,both_hands
5243,gaze_zone/not_valid,not_valid,False,hands_on_wheel/both_hands,both_hands
5244,gaze_zone/not_valid,not_valid,False,hands_on_wheel/none,none
5245,gaze_zone/not_valid,not_valid,False,hands_on_wheel/none,none
5246,gaze_zone/not_valid,not_valid,False,hands_on_wheel/none,none
5247,gaze_zone/not_valid,not_valid,False,hands_on_wheel/none,none
5248,gaze_zone/not_valid,not_valid,False,hands_on_wheel/none,none
5249,gaze_zone/not_valid,not_valid,False,hands_on_wheel/none,none
5250,gaze_zone/not_valid,not_valid,False,hands_on_wheel/none,none
5251,gaze_zone/not_valid,not_valid,False,hands_on_wheel/none,none
5252,gaze_zone/not_valid,not_valid,False,hands_on_wheel/none,none
5253,gaze_zone/not_valid,not_valid,False,hands_on_wheel/none,none
5254,gaze_zone/not_valid,not_valid,False,hands_on_wheel/none,none
5255,gaze_zone/not_valid,not_valid,False,hands_on_wheel/none,none
5256,gaze_zone/not_valid,not_valid,False,hands_on_wheel/none,none
5257,gaze_zone/not_valid,not_valid,False,hands_on_wheel/none,none
5258,gaze_zone/not_valid,not_valid,False,hands_on_wheel/none,none
5259,gaze_zone/not_valid,not_valid,True,hands_on_wheel/none,none
5260,gaze_zone/not_valid,not_valid,True,hands_on_wheel/none,none
5261,gaze_zone/not_valid,not_valid,True,hands_on_wheel/none,none
5262,gaze_zone/not_valid,not_valid,True,hands_on_wheel/none,none
5263,gaze_zone/not_valid,not_valid,True,hands_on_wheel/none,none
5264,gaze_zone/not_valid,not_valid,True,hands_on_wheel/none,none
5265,gaze_zone/not_valid,not_valid,True,hands_on_wheel/none,none
5266,gaze_zone/not_valid,not_valid,True,hands_on_wheel/none,none
5267,gaze_zone/not_valid,not_valid,False,hands_on_wheel/none,none
5268,gaze_zone/not_valid,not_valid,False,hands_on_wheel/none,none
5269,gaze_zone/not_valid,not_valid,False,hands_on_wheel/none,none
5270,gaze_zone/not_valid,not_valid,False,hands_on_wheel/none,none
5271,gaze_zone/not_valid,not_valid,False,hands_on_wheel/none,none
5272,gaze_zone/not_valid,not_valid,True,hands_on_wheel/none,none
5273,gaze_zone/not_valid,not_valid,True,hands_on_wheel/none,none
5274,gaze_zone/not_valid,not_valid,True,hands_on_wheel/none,none
5275,gaze_zone/not_valid,not_valid,True,hands_on_wheel/none,none
5276,gaze_zone/not_valid,not_valid,True,hands_on_wheel/none,none
5277,gaze_zone/not_valid,not_valid,True,hands_on_wheel/none,none
5278,gaze_zone/not_valid,not_valid,True,hands_on_wheel/none,none
5279,gaze_zone/not_valid,not_valid,True,hands_on_wheel/none,none
5280,gaze_zone/not_valid,not_valid,False,hands_on_wheel/none,none
5281,gaze_zone/not_valid,not_valid,False,hands_on_wheel/none,none
5282,gaze_zone/not_valid,not_valid,False,hands_on_wheel/none,none
5283,gaze_zone/not_valid,not_valid,False,hands_on_wheel/none,none
5284,gaze_zone/not_valid,not_valid,False,hands_on_wheel/none,none
5285,gaze_zone/not_valid,not_valid,False,hands_on_wheel/none,none
5286,gaze_zone/not_valid,not_valid,False,hands_on_wheel/none,none
5287,gaze_zone/not_valid,not_valid,False,hands_on_wheel/none,none
5288,gaze_zone/not_valid,not_valid,False,hands_on_wheel/none,none
5289,gaze_zone/not_valid,not_valid,False,hands_on_wheel/none,none
5290,gaze_zone/not_valid,not_valid,False,hands_on_wheel/none,none
5291,gaze_zone/not_valid,not_valid,False,hands_on_wheel/none,none
5292,gaze_zone/not_valid,not_valid,False,hands_on_wheel/none,none
5293,gaze_zone/not_valid,not_valid,False,hands_on_wheel/none,none
5294,gaze_zone/not_valid,not_valid,False,hands_on_wheel/none,none
5295,gaze_zone/not_valid,not_valid,False,hands_on_wheel/none,none
5296,gaze_zone/not_valid,not_valid,False,hands_on_wheel/none,none
5297,gaze_zone/not_valid,not_valid,False,hands_on_wheel/none,none
5298,gaze_zone/not_valid,not_valid,False,hands_on_wheel/none,none
5299,gaze_zone/not_valid,not_valid,False,hands_on_wheel/none,none
5300,gaze_zone/not_valid,not_valid,False,hands_on_wheel/none,none
5301,gaze_zone/not_valid,not_valid,True,hands_on_wheel/none,none
5302,gaze_zone/not_valid,not_valid,True,hands_on_wheel/none,none
5303,gaze_zone/not_valid,not_valid,True,hands_on_wheel/none,none
5304,gaze_zone/not_valid,not_valid,True,hands_on_wheel/none,none
5305,gaze_zone/not_valid,not_valid,True,hands_on_wheel/none,none
5306,gaze_zone/not_valid,not_valid,True,hands_on_wheel/none,none
5307,gaze_zone/not_valid,not_valid,True,hands_on_wheel/none,none
5308,gaze_zone/not_valid,not_valid,True,hands_on_wheel/none,none
5309,gaze_zone/not_valid,not_valid,True,hands_on_wheel/none,none
5310,gaze_zone/not_valid,not_valid,True,hands_on_wheel/none,none
5311,gaze_zone/not_valid,not_valid,True,hands_on_wheel/none,none
5312,gaze_zone/not_valid,not_valid,True,hands_on_wheel/none,none
5313,gaze_zone/not_valid,not_valid,False,hands_on_wheel/none,none
5314,gaze_zone/not_valid,not_valid,False,hands_on_wheel/none,none
5315,gaze_zone/not_valid,not_valid,False,hands_on_wheel/none,none
5316,gaze_zone/not_valid,not_valid,False,hands_on_wheel/none,none
5317,gaze_zone/not_valid,not_valid,False,hands_on_wheel/none,none
5318,gaze_zone/not_valid,not_valid,False,hands_on_wheel/none,none
5319,gaze_zone/not_valid,not_valid,False,hands_on_wheel/none,none
5320,gaze_zone/not_valid,not_valid,False,unknown,unknown
5321,unknown,unknown,False,unknown,unknown
